mode,read_first,trial,phase,bytes,offset_mod_4096,advice_result,wall_ns,user_ns,sys_ns,minor_faults,peak_rss_kib,intersecting_anon_huge_kib
0,0,0,acquire,551157760,64,-1,188267434,35980000,152275000,134569,539188,0
0,0,0,first_write,551157760,64,-1,36263840,36246000,0,0,539488,0
0,0,0,rewrite,551157760,64,-1,36197841,36148000,48000,0,539488,0
0,0,0,drop,551157760,0,-1,33595983,934000,32660000,0,539488,0
1,0,0,acquire,551157760,0,-1,34391,31000,0,6,772,0
1,0,0,first_write,551157760,0,-1,226158936,11486000,213924000,678,539608,536576
1,0,0,rewrite,551157760,0,-1,28735823,28734000,0,0,539608,536576
1,0,0,drop,551157760,0,-1,1682726,1682000,0,0,539608,0
2,0,0,acquire,551157760,0,-1,17491,14000,0,2,772,0
2,0,0,first_write,551157760,0,-1,183215686,19621000,163575000,134560,539488,0
2,0,0,rewrite,551157760,0,-1,34893803,34893000,0,0,539488,0
2,0,0,drop,551157760,0,-1,33338592,697000,32639000,0,539488,0
3,0,0,acquire,551157760,0,0,18461,15000,0,2,772,0
3,0,0,first_write,551157760,0,0,45416121,18723000,26692000,678,539604,536576
3,0,0,rewrite,551157760,0,0,33493919,33492000,0,0,539604,536576
3,0,0,drop,551157760,0,0,1975809,1880000,96000,0,539604,0
0,1,0,acquire,551157760,64,-1,194581584,23734000,162797000,134569,538932,0
0,1,0,first_read,551157760,64,-1,57963449,55856000,2105000,0,539232,0
0,1,0,first_write,551157760,64,-1,35947250,35446000,500000,0,539232,0
0,1,0,rewrite,551157760,64,-1,35474149,35473000,0,0,539232,0
0,1,0,drop,551157760,0,-1,30617498,0,30616000,0,539232,0
1,1,0,acquire,551157760,0,-1,34282,31000,0,6,772,0
1,1,0,first_read,551157760,0,-1,54516753,54515000,0,678,1376,0
1,1,0,first_write,551157760,0,-1,207841947,24409000,182973000,678,539608,536576
1,1,0,rewrite,551157760,0,-1,28883180,28378000,486000,0,539608,536576
1,1,0,drop,551157760,0,-1,1626004,0,1625000,0,539608,0
2,1,0,acquire,551157760,0,-1,25821,22000,0,2,772,0
2,1,0,first_read,551157760,0,-1,118745580,86974000,31767000,134560,1376,0
2,1,0,first_write,551157760,0,-1,198035923,35133000,162883000,134560,539488,0
2,1,0,rewrite,551157760,0,-1,33411715,33411000,0,0,539488,0
2,1,0,drop,551157760,0,-1,28971804,0,28970000,0,539488,0
3,1,0,acquire,551157760,0,0,19471,17000,0,2,772,0
3,1,0,first_read,551157760,0,0,53873763,49702000,4169000,678,1376,0
3,1,0,first_write,551157760,0,0,38614551,10448000,28166000,678,539604,536576
3,1,0,rewrite,551157760,0,0,29879915,29878000,0,0,539604,536576
3,1,0,drop,551157760,0,0,1758070,0,1757000,0,539604,0
3,0,1,acquire,551157760,0,0,21541,17000,0,2,772,0
3,0,1,first_write,551157760,0,0,91496364,15568000,75925000,678,539604,536576
3,0,1,rewrite,551157760,0,0,29253887,28765000,473000,0,539604,536576
3,0,1,drop,551157760,0,0,1830963,1209000,620000,0,539604,0
2,0,1,acquire,551157760,0,-1,18350,15000,0,2,772,0
2,0,1,first_write,551157760,0,-1,172529895,27757000,144747000,134560,539488,0
2,0,1,rewrite,551157760,0,-1,32344907,32105000,237000,0,539488,0
2,0,1,drop,551157760,0,-1,34413251,1248000,33125000,0,539488,0
1,0,1,acquire,551157760,0,-1,38731,33000,0,6,772,0
1,0,1,first_write,551157760,0,-1,38343063,3461000,34880000,678,539608,536576
1,0,1,rewrite,551157760,0,-1,30172558,30171000,0,0,539608,536576
1,0,1,drop,551157760,0,-1,1709288,0,1709000,0,539608,0
0,0,1,acquire,551157760,64,-1,177991302,16082000,161897000,134569,539188,0
0,0,1,first_write,551157760,64,-1,44899717,44125000,775000,0,539488,0
0,0,1,rewrite,551157760,64,-1,33426897,33425000,0,0,539488,0
0,0,1,drop,551157760,0,-1,27287728,0,27246000,0,539488,0
3,1,1,acquire,551157760,0,0,20681,18000,0,2,772,0
3,1,1,first_read,551157760,0,0,58716403,54676000,0,678,1376,0
3,1,1,first_write,551157760,0,0,203776490,8445000,195321000,678,539604,536576
3,1,1,rewrite,551157760,0,0,29381243,28591000,789000,0,539604,536576
3,1,1,drop,551157760,0,0,1621224,1621000,0,0,539604,0
2,1,1,acquire,551157760,0,-1,26061,23000,0,2,772,0
2,1,1,first_read,551157760,0,-1,119488280,75522000,43960000,134560,1376,0
2,1,1,first_write,551157760,0,-1,196694331,22626000,174043000,134560,539488,0
2,1,1,rewrite,551157760,0,-1,41688421,41687000,0,0,539488,0
2,1,1,drop,551157760,0,-1,29661695,894000,28766000,0,539488,0
1,1,1,acquire,551157760,0,-1,35232,32000,0,6,772,0
1,1,1,first_read,551157760,0,-1,53621522,53620000,0,678,1376,0
1,1,1,first_write,551157760,0,-1,37101845,9312000,27790000,678,539608,536576
1,1,1,rewrite,551157760,0,-1,28877745,28877000,0,0,539608,536576
1,1,1,drop,551157760,0,-1,1517018,1336000,180000,0,539608,0
0,1,1,acquire,551157760,64,-1,175010653,7847000,167136000,134569,539188,0
0,1,1,first_read,551157760,64,-1,57299252,57298000,0,0,539488,0
0,1,1,first_write,551157760,64,-1,34182390,34162000,0,0,539488,0
0,1,1,rewrite,551157760,64,-1,32209132,32038000,170000,0,539488,0
0,1,1,drop,551157760,0,-1,28455038,259000,28194000,0,539488,0
0,0,2,acquire,551157760,64,-1,176916828,23516000,153392000,134569,539188,0
0,0,2,first_write,551157760,64,-1,43252670,43235000,0,0,539488,0
0,0,2,rewrite,551157760,64,-1,33707531,33706000,0,0,539488,0
0,0,2,drop,551157760,0,-1,27060255,0,27059000,0,539488,0
1,0,2,acquire,551157760,0,-1,28221,25000,0,6,772,0
1,0,2,first_write,551157760,0,-1,38810157,7510000,31300000,678,539608,536576
1,0,2,rewrite,551157760,0,-1,30312130,30310000,0,0,539608,536576
1,0,2,drop,551157760,0,-1,1709426,1520000,188000,0,539608,0
2,0,2,acquire,551157760,0,-1,15011,13000,0,2,772,0
2,0,2,first_write,551157760,0,-1,175365078,7661000,167697000,134560,539488,0
2,0,2,rewrite,551157760,0,-1,31961143,31822000,138000,0,539488,0
2,0,2,drop,551157760,0,-1,31913442,0,31912000,0,539488,0
3,0,2,acquire,551157760,0,0,17711,15000,0,2,772,0
3,0,2,first_write,551157760,0,0,189407840,31291000,158109000,678,539604,536576
3,0,2,rewrite,551157760,0,0,38993708,38991000,0,0,539604,536576
3,0,2,drop,551157760,0,0,1681685,0,1682000,0,539604,0
0,1,2,acquire,551157760,64,-1,181233070,11997000,169226000,134569,539188,0
0,1,2,first_read,551157760,64,-1,56227759,55880000,346000,0,539488,0
0,1,2,first_write,551157760,64,-1,33181425,33181000,0,0,539488,0
0,1,2,rewrite,551157760,64,-1,33056135,33054000,0,0,539488,0
0,1,2,drop,551157760,0,-1,31549938,0,31549000,0,539488,0
1,1,2,acquire,551157760,0,-1,29381,27000,0,6,772,0
1,1,2,first_read,551157760,0,-1,54452880,54451000,0,678,1376,0
1,1,2,first_write,551157760,0,-1,74021766,0,74019000,678,539608,536576
1,1,2,rewrite,551157760,0,-1,29415825,28788000,626000,0,539608,536576
1,1,2,drop,551157760,0,-1,1704185,0,1704000,0,539608,0
2,1,2,acquire,551157760,0,-1,15171,12000,0,2,772,0
2,1,2,first_read,551157760,0,-1,119753338,71707000,48025000,134560,1376,0
2,1,2,first_write,551157760,0,-1,240175593,7557000,232592000,134560,539488,0
2,1,2,rewrite,551157760,0,-1,33932349,32698000,1234000,0,539488,0
2,1,2,drop,551157760,0,-1,31100040,0,31099000,0,539488,0
3,1,2,acquire,551157760,0,0,17461,15000,0,2,772,0
3,1,2,first_read,551157760,0,0,54355458,54353000,0,678,1376,0
3,1,2,first_write,551157760,0,0,50548626,6178000,44369000,678,539604,536576
3,1,2,rewrite,551157760,0,0,28467694,28467000,0,0,539604,536576
3,1,2,drop,551157760,0,0,1569031,1570000,0,0,539604,0
3,0,3,acquire,551157760,0,0,17961,15000,0,2,772,0
3,0,3,first_write,551157760,0,0,37816319,3847000,33969000,678,539604,536576
3,0,3,rewrite,551157760,0,0,28841583,28840000,0,0,539604,536576
3,0,3,drop,551157760,0,0,1766718,1766000,0,0,539604,0
2,0,3,acquire,551157760,0,-1,20081,17000,0,2,772,0
2,0,3,first_write,551157760,0,-1,185675220,19432000,166186000,134560,539488,0
2,0,3,rewrite,551157760,0,-1,39107994,32950000,1857000,0,539488,0
2,0,3,drop,551157760,0,-1,33432314,669000,32762000,0,539488,0
1,0,3,acquire,551157760,0,-1,40751,0,38000,6,772,0
1,0,3,first_write,551157760,0,-1,192624454,3938000,188679000,678,539608,536576
1,0,3,rewrite,551157760,0,-1,29154745,28142000,1013000,0,539608,536576
1,0,3,drop,551157760,0,-1,1609112,1212000,396000,0,539608,0
0,0,3,acquire,551157760,64,-1,178933613,27746000,151176000,134569,539188,0
0,0,3,first_write,551157760,64,-1,35441107,35335000,106000,0,539488,0
0,0,3,rewrite,551157760,64,-1,33980121,33978000,0,0,539488,0
0,0,3,drop,551157760,0,-1,38010907,1142000,36869000,0,539488,0
3,1,3,acquire,551157760,0,0,18030,15000,0,2,772,0
3,1,3,first_read,551157760,0,0,54426231,54425000,0,678,1376,0
3,1,3,first_write,551157760,0,0,39039066,0,38958000,678,539604,536576
3,1,3,rewrite,551157760,0,0,29624973,29605000,0,0,539604,536576
3,1,3,drop,551157760,0,0,1637753,1637000,0,0,539604,0
2,1,3,acquire,551157760,0,-1,17741,14000,0,2,772,0
2,1,3,first_read,551157760,0,-1,117455862,58559000,58891000,134560,1376,0
2,1,3,first_write,551157760,0,-1,202218158,24835000,177361000,134560,539488,0
2,1,3,rewrite,551157760,0,-1,34835194,33079000,1757000,0,539488,0
2,1,3,drop,551157760,0,-1,31847429,0,31846000,0,539488,0
1,1,3,acquire,551157760,0,-1,30191,28000,0,6,772,0
1,1,3,first_read,551157760,0,-1,53871670,53849000,0,678,1376,0
1,1,3,first_write,551157760,0,-1,66357991,2148000,64208000,678,539608,536576
1,1,3,rewrite,551157760,0,-1,29221138,29220000,0,0,539608,536576
1,1,3,drop,551157760,0,-1,1791689,1792000,0,0,539608,0
0,1,3,acquire,551157760,64,-1,181099568,28063000,153024000,134569,539188,0
0,1,3,first_read,551157760,64,-1,57681330,55993000,1687000,0,539488,0
0,1,3,first_write,551157760,64,-1,34158464,32403000,1756000,0,539488,0
0,1,3,rewrite,551157760,64,-1,35325903,35311000,0,0,539488,0
0,1,3,drop,551157760,0,-1,30255008,0,30254000,0,539488,0
0,0,4,acquire,551157760,64,-1,226857015,8017000,218828000,134569,539188,0
0,0,4,first_write,551157760,64,-1,32670691,31959000,712000,0,539488,0
0,0,4,rewrite,551157760,64,-1,32684182,32330000,354000,0,539488,0
0,0,4,drop,551157760,0,-1,29274160,0,29261000,0,539488,0
1,0,4,acquire,551157760,0,-1,27621,25000,0,6,772,0
1,0,4,first_write,551157760,0,-1,193390817,15762000,177024000,678,539608,536576
1,0,4,rewrite,551157760,0,-1,29814940,29814000,0,0,539608,536576
1,0,4,drop,551157760,0,-1,1659474,0,1659000,0,539608,0
2,0,4,acquire,551157760,0,-1,16061,13000,0,2,772,0
2,0,4,first_write,551157760,0,-1,175888443,19695000,156186000,134560,539488,0
2,0,4,rewrite,551157760,0,-1,34896426,34857000,0,0,539488,0
2,0,4,drop,551157760,0,-1,35472248,0,35469000,0,539488,0
3,0,4,acquire,551157760,0,0,17621,15000,0,2,772,0
3,0,4,first_write,551157760,0,0,118640174,7579000,110703000,678,539604,536576
3,0,4,rewrite,551157760,0,0,29337232,28516000,819000,0,539604,536576
3,0,4,drop,551157760,0,0,1807410,0,1806000,0,539604,0
0,1,4,acquire,551157760,64,-1,182914319,19777000,163098000,134569,539188,0
0,1,4,first_read,551157760,64,-1,57106727,56269000,836000,0,539488,0
0,1,4,first_write,551157760,64,-1,32821947,32821000,0,0,539488,0
0,1,4,rewrite,551157760,64,-1,33146212,32579000,565000,0,539488,0
0,1,4,drop,551157760,0,-1,27504256,2037000,25467000,0,539488,0
1,1,4,acquire,551157760,0,-1,30101,27000,0,6,772,0
1,1,4,first_read,551157760,0,-1,54313891,54312000,0,678,1376,0
1,1,4,first_write,551157760,0,-1,111300628,14020000,97276000,678,539608,536576
1,1,4,rewrite,551157760,0,-1,28903466,28768000,134000,0,539608,536576
1,1,4,drop,551157760,0,-1,1555758,0,1555000,0,539608,0
2,1,4,acquire,551157760,0,-1,16320,14000,0,2,772,0
2,1,4,first_read,551157760,0,-1,119295084,63469000,55821000,134560,1376,0
2,1,4,first_write,551157760,0,-1,207651988,27706000,179937000,134560,539488,0
2,1,4,rewrite,551157760,0,-1,30610061,30608000,0,0,539488,0
2,1,4,drop,551157760,0,-1,24345508,155000,24189000,0,539488,0
3,1,4,acquire,551157760,0,0,20511,17000,0,2,772,0
3,1,4,first_read,551157760,0,0,54732013,50794000,3935000,678,1376,0
3,1,4,first_write,551157760,0,0,159462472,4323000,155134000,678,539604,536576
3,1,4,rewrite,551157760,0,0,29160194,29171000,0,0,539604,536576
3,1,4,drop,551157760,0,0,1769397,0,1768000,0,539604,0
