arm,run,input_bytes,encoded_bytes,kind,case,trial,calls,output_bytes,ns_per_call
baseline,0,0,0,0,0,0,30000,0,17.35
baseline,0,0,0,0,0,1,30000,0,16.96
baseline,0,0,0,0,0,2,30000,0,15.89
baseline,0,0,0,0,0,3,30000,0,16.26
baseline,0,0,0,0,0,4,30000,0,15.72
baseline,0,0,0,0,0,5,30000,0,15.46
baseline,0,0,0,0,0,6,30000,0,15.83
baseline,0,0,0,1,0,0,30000,0,16.05
baseline,0,0,0,1,0,1,30000,0,16.26
baseline,0,0,0,1,0,2,30000,0,16.82
baseline,0,0,0,1,0,3,30000,0,15.14
baseline,0,0,0,1,0,4,30000,0,15.80
baseline,0,0,0,1,0,5,30000,0,15.33
baseline,0,0,0,1,0,6,30000,0,15.17
baseline,0,1,4,0,0,0,30000,30000,26.90
baseline,0,1,4,0,0,1,30000,30000,26.78
baseline,0,1,4,0,0,2,30000,30000,26.82
baseline,0,1,4,0,0,3,30000,30000,27.84
baseline,0,1,4,0,0,4,30000,30000,27.11
baseline,0,1,4,0,0,5,30000,30000,27.45
baseline,0,1,4,0,0,6,30000,30000,26.97
baseline,0,1,2,1,0,0,30000,30000,26.36
baseline,0,1,2,1,0,1,30000,30000,25.93
baseline,0,1,2,1,0,2,30000,30000,25.79
baseline,0,1,2,1,0,3,30000,30000,25.77
baseline,0,1,2,1,0,4,30000,30000,26.06
baseline,0,1,2,1,0,5,30000,30000,25.92
baseline,0,1,2,1,0,6,30000,30000,25.77
baseline,0,2,4,0,0,0,30000,60000,26.87
baseline,0,2,4,0,0,1,30000,60000,26.76
baseline,0,2,4,0,0,2,30000,60000,27.06
baseline,0,2,4,0,0,3,30000,60000,26.59
baseline,0,2,4,0,0,4,30000,60000,26.67
baseline,0,2,4,0,0,5,30000,60000,26.82
baseline,0,2,4,0,0,6,30000,60000,26.79
baseline,0,2,3,1,0,0,30000,60000,26.47
baseline,0,2,3,1,0,1,30000,60000,26.60
baseline,0,2,3,1,0,2,30000,60000,26.51
baseline,0,2,3,1,0,3,30000,60000,26.28
baseline,0,2,3,1,0,4,30000,60000,26.25
baseline,0,2,3,1,0,5,30000,60000,26.48
baseline,0,2,3,1,0,6,30000,60000,26.47
baseline,0,3,4,0,0,0,30000,90000,25.99
baseline,0,3,4,0,0,1,30000,90000,25.92
baseline,0,3,4,0,0,2,30000,90000,25.84
baseline,0,3,4,0,0,3,30000,90000,25.85
baseline,0,3,4,0,0,4,30000,90000,25.85
baseline,0,3,4,0,0,5,30000,90000,25.86
baseline,0,3,4,0,0,6,30000,90000,26.00
baseline,0,3,4,1,0,0,30000,90000,25.84
baseline,0,3,4,1,0,1,30000,90000,25.87
baseline,0,3,4,1,0,2,30000,90000,25.81
baseline,0,3,4,1,0,3,30000,90000,25.84
baseline,0,3,4,1,0,4,30000,90000,26.13
baseline,0,3,4,1,0,5,30000,90000,26.06
baseline,0,3,4,1,0,6,30000,90000,26.20
baseline,0,8,12,0,0,0,30000,240000,29.35
baseline,0,8,12,0,0,1,30000,240000,29.32
baseline,0,8,12,0,0,2,30000,240000,29.52
baseline,0,8,12,0,0,3,30000,240000,29.32
baseline,0,8,12,0,0,4,30000,240000,29.34
baseline,0,8,12,0,0,5,30000,240000,29.33
baseline,0,8,12,0,0,6,30000,240000,29.82
baseline,0,8,11,1,0,0,30000,240000,29.00
baseline,0,8,11,1,0,1,30000,240000,29.19
baseline,0,8,11,1,0,2,30000,240000,29.05
baseline,0,8,11,1,0,3,30000,240000,29.39
baseline,0,8,11,1,0,4,30000,240000,29.45
baseline,0,8,11,1,0,5,30000,240000,29.20
baseline,0,8,11,1,0,6,30000,240000,29.06
baseline,0,31,44,0,0,0,30000,930000,41.52
baseline,0,31,44,0,0,1,30000,930000,41.43
baseline,0,31,44,0,0,2,30000,930000,41.41
baseline,0,31,44,0,0,3,30000,930000,41.53
baseline,0,31,44,0,0,4,30000,930000,41.57
baseline,0,31,44,0,0,5,30000,930000,41.31
baseline,0,31,44,0,0,6,30000,930000,41.98
baseline,0,31,42,1,0,0,30000,930000,41.12
baseline,0,31,42,1,0,1,30000,930000,40.87
baseline,0,31,42,1,0,2,30000,930000,42.67
baseline,0,31,42,1,0,3,30000,930000,41.46
baseline,0,31,42,1,0,4,30000,930000,41.53
baseline,0,31,42,1,0,5,30000,930000,41.30
baseline,0,31,42,1,0,6,30000,930000,41.26
baseline,0,32,44,0,0,0,30000,960000,42.38
baseline,0,32,44,0,0,1,30000,960000,42.25
baseline,0,32,44,0,0,2,30000,960000,42.57
baseline,0,32,44,0,0,3,30000,960000,42.50
baseline,0,32,44,0,0,4,30000,960000,42.68
baseline,0,32,44,0,0,5,30000,960000,43.49
baseline,0,32,44,0,0,6,30000,960000,42.67
baseline,0,32,43,1,0,0,30000,960000,42.83
baseline,0,32,43,1,0,1,30000,960000,42.10
baseline,0,32,43,1,0,2,30000,960000,42.97
baseline,0,32,43,1,0,3,30000,960000,42.36
baseline,0,32,43,1,0,4,30000,960000,43.37
baseline,0,32,43,1,0,5,30000,960000,43.50
baseline,0,32,43,1,0,6,30000,960000,42.96
baseline,0,1024,1368,0,0,0,1533,1569792,492.80
baseline,0,1024,1368,0,0,1,1533,1569792,495.90
baseline,0,1024,1368,0,0,2,1533,1569792,499.40
baseline,0,1024,1368,0,0,3,1533,1569792,495.08
baseline,0,1024,1368,0,0,4,1533,1569792,498.37
baseline,0,1024,1368,0,0,5,1533,1569792,500.08
baseline,0,1024,1368,0,0,6,1533,1569792,486.63
baseline,0,1024,1368,0,1,0,30000,0,4.24
baseline,0,1024,1368,0,1,1,30000,0,4.21
baseline,0,1024,1368,0,1,2,30000,0,4.28
baseline,0,1024,1368,0,1,3,30000,0,4.31
baseline,0,1024,1368,0,1,4,30000,0,4.34
baseline,0,1024,1368,0,1,5,30000,0,4.34
baseline,0,1024,1368,0,1,6,30000,0,4.28
baseline,0,1024,1368,0,2,0,10000,0,13.57
baseline,0,1024,1368,0,2,1,10000,0,13.80
baseline,0,1024,1368,0,2,2,10000,0,12.21
baseline,0,1024,1368,0,2,3,10000,0,12.02
baseline,0,1024,1368,0,2,4,10000,0,12.26
baseline,0,1024,1368,0,2,5,10000,0,11.91
baseline,0,1024,1368,0,2,6,10000,0,13.65
baseline,0,1024,1368,0,3,0,30000,0,479.04
baseline,0,1024,1368,0,3,1,30000,0,478.83
baseline,0,1024,1368,0,3,2,30000,0,461.49
baseline,0,1024,1368,0,3,3,30000,0,458.83
baseline,0,1024,1368,0,3,4,30000,0,457.29
baseline,0,1024,1368,0,3,5,30000,0,457.81
baseline,0,1024,1368,0,3,6,30000,0,456.78
baseline,0,1024,1366,1,0,0,1535,1571840,471.28
baseline,0,1024,1366,1,0,1,1535,1571840,468.10
baseline,0,1024,1366,1,0,2,1535,1571840,468.62
baseline,0,1024,1366,1,0,3,1535,1571840,470.79
baseline,0,1024,1366,1,0,4,1535,1571840,472.04
baseline,0,1024,1366,1,0,5,1535,1571840,468.35
baseline,0,1024,1366,1,0,6,1535,1571840,474.02
baseline,0,1024,1366,1,1,0,30000,0,4.46
baseline,0,1024,1366,1,1,1,30000,0,4.46
baseline,0,1024,1366,1,1,2,30000,0,4.46
baseline,0,1024,1366,1,1,3,30000,0,4.49
baseline,0,1024,1366,1,1,4,30000,0,4.48
baseline,0,1024,1366,1,1,5,30000,0,4.45
baseline,0,1024,1366,1,1,6,30000,0,4.45
baseline,0,1024,1366,1,2,0,10000,0,462.75
baseline,0,1024,1366,1,2,1,10000,0,462.87
baseline,0,1024,1366,1,2,2,10000,0,461.52
baseline,0,1024,1366,1,2,3,10000,0,466.62
baseline,0,1024,1366,1,2,4,10000,0,461.89
baseline,0,1024,1366,1,2,5,10000,0,461.91
baseline,0,1024,1366,1,2,6,10000,0,464.75
baseline,0,1024,1366,1,3,0,30000,0,457.36
baseline,0,1024,1366,1,3,1,30000,0,455.48
baseline,0,1024,1366,1,3,2,30000,0,456.19
baseline,0,1024,1366,1,3,3,30000,0,455.51
baseline,0,1024,1366,1,3,4,30000,0,456.50
baseline,0,1024,1366,1,3,5,30000,0,455.02
baseline,0,1024,1366,1,3,6,30000,0,455.50
baseline,0,65536,87384,0,0,0,32,2097152,31834.62
baseline,0,65536,87384,0,0,1,32,2097152,31937.50
baseline,0,65536,87384,0,0,2,32,2097152,32307.31
baseline,0,65536,87384,0,0,3,32,2097152,33996.09
baseline,0,65536,87384,0,0,4,32,2097152,31390.62
baseline,0,65536,87384,0,0,5,32,2097152,31787.75
baseline,0,65536,87384,0,0,6,32,2097152,31093.75
baseline,0,65536,87384,0,1,0,30000,0,4.22
baseline,0,65536,87384,0,1,1,30000,0,4.43
baseline,0,65536,87384,0,1,2,30000,0,4.37
baseline,0,65536,87384,0,1,3,30000,0,4.39
baseline,0,65536,87384,0,1,4,30000,0,4.32
baseline,0,65536,87384,0,1,5,30000,0,4.47
baseline,0,65536,87384,0,1,6,30000,0,4.30
baseline,0,65536,87384,0,2,0,10000,0,12.55
baseline,0,65536,87384,0,2,1,10000,0,12.40
baseline,0,65536,87384,0,2,2,10000,0,13.83
baseline,0,65536,87384,0,2,3,10000,0,13.74
baseline,0,65536,87384,0,2,4,10000,0,13.61
baseline,0,65536,87384,0,2,5,10000,0,13.97
baseline,0,65536,87384,0,2,6,10000,0,12.31
baseline,0,65536,87384,0,3,0,30000,0,28009.30
baseline,0,65536,87384,0,3,1,30000,0,28188.10
baseline,0,65536,87384,0,3,2,30000,0,28356.48
baseline,0,65536,87384,0,3,3,30000,0,28111.78
baseline,0,65536,87384,0,3,4,30000,0,28014.27
baseline,0,65536,87384,0,3,5,30000,0,28151.78
baseline,0,65536,87384,0,3,6,30000,0,28068.37
baseline,0,65536,87382,1,0,0,32,2097152,30282.56
baseline,0,65536,87382,1,0,1,32,2097152,29944.00
baseline,0,65536,87382,1,0,2,32,2097152,29858.06
baseline,0,65536,87382,1,0,3,32,2097152,30165.38
baseline,0,65536,87382,1,0,4,32,2097152,29901.06
baseline,0,65536,87382,1,0,5,32,2097152,30295.56
baseline,0,65536,87382,1,0,6,32,2097152,30070.31
baseline,0,65536,87382,1,1,0,30000,0,4.46
baseline,0,65536,87382,1,1,1,30000,0,4.46
baseline,0,65536,87382,1,1,2,30000,0,4.45
baseline,0,65536,87382,1,1,3,30000,0,4.46
baseline,0,65536,87382,1,1,4,30000,0,4.46
baseline,0,65536,87382,1,1,5,30000,0,4.46
baseline,0,65536,87382,1,1,6,30000,0,4.49
baseline,0,65536,87382,1,2,0,10000,0,30280.24
baseline,0,65536,87382,1,2,1,10000,0,30253.68
baseline,0,65536,87382,1,2,2,10000,0,30275.90
baseline,0,65536,87382,1,2,3,10000,0,30263.37
baseline,0,65536,87382,1,2,4,10000,0,30253.44
baseline,0,65536,87382,1,2,5,10000,0,30226.56
baseline,0,65536,87382,1,2,6,10000,0,30229.16
baseline,0,65536,87382,1,3,0,30000,0,27973.07
baseline,0,65536,87382,1,3,1,30000,0,28018.19
baseline,0,65536,87382,1,3,2,30000,0,27974.67
baseline,0,65536,87382,1,3,3,30000,0,28010.73
baseline,0,65536,87382,1,3,4,30000,0,28083.94
baseline,0,65536,87382,1,3,5,30000,0,27924.92
baseline,0,65536,87382,1,3,6,30000,0,27938.57
candidate,1,0,0,0,0,0,30000,0,15.37
candidate,1,0,0,0,0,1,30000,0,14.98
candidate,1,0,0,0,0,2,30000,0,15.04
candidate,1,0,0,0,0,3,30000,0,14.96
candidate,1,0,0,0,0,4,30000,0,15.00
candidate,1,0,0,0,0,5,30000,0,15.01
candidate,1,0,0,0,0,6,30000,0,14.98
candidate,1,0,0,1,0,0,30000,0,14.99
candidate,1,0,0,1,0,1,30000,0,15.01
candidate,1,0,0,1,0,2,30000,0,14.98
candidate,1,0,0,1,0,3,30000,0,14.96
candidate,1,0,0,1,0,4,30000,0,15.00
candidate,1,0,0,1,0,5,30000,0,14.95
candidate,1,0,0,1,0,6,30000,0,14.97
candidate,1,1,4,0,0,0,30000,30000,26.61
candidate,1,1,4,0,0,1,30000,30000,26.51
candidate,1,1,4,0,0,2,30000,30000,26.50
candidate,1,1,4,0,0,3,30000,30000,26.54
candidate,1,1,4,0,0,4,30000,30000,26.58
candidate,1,1,4,0,0,5,30000,30000,26.48
candidate,1,1,4,0,0,6,30000,30000,26.75
candidate,1,1,2,1,0,0,30000,30000,25.59
candidate,1,1,2,1,0,1,30000,30000,25.56
candidate,1,1,2,1,0,2,30000,30000,25.57
candidate,1,1,2,1,0,3,30000,30000,25.55
candidate,1,1,2,1,0,4,30000,30000,25.56
candidate,1,1,2,1,0,5,30000,30000,25.56
candidate,1,1,2,1,0,6,30000,30000,25.57
candidate,1,2,4,0,0,0,30000,60000,26.30
candidate,1,2,4,0,0,1,30000,60000,26.79
candidate,1,2,4,0,0,2,30000,60000,26.32
candidate,1,2,4,0,0,3,30000,60000,26.22
candidate,1,2,4,0,0,4,30000,60000,26.23
candidate,1,2,4,0,0,5,30000,60000,26.23
candidate,1,2,4,0,0,6,30000,60000,26.65
candidate,1,2,3,1,0,0,30000,60000,26.12
candidate,1,2,3,1,0,1,30000,60000,26.12
candidate,1,2,3,1,0,2,30000,60000,26.10
candidate,1,2,3,1,0,3,30000,60000,26.12
candidate,1,2,3,1,0,4,30000,60000,26.20
candidate,1,2,3,1,0,5,30000,60000,26.13
candidate,1,2,3,1,0,6,30000,60000,26.11
candidate,1,3,4,0,0,0,30000,90000,25.85
candidate,1,3,4,0,0,1,30000,90000,25.81
candidate,1,3,4,0,0,2,30000,90000,25.81
candidate,1,3,4,0,0,3,30000,90000,26.00
candidate,1,3,4,0,0,4,30000,90000,25.82
candidate,1,3,4,0,0,5,30000,90000,25.78
candidate,1,3,4,0,0,6,30000,90000,26.05
candidate,1,3,4,1,0,0,30000,90000,25.81
candidate,1,3,4,1,0,1,30000,90000,25.81
candidate,1,3,4,1,0,2,30000,90000,25.78
candidate,1,3,4,1,0,3,30000,90000,25.80
candidate,1,3,4,1,0,4,30000,90000,25.79
candidate,1,3,4,1,0,5,30000,90000,25.79
candidate,1,3,4,1,0,6,30000,90000,25.85
candidate,1,8,12,0,0,0,30000,240000,29.03
candidate,1,8,12,0,0,1,30000,240000,29.00
candidate,1,8,12,0,0,2,30000,240000,29.05
candidate,1,8,12,0,0,3,30000,240000,29.03
candidate,1,8,12,0,0,4,30000,240000,29.17
candidate,1,8,12,0,0,5,30000,240000,29.26
candidate,1,8,12,0,0,6,30000,240000,29.08
candidate,1,8,11,1,0,0,30000,240000,28.94
candidate,1,8,11,1,0,1,30000,240000,28.97
candidate,1,8,11,1,0,2,30000,240000,28.97
candidate,1,8,11,1,0,3,30000,240000,28.95
candidate,1,8,11,1,0,4,30000,240000,29.03
candidate,1,8,11,1,0,5,30000,240000,28.95
candidate,1,8,11,1,0,6,30000,240000,28.99
candidate,1,31,44,0,0,0,30000,930000,40.99
candidate,1,31,44,0,0,1,30000,930000,40.92
candidate,1,31,44,0,0,2,30000,930000,41.17
candidate,1,31,44,0,0,3,30000,930000,41.10
candidate,1,31,44,0,0,4,30000,930000,41.05
candidate,1,31,44,0,0,5,30000,930000,40.87
candidate,1,31,44,0,0,6,30000,930000,40.99
candidate,1,31,42,1,0,0,30000,930000,39.95
candidate,1,31,42,1,0,1,30000,930000,39.94
candidate,1,31,42,1,0,2,30000,930000,40.01
candidate,1,31,42,1,0,3,30000,930000,39.99
candidate,1,31,42,1,0,4,30000,930000,40.00
candidate,1,31,42,1,0,5,30000,930000,40.52
candidate,1,31,42,1,0,6,30000,930000,40.98
candidate,1,32,44,0,0,0,30000,960000,45.40
candidate,1,32,44,0,0,1,30000,960000,45.47
candidate,1,32,44,0,0,2,30000,960000,42.09
candidate,1,32,44,0,0,3,30000,960000,41.69
candidate,1,32,44,0,0,4,30000,960000,41.15
candidate,1,32,44,0,0,5,30000,960000,41.18
candidate,1,32,44,0,0,6,30000,960000,41.08
candidate,1,32,43,1,0,0,30000,960000,40.53
candidate,1,32,43,1,0,1,30000,960000,40.80
candidate,1,32,43,1,0,2,30000,960000,40.57
candidate,1,32,43,1,0,3,30000,960000,40.30
candidate,1,32,43,1,0,4,30000,960000,40.33
candidate,1,32,43,1,0,5,30000,960000,40.57
candidate,1,32,43,1,0,6,30000,960000,40.29
candidate,1,1024,1368,0,0,0,1533,1569792,470.94
candidate,1,1024,1368,0,0,1,1533,1569792,469.50
candidate,1,1024,1368,0,0,2,1533,1569792,469.40
candidate,1,1024,1368,0,0,3,1533,1569792,476.27
candidate,1,1024,1368,0,0,4,1533,1569792,471.16
candidate,1,1024,1368,0,0,5,1533,1569792,469.50
candidate,1,1024,1368,0,0,6,1533,1569792,472.22
candidate,1,1024,1368,0,1,0,30000,0,4.14
candidate,1,1024,1368,0,1,1,30000,0,4.16
candidate,1,1024,1368,0,1,2,30000,0,4.14
candidate,1,1024,1368,0,1,3,30000,0,4.14
candidate,1,1024,1368,0,1,4,30000,0,4.15
candidate,1,1024,1368,0,1,5,30000,0,4.14
candidate,1,1024,1368,0,1,6,30000,0,4.15
candidate,1,1024,1368,0,2,0,10000,0,12.17
candidate,1,1024,1368,0,2,1,10000,0,12.63
candidate,1,1024,1368,0,2,2,10000,0,12.72
candidate,1,1024,1368,0,2,3,10000,0,12.62
candidate,1,1024,1368,0,2,4,10000,0,12.13
candidate,1,1024,1368,0,2,5,10000,0,11.97
candidate,1,1024,1368,0,2,6,10000,0,12.65
candidate,1,1024,1368,0,3,0,30000,0,4.99
candidate,1,1024,1368,0,3,1,30000,0,4.98
candidate,1,1024,1368,0,3,2,30000,0,4.98
candidate,1,1024,1368,0,3,3,30000,0,5.15
candidate,1,1024,1368,0,3,4,30000,0,4.94
candidate,1,1024,1368,0,3,5,30000,0,4.93
candidate,1,1024,1368,0,3,6,30000,0,4.78
candidate,1,1024,1366,1,0,0,1535,1571840,468.46
candidate,1,1024,1366,1,0,1,1535,1571840,469.06
candidate,1,1024,1366,1,0,2,1535,1571840,468.19
candidate,1,1024,1366,1,0,3,1535,1571840,468.40
candidate,1,1024,1366,1,0,4,1535,1571840,468.65
candidate,1,1024,1366,1,0,5,1535,1571840,469.79
candidate,1,1024,1366,1,0,6,1535,1571840,470.63
candidate,1,1024,1366,1,1,0,30000,0,4.54
candidate,1,1024,1366,1,1,1,30000,0,4.45
candidate,1,1024,1366,1,1,2,30000,0,4.68
candidate,1,1024,1366,1,1,3,30000,0,4.48
candidate,1,1024,1366,1,1,4,30000,0,4.48
candidate,1,1024,1366,1,1,5,30000,0,4.45
candidate,1,1024,1366,1,1,6,30000,0,4.45
candidate,1,1024,1366,1,2,0,10000,0,461.41
candidate,1,1024,1366,1,2,1,10000,0,460.40
candidate,1,1024,1366,1,2,2,10000,0,461.71
candidate,1,1024,1366,1,2,3,10000,0,504.95
candidate,1,1024,1366,1,2,4,10000,0,464.37
candidate,1,1024,1366,1,2,5,10000,0,462.79
candidate,1,1024,1366,1,2,6,10000,0,463.27
candidate,1,1024,1366,1,3,0,30000,0,4.82
candidate,1,1024,1366,1,3,1,30000,0,4.82
candidate,1,1024,1366,1,3,2,30000,0,4.83
candidate,1,1024,1366,1,3,3,30000,0,4.86
candidate,1,1024,1366,1,3,4,30000,0,4.82
candidate,1,1024,1366,1,3,5,30000,0,4.82
candidate,1,1024,1366,1,3,6,30000,0,4.82
candidate,1,65536,87384,0,0,0,32,2097152,29919.28
candidate,1,65536,87384,0,0,1,32,2097152,30037.78
candidate,1,65536,87384,0,0,2,32,2097152,29868.50
candidate,1,65536,87384,0,0,3,32,2097152,29830.72
candidate,1,65536,87384,0,0,4,32,2097152,29959.62
candidate,1,65536,87384,0,0,5,32,2097152,30042.97
candidate,1,65536,87384,0,0,6,32,2097152,29931.00
candidate,1,65536,87384,0,1,0,30000,0,4.14
candidate,1,65536,87384,0,1,1,30000,0,4.16
candidate,1,65536,87384,0,1,2,30000,0,4.14
candidate,1,65536,87384,0,1,3,30000,0,4.14
candidate,1,65536,87384,0,1,4,30000,0,4.13
candidate,1,65536,87384,0,1,5,30000,0,4.17
candidate,1,65536,87384,0,1,6,30000,0,4.14
candidate,1,65536,87384,0,2,0,10000,0,11.41
candidate,1,65536,87384,0,2,1,10000,0,11.83
candidate,1,65536,87384,0,2,2,10000,0,11.93
candidate,1,65536,87384,0,2,3,10000,0,11.98
candidate,1,65536,87384,0,2,4,10000,0,11.84
candidate,1,65536,87384,0,2,5,10000,0,12.07
candidate,1,65536,87384,0,2,6,10000,0,12.42
candidate,1,65536,87384,0,3,0,30000,0,4.79
candidate,1,65536,87384,0,3,1,30000,0,4.80
candidate,1,65536,87384,0,3,2,30000,0,4.80
candidate,1,65536,87384,0,3,3,30000,0,4.85
candidate,1,65536,87384,0,3,4,30000,0,4.79
candidate,1,65536,87384,0,3,5,30000,0,5.25
candidate,1,65536,87384,0,3,6,30000,0,4.80
candidate,1,65536,87382,1,0,0,32,2097152,29457.03
candidate,1,65536,87382,1,0,1,32,2097152,29533.84
candidate,1,65536,87382,1,0,2,32,2097152,29645.81
candidate,1,65536,87382,1,0,3,32,2097152,29565.09
candidate,1,65536,87382,1,0,4,32,2097152,29540.34
candidate,1,65536,87382,1,0,5,32,2097152,29486.97
candidate,1,65536,87382,1,0,6,32,2097152,29643.22
candidate,1,65536,87382,1,1,0,30000,0,4.49
candidate,1,65536,87382,1,1,1,30000,0,4.46
candidate,1,65536,87382,1,1,2,30000,0,4.46
candidate,1,65536,87382,1,1,3,30000,0,4.45
candidate,1,65536,87382,1,1,4,30000,0,4.46
candidate,1,65536,87382,1,1,5,30000,0,4.51
candidate,1,65536,87382,1,1,6,30000,0,4.54
candidate,1,65536,87382,1,2,0,10000,0,29586.58
candidate,1,65536,87382,1,2,1,10000,0,29573.25
candidate,1,65536,87382,1,2,2,10000,0,29945.78
candidate,1,65536,87382,1,2,3,10000,0,29751.78
candidate,1,65536,87382,1,2,4,10000,0,29849.45
candidate,1,65536,87382,1,2,5,10000,0,29570.47
candidate,1,65536,87382,1,2,6,10000,0,29673.13
candidate,1,65536,87382,1,3,0,30000,0,4.81
candidate,1,65536,87382,1,3,1,30000,0,4.84
candidate,1,65536,87382,1,3,2,30000,0,4.81
candidate,1,65536,87382,1,3,3,30000,0,4.89
candidate,1,65536,87382,1,3,4,30000,0,4.83
candidate,1,65536,87382,1,3,5,30000,0,4.81
candidate,1,65536,87382,1,3,6,30000,0,4.82
candidate,2,0,0,0,0,0,30000,0,15.47
candidate,2,0,0,0,0,1,30000,0,15.18
candidate,2,0,0,0,0,2,30000,0,15.01
candidate,2,0,0,0,0,3,30000,0,14.95
candidate,2,0,0,0,0,4,30000,0,14.98
candidate,2,0,0,0,0,5,30000,0,14.96
candidate,2,0,0,0,0,6,30000,0,14.96
candidate,2,0,0,1,0,0,30000,0,14.98
candidate,2,0,0,1,0,1,30000,0,14.95
candidate,2,0,0,1,0,2,30000,0,15.15
candidate,2,0,0,1,0,3,30000,0,15.16
candidate,2,0,0,1,0,4,30000,0,14.99
candidate,2,0,0,1,0,5,30000,0,14.96
candidate,2,0,0,1,0,6,30000,0,14.99
candidate,2,1,4,0,0,0,30000,30000,26.50
candidate,2,1,4,0,0,1,30000,30000,26.55
candidate,2,1,4,0,0,2,30000,30000,26.74
candidate,2,1,4,0,0,3,30000,30000,26.54
candidate,2,1,4,0,0,4,30000,30000,26.63
candidate,2,1,4,0,0,5,30000,30000,26.69
candidate,2,1,4,0,0,6,30000,30000,26.83
candidate,2,1,2,1,0,0,30000,30000,25.57
candidate,2,1,2,1,0,1,30000,30000,25.57
candidate,2,1,2,1,0,2,30000,30000,25.54
candidate,2,1,2,1,0,3,30000,30000,25.56
candidate,2,1,2,1,0,4,30000,30000,25.88
candidate,2,1,2,1,0,5,30000,30000,25.59
candidate,2,1,2,1,0,6,30000,30000,25.57
candidate,2,2,4,0,0,0,30000,60000,26.29
candidate,2,2,4,0,0,1,30000,60000,26.24
candidate,2,2,4,0,0,2,30000,60000,26.49
candidate,2,2,4,0,0,3,30000,60000,26.34
candidate,2,2,4,0,0,4,30000,60000,26.25
candidate,2,2,4,0,0,5,30000,60000,26.23
candidate,2,2,4,0,0,6,30000,60000,26.50
candidate,2,2,3,1,0,0,30000,60000,26.29
candidate,2,2,3,1,0,1,30000,60000,26.42
candidate,2,2,3,1,0,2,30000,60000,26.14
candidate,2,2,3,1,0,3,30000,60000,26.12
candidate,2,2,3,1,0,4,30000,60000,26.27
candidate,2,2,3,1,0,5,30000,60000,26.32
candidate,2,2,3,1,0,6,30000,60000,26.16
candidate,2,3,4,0,0,0,30000,90000,25.78
candidate,2,3,4,0,0,1,30000,90000,25.81
candidate,2,3,4,0,0,2,30000,90000,26.14
candidate,2,3,4,0,0,3,30000,90000,25.84
candidate,2,3,4,0,0,4,30000,90000,25.83
candidate,2,3,4,0,0,5,30000,90000,25.80
candidate,2,3,4,0,0,6,30000,90000,25.81
candidate,2,3,4,1,0,0,30000,90000,25.80
candidate,2,3,4,1,0,1,30000,90000,26.55
candidate,2,3,4,1,0,2,30000,90000,25.93
candidate,2,3,4,1,0,3,30000,90000,25.94
candidate,2,3,4,1,0,4,30000,90000,25.81
candidate,2,3,4,1,0,5,30000,90000,26.22
candidate,2,3,4,1,0,6,30000,90000,25.81
candidate,2,8,12,0,0,0,30000,240000,29.11
candidate,2,8,12,0,0,1,30000,240000,29.07
candidate,2,8,12,0,0,2,30000,240000,29.07
candidate,2,8,12,0,0,3,30000,240000,29.33
candidate,2,8,12,0,0,4,30000,240000,29.04
candidate,2,8,12,0,0,5,30000,240000,29.05
candidate,2,8,12,0,0,6,30000,240000,29.27
candidate,2,8,11,1,0,0,30000,240000,28.96
candidate,2,8,11,1,0,1,30000,240000,28.94
candidate,2,8,11,1,0,2,30000,240000,28.97
candidate,2,8,11,1,0,3,30000,240000,28.95
candidate,2,8,11,1,0,4,30000,240000,29.71
candidate,2,8,11,1,0,5,30000,240000,29.16
candidate,2,8,11,1,0,6,30000,240000,28.96
candidate,2,31,44,0,0,0,30000,930000,41.48
candidate,2,31,44,0,0,1,30000,930000,41.34
candidate,2,31,44,0,0,2,30000,930000,41.29
candidate,2,31,44,0,0,3,30000,930000,41.55
candidate,2,31,44,0,0,4,30000,930000,41.39
candidate,2,31,44,0,0,5,30000,930000,41.34
candidate,2,31,44,0,0,6,30000,930000,41.58
candidate,2,31,42,1,0,0,30000,930000,40.85
candidate,2,31,42,1,0,1,30000,930000,40.50
candidate,2,31,42,1,0,2,30000,930000,40.57
candidate,2,31,42,1,0,3,30000,930000,40.43
candidate,2,31,42,1,0,4,30000,930000,40.43
candidate,2,31,42,1,0,5,30000,930000,40.68
candidate,2,31,42,1,0,6,30000,930000,40.48
candidate,2,32,44,0,0,0,30000,960000,41.58
candidate,2,32,44,0,0,1,30000,960000,41.70
candidate,2,32,44,0,0,2,30000,960000,42.34
candidate,2,32,44,0,0,3,30000,960000,41.02
candidate,2,32,44,0,0,4,30000,960000,41.31
candidate,2,32,44,0,0,5,30000,960000,41.14
candidate,2,32,44,0,0,6,30000,960000,41.06
candidate,2,32,43,1,0,0,30000,960000,40.89
candidate,2,32,43,1,0,1,30000,960000,40.75
candidate,2,32,43,1,0,2,30000,960000,40.48
candidate,2,32,43,1,0,3,30000,960000,41.07
candidate,2,32,43,1,0,4,30000,960000,40.86
candidate,2,32,43,1,0,5,30000,960000,40.68
candidate,2,32,43,1,0,6,30000,960000,40.71
candidate,2,1024,1368,0,0,0,1533,1569792,470.32
candidate,2,1024,1368,0,0,1,1533,1569792,470.51
candidate,2,1024,1368,0,0,2,1533,1569792,468.85
candidate,2,1024,1368,0,0,3,1533,1569792,469.37
candidate,2,1024,1368,0,0,4,1533,1569792,473.91
candidate,2,1024,1368,0,0,5,1533,1569792,471.95
candidate,2,1024,1368,0,0,6,1533,1569792,473.72
candidate,2,1024,1368,0,1,0,30000,0,4.19
candidate,2,1024,1368,0,1,1,30000,0,4.21
candidate,2,1024,1368,0,1,2,30000,0,4.19
candidate,2,1024,1368,0,1,3,30000,0,4.19
candidate,2,1024,1368,0,1,4,30000,0,4.19
candidate,2,1024,1368,0,1,5,30000,0,4.28
candidate,2,1024,1368,0,1,6,30000,0,4.20
candidate,2,1024,1368,0,2,0,10000,0,11.85
candidate,2,1024,1368,0,2,1,10000,0,12.16
candidate,2,1024,1368,0,2,2,10000,0,11.99
candidate,2,1024,1368,0,2,3,10000,0,11.20
candidate,2,1024,1368,0,2,4,10000,0,11.76
candidate,2,1024,1368,0,2,5,10000,0,11.97
candidate,2,1024,1368,0,2,6,10000,0,11.79
candidate,2,1024,1368,0,3,0,30000,0,4.87
candidate,2,1024,1368,0,3,1,30000,0,4.88
candidate,2,1024,1368,0,3,2,30000,0,4.89
candidate,2,1024,1368,0,3,3,30000,0,5.04
candidate,2,1024,1368,0,3,4,30000,0,4.89
candidate,2,1024,1368,0,3,5,30000,0,4.88
candidate,2,1024,1368,0,3,6,30000,0,5.03
candidate,2,1024,1366,1,0,0,1535,1571840,480.27
candidate,2,1024,1366,1,0,1,1535,1571840,477.85
candidate,2,1024,1366,1,0,2,1535,1571840,479.99
candidate,2,1024,1366,1,0,3,1535,1571840,480.40
candidate,2,1024,1366,1,0,4,1535,1571840,481.00
candidate,2,1024,1366,1,0,5,1535,1571840,477.58
candidate,2,1024,1366,1,0,6,1535,1571840,477.47
candidate,2,1024,1366,1,1,0,30000,0,4.53
candidate,2,1024,1366,1,1,1,30000,0,4.53
candidate,2,1024,1366,1,1,2,30000,0,4.55
candidate,2,1024,1366,1,1,3,30000,0,4.53
candidate,2,1024,1366,1,1,4,30000,0,4.56
candidate,2,1024,1366,1,1,5,30000,0,4.54
candidate,2,1024,1366,1,1,6,30000,0,4.52
candidate,2,1024,1366,1,2,0,10000,0,473.22
candidate,2,1024,1366,1,2,1,10000,0,472.20
candidate,2,1024,1366,1,2,2,10000,0,472.17
candidate,2,1024,1366,1,2,3,10000,0,473.45
candidate,2,1024,1366,1,2,4,10000,0,473.11
candidate,2,1024,1366,1,2,5,10000,0,472.94
candidate,2,1024,1366,1,2,6,10000,0,464.25
candidate,2,1024,1366,1,3,0,30000,0,4.83
candidate,2,1024,1366,1,3,1,30000,0,5.07
candidate,2,1024,1366,1,3,2,30000,0,4.82
candidate,2,1024,1366,1,3,3,30000,0,4.83
candidate,2,1024,1366,1,3,4,30000,0,4.86
candidate,2,1024,1366,1,3,5,30000,0,4.85
candidate,2,1024,1366,1,3,6,30000,0,4.81
candidate,2,65536,87384,0,0,0,32,2097152,30083.31
candidate,2,65536,87384,0,0,1,32,2097152,29984.38
candidate,2,65536,87384,0,0,2,32,2097152,30240.88
candidate,2,65536,87384,0,0,3,32,2097152,30190.09
candidate,2,65536,87384,0,0,4,32,2097152,30182.31
candidate,2,65536,87384,0,0,5,32,2097152,29947.91
candidate,2,65536,87384,0,0,6,32,2097152,30128.91
candidate,2,65536,87384,0,1,0,30000,0,4.13
candidate,2,65536,87384,0,1,1,30000,0,4.17
candidate,2,65536,87384,0,1,2,30000,0,4.14
candidate,2,65536,87384,0,1,3,30000,0,4.13
candidate,2,65536,87384,0,1,4,30000,0,4.14
candidate,2,65536,87384,0,1,5,30000,0,4.19
candidate,2,65536,87384,0,1,6,30000,0,4.13
candidate,2,65536,87384,0,2,0,10000,0,12.58
candidate,2,65536,87384,0,2,1,10000,0,12.65
candidate,2,65536,87384,0,2,2,10000,0,12.42
candidate,2,65536,87384,0,2,3,10000,0,12.18
candidate,2,65536,87384,0,2,4,10000,0,12.18
candidate,2,65536,87384,0,2,5,10000,0,12.14
candidate,2,65536,87384,0,2,6,10000,0,12.20
candidate,2,65536,87384,0,3,0,30000,0,4.80
candidate,2,65536,87384,0,3,1,30000,0,4.80
candidate,2,65536,87384,0,3,2,30000,0,4.84
candidate,2,65536,87384,0,3,3,30000,0,4.79
candidate,2,65536,87384,0,3,4,30000,0,4.79
candidate,2,65536,87384,0,3,5,30000,0,4.79
candidate,2,65536,87384,0,3,6,30000,0,4.92
candidate,2,65536,87382,1,0,0,32,2097152,29691.41
candidate,2,65536,87382,1,0,1,32,2097152,29544.28
candidate,2,65536,87382,1,0,2,32,2097152,29527.34
candidate,2,65536,87382,1,0,3,32,2097152,29820.31
candidate,2,65536,87382,1,0,4,32,2097152,29626.28
candidate,2,65536,87382,1,0,5,32,2097152,29888.03
candidate,2,65536,87382,1,0,6,32,2097152,29763.03
candidate,2,65536,87382,1,1,0,30000,0,4.46
candidate,2,65536,87382,1,1,1,30000,0,4.46
candidate,2,65536,87382,1,1,2,30000,0,4.46
candidate,2,65536,87382,1,1,3,30000,0,4.45
candidate,2,65536,87382,1,1,4,30000,0,4.64
candidate,2,65536,87382,1,1,5,30000,0,4.45
candidate,2,65536,87382,1,1,6,30000,0,4.45
candidate,2,65536,87382,1,2,0,10000,0,29426.88
candidate,2,65536,87382,1,2,1,10000,0,29772.87
candidate,2,65536,87382,1,2,2,10000,0,29767.26
candidate,2,65536,87382,1,2,3,10000,0,29865.73
candidate,2,65536,87382,1,2,4,10000,0,30050.91
candidate,2,65536,87382,1,2,5,10000,0,29701.04
candidate,2,65536,87382,1,2,6,10000,0,29639.02
candidate,2,65536,87382,1,3,0,30000,0,4.78
candidate,2,65536,87382,1,3,1,30000,0,4.83
candidate,2,65536,87382,1,3,2,30000,0,4.79
candidate,2,65536,87382,1,3,3,30000,0,4.83
candidate,2,65536,87382,1,3,4,30000,0,4.82
candidate,2,65536,87382,1,3,5,30000,0,4.82
candidate,2,65536,87382,1,3,6,30000,0,4.81
baseline,3,0,0,0,0,0,30000,0,15.24
baseline,3,0,0,0,0,1,30000,0,14.95
baseline,3,0,0,0,0,2,30000,0,14.98
baseline,3,0,0,0,0,3,30000,0,14.95
baseline,3,0,0,0,0,4,30000,0,14.97
baseline,3,0,0,0,0,5,30000,0,14.95
baseline,3,0,0,0,0,6,30000,0,14.95
baseline,3,0,0,1,0,0,30000,0,14.97
baseline,3,0,0,1,0,1,30000,0,14.95
baseline,3,0,0,1,0,2,30000,0,15.20
baseline,3,0,0,1,0,3,30000,0,14.95
baseline,3,0,0,1,0,4,30000,0,14.98
baseline,3,0,0,1,0,5,30000,0,14.95
baseline,3,0,0,1,0,6,30000,0,14.97
baseline,3,1,4,0,0,0,30000,30000,26.70
baseline,3,1,4,0,0,1,30000,30000,26.96
baseline,3,1,4,0,0,2,30000,30000,26.90
baseline,3,1,4,0,0,3,30000,30000,26.96
baseline,3,1,4,0,0,4,30000,30000,26.83
baseline,3,1,4,0,0,5,30000,30000,26.82
baseline,3,1,4,0,0,6,30000,30000,26.86
baseline,3,1,2,1,0,0,30000,30000,25.77
baseline,3,1,2,1,0,1,30000,30000,25.79
baseline,3,1,2,1,0,2,30000,30000,25.87
baseline,3,1,2,1,0,3,30000,30000,25.77
baseline,3,1,2,1,0,4,30000,30000,25.99
baseline,3,1,2,1,0,5,30000,30000,26.02
baseline,3,1,2,1,0,6,30000,30000,25.83
baseline,3,2,4,0,0,0,30000,60000,26.63
baseline,3,2,4,0,0,1,30000,60000,26.65
baseline,3,2,4,0,0,2,30000,60000,27.06
baseline,3,2,4,0,0,3,30000,60000,27.01
baseline,3,2,4,0,0,4,30000,60000,26.92
baseline,3,2,4,0,0,5,30000,60000,26.63
baseline,3,2,4,0,0,6,30000,60000,26.80
baseline,3,2,3,1,0,0,30000,60000,26.41
baseline,3,2,3,1,0,1,30000,60000,26.28
baseline,3,2,3,1,0,2,30000,60000,26.27
baseline,3,2,3,1,0,3,30000,60000,26.24
baseline,3,2,3,1,0,4,30000,60000,26.27
baseline,3,2,3,1,0,5,30000,60000,26.49
baseline,3,2,3,1,0,6,30000,60000,26.28
baseline,3,3,4,0,0,0,30000,90000,25.88
baseline,3,3,4,0,0,1,30000,90000,25.94
baseline,3,3,4,0,0,2,30000,90000,26.10
baseline,3,3,4,0,0,3,30000,90000,25.89
baseline,3,3,4,0,0,4,30000,90000,25.88
baseline,3,3,4,0,0,5,30000,90000,26.00
baseline,3,3,4,0,0,6,30000,90000,25.94
baseline,3,3,4,1,0,0,30000,90000,26.47
baseline,3,3,4,1,0,1,30000,90000,26.07
baseline,3,3,4,1,0,2,30000,90000,25.94
baseline,3,3,4,1,0,3,30000,90000,25.92
baseline,3,3,4,1,0,4,30000,90000,26.09
baseline,3,3,4,1,0,5,30000,90000,25.95
baseline,3,3,4,1,0,6,30000,90000,25.94
baseline,3,8,12,0,0,0,30000,240000,29.49
baseline,3,8,12,0,0,1,30000,240000,29.40
baseline,3,8,12,0,0,2,30000,240000,29.63
baseline,3,8,12,0,0,3,30000,240000,29.43
baseline,3,8,12,0,0,4,30000,240000,29.36
baseline,3,8,12,0,0,5,30000,240000,29.67
baseline,3,8,12,0,0,6,30000,240000,29.58
baseline,3,8,11,1,0,0,30000,240000,29.64
baseline,3,8,11,1,0,1,30000,240000,29.60
baseline,3,8,11,1,0,2,30000,240000,29.44
baseline,3,8,11,1,0,3,30000,240000,29.24
baseline,3,8,11,1,0,4,30000,240000,29.17
baseline,3,8,11,1,0,5,30000,240000,29.25
baseline,3,8,11,1,0,6,30000,240000,29.10
baseline,3,31,44,0,0,0,30000,930000,42.24
baseline,3,31,44,0,0,1,30000,930000,42.50
baseline,3,31,44,0,0,2,30000,930000,41.97
baseline,3,31,44,0,0,3,30000,930000,42.64
baseline,3,31,44,0,0,4,30000,930000,42.26
baseline,3,31,44,0,0,5,30000,930000,42.57
baseline,3,31,44,0,0,6,30000,930000,42.38
baseline,3,31,42,1,0,0,30000,930000,40.99
baseline,3,31,42,1,0,1,30000,930000,41.05
baseline,3,31,42,1,0,2,30000,930000,41.27
baseline,3,31,42,1,0,3,30000,930000,41.05
baseline,3,31,42,1,0,4,30000,930000,41.51
baseline,3,31,42,1,0,5,30000,930000,41.57
baseline,3,31,42,1,0,6,30000,930000,41.15
baseline,3,32,44,0,0,0,30000,960000,42.05
baseline,3,32,44,0,0,1,30000,960000,42.17
baseline,3,32,44,0,0,2,30000,960000,42.14
baseline,3,32,44,0,0,3,30000,960000,41.99
baseline,3,32,44,0,0,4,30000,960000,41.95
baseline,3,32,44,0,0,5,30000,960000,42.03
baseline,3,32,44,0,0,6,30000,960000,42.08
baseline,3,32,43,1,0,0,30000,960000,42.38
baseline,3,32,43,1,0,1,30000,960000,42.34
baseline,3,32,43,1,0,2,30000,960000,41.99
baseline,3,32,43,1,0,3,30000,960000,42.13
baseline,3,32,43,1,0,4,30000,960000,42.78
baseline,3,32,43,1,0,5,30000,960000,42.97
baseline,3,32,43,1,0,6,30000,960000,42.90
baseline,3,1024,1368,0,0,0,1533,1569792,472.96
baseline,3,1024,1368,0,0,1,1533,1569792,470.40
baseline,3,1024,1368,0,0,2,1533,1569792,470.10
baseline,3,1024,1368,0,0,3,1533,1569792,471.43
baseline,3,1024,1368,0,0,4,1533,1569792,470.37
baseline,3,1024,1368,0,0,5,1533,1569792,476.95
baseline,3,1024,1368,0,0,6,1533,1569792,469.97
baseline,3,1024,1368,0,1,0,30000,0,4.17
baseline,3,1024,1368,0,1,1,30000,0,4.14
baseline,3,1024,1368,0,1,2,30000,0,4.28
baseline,3,1024,1368,0,1,3,30000,0,4.14
baseline,3,1024,1368,0,1,4,30000,0,4.14
baseline,3,1024,1368,0,1,5,30000,0,4.14
baseline,3,1024,1368,0,1,6,30000,0,4.14
baseline,3,1024,1368,0,2,0,10000,0,13.15
baseline,3,1024,1368,0,2,1,10000,0,13.27
baseline,3,1024,1368,0,2,2,10000,0,13.27
baseline,3,1024,1368,0,2,3,10000,0,11.99
baseline,3,1024,1368,0,2,4,10000,0,11.88
baseline,3,1024,1368,0,2,5,10000,0,11.79
baseline,3,1024,1368,0,2,6,10000,0,11.88
baseline,3,1024,1368,0,3,0,30000,0,456.42
baseline,3,1024,1368,0,3,1,30000,0,463.58
baseline,3,1024,1368,0,3,2,30000,0,459.24
baseline,3,1024,1368,0,3,3,30000,0,455.73
baseline,3,1024,1368,0,3,4,30000,0,457.39
baseline,3,1024,1368,0,3,5,30000,0,462.28
baseline,3,1024,1368,0,3,6,30000,0,458.15
baseline,3,1024,1366,1,0,0,1535,1571840,468.30
baseline,3,1024,1366,1,0,1,1535,1571840,469.06
baseline,3,1024,1366,1,0,2,1535,1571840,468.81
baseline,3,1024,1366,1,0,3,1535,1571840,468.81
baseline,3,1024,1366,1,0,4,1535,1571840,470.55
baseline,3,1024,1366,1,0,5,1535,1571840,471.09
baseline,3,1024,1366,1,0,6,1535,1571840,469.73
baseline,3,1024,1366,1,1,0,30000,0,4.46
baseline,3,1024,1366,1,1,1,30000,0,4.48
baseline,3,1024,1366,1,1,2,30000,0,4.63
baseline,3,1024,1366,1,1,3,30000,0,4.46
baseline,3,1024,1366,1,1,4,30000,0,4.51
baseline,3,1024,1366,1,1,5,30000,0,4.68
baseline,3,1024,1366,1,1,6,30000,0,4.47
baseline,3,1024,1366,1,2,0,10000,0,463.30
baseline,3,1024,1366,1,2,1,10000,0,461.54
baseline,3,1024,1366,1,2,2,10000,0,462.72
baseline,3,1024,1366,1,2,3,10000,0,462.06
baseline,3,1024,1366,1,2,4,10000,0,462.14
baseline,3,1024,1366,1,2,5,10000,0,461.90
baseline,3,1024,1366,1,2,6,10000,0,465.05
baseline,3,1024,1366,1,3,0,30000,0,455.40
baseline,3,1024,1366,1,3,1,30000,0,455.07
baseline,3,1024,1366,1,3,2,30000,0,455.04
baseline,3,1024,1366,1,3,3,30000,0,455.14
baseline,3,1024,1366,1,3,4,30000,0,456.39
baseline,3,1024,1366,1,3,5,30000,0,454.28
baseline,3,1024,1366,1,3,6,30000,0,454.35
baseline,3,65536,87384,0,0,0,32,2097152,29631.53
baseline,3,65536,87384,0,0,1,32,2097152,29639.31
baseline,3,65536,87384,0,0,2,32,2097152,29563.78
baseline,3,65536,87384,0,0,3,32,2097152,29701.81
baseline,3,65536,87384,0,0,4,32,2097152,29683.59
baseline,3,65536,87384,0,0,5,32,2097152,29753.91
baseline,3,65536,87384,0,0,6,32,2097152,29601.56
baseline,3,65536,87384,0,1,0,30000,0,4.15
baseline,3,65536,87384,0,1,1,30000,0,4.15
baseline,3,65536,87384,0,1,2,30000,0,4.14
baseline,3,65536,87384,0,1,3,30000,0,4.14
baseline,3,65536,87384,0,1,4,30000,0,4.14
baseline,3,65536,87384,0,1,5,30000,0,4.15
baseline,3,65536,87384,0,1,6,30000,0,4.14
baseline,3,65536,87384,0,2,0,10000,0,11.75
baseline,3,65536,87384,0,2,1,10000,0,13.03
baseline,3,65536,87384,0,2,2,10000,0,11.47
baseline,3,65536,87384,0,2,3,10000,0,11.64
baseline,3,65536,87384,0,2,4,10000,0,11.54
baseline,3,65536,87384,0,2,5,10000,0,11.59
baseline,3,65536,87384,0,2,6,10000,0,11.67
baseline,3,65536,87384,0,3,0,30000,0,28094.10
baseline,3,65536,87384,0,3,1,30000,0,28308.72
baseline,3,65536,87384,0,3,2,30000,0,28013.49
baseline,3,65536,87384,0,3,3,30000,0,27984.57
baseline,3,65536,87384,0,3,4,30000,0,27979.37
baseline,3,65536,87384,0,3,5,30000,0,28021.44
baseline,3,65536,87384,0,3,6,30000,0,28001.43
baseline,3,65536,87382,1,0,0,32,2097152,29660.16
baseline,3,65536,87382,1,0,1,32,2097152,29567.72
baseline,3,65536,87382,1,0,2,32,2097152,29601.56
baseline,3,65536,87382,1,0,3,32,2097152,29617.19
baseline,3,65536,87382,1,0,4,32,2097152,29619.81
baseline,3,65536,87382,1,0,5,32,2097152,29794.28
baseline,3,65536,87382,1,0,6,32,2097152,29692.72
baseline,3,65536,87382,1,1,0,30000,0,4.49
baseline,3,65536,87382,1,1,1,30000,0,4.46
baseline,3,65536,87382,1,1,2,30000,0,4.46
baseline,3,65536,87382,1,1,3,30000,0,4.46
baseline,3,65536,87382,1,1,4,30000,0,4.46
baseline,3,65536,87382,1,1,5,30000,0,4.46
baseline,3,65536,87382,1,1,6,30000,0,4.46
baseline,3,65536,87382,1,2,0,10000,0,29864.44
baseline,3,65536,87382,1,2,1,10000,0,29825.95
baseline,3,65536,87382,1,2,2,10000,0,29966.41
baseline,3,65536,87382,1,2,3,10000,0,29871.42
baseline,3,65536,87382,1,2,4,10000,0,29966.62
baseline,3,65536,87382,1,2,5,10000,0,29891.98
baseline,3,65536,87382,1,2,6,10000,0,30097.92
baseline,3,65536,87382,1,3,0,30000,0,28068.44
baseline,3,65536,87382,1,3,1,30000,0,27984.97
baseline,3,65536,87382,1,3,2,30000,0,28075.33
baseline,3,65536,87382,1,3,3,30000,0,28009.17
baseline,3,65536,87382,1,3,4,30000,0,27963.61
baseline,3,65536,87382,1,3,5,30000,0,27922.11
baseline,3,65536,87382,1,3,6,30000,0,27972.04
