block,revision,pattern,body_bytes,rows,input_bytes,trial,calls,output_rows,ns_per_call
1,baseline,plain,0,1,26,0,33337,33337,1480.43
1,baseline,plain,0,1,26,1,33337,33337,1496.72
1,baseline,plain,0,1,26,2,33337,33337,1499.57
1,baseline,plain,0,1,26,3,33337,33337,1543.42
1,baseline,plain,0,1,26,4,33337,33337,1565.17
1,baseline,plain,0,1,26,5,33337,33337,1592.43
1,baseline,plain,0,1,26,6,33337,33337,1637.97
1,baseline,plain,8,1,34,0,30347,30347,1634.89
1,baseline,plain,8,1,34,1,30347,30347,1674.99
1,baseline,plain,8,1,34,2,30347,30347,1688.01
1,baseline,plain,8,1,34,3,30347,30347,1695.75
1,baseline,plain,8,1,34,4,30347,30347,1665.21
1,baseline,plain,8,1,34,5,30347,30347,1700.14
1,baseline,plain,8,1,34,6,30347,30347,1720.76
1,baseline,plain,16,1,42,0,29559,29559,1671.06
1,baseline,plain,16,1,42,1,29559,29559,1668.09
1,baseline,plain,16,1,42,2,29559,29559,1691.70
1,baseline,plain,16,1,42,3,29559,29559,1721.24
1,baseline,plain,16,1,42,4,29559,29559,1531.38
1,baseline,plain,16,1,42,5,29559,29559,1517.03
1,baseline,plain,16,1,42,6,29559,29559,1576.17
1,baseline,plain,64,1,90,0,29187,29187,1754.07
1,baseline,plain,64,1,90,1,29187,29187,1797.62
1,baseline,plain,64,1,90,2,29187,29187,1795.25
1,baseline,plain,64,1,90,3,29187,29187,1796.14
1,baseline,plain,64,1,90,4,29187,29187,1772.16
1,baseline,plain,64,1,90,5,29187,29187,1786.69
1,baseline,plain,64,1,90,6,29187,29187,1784.84
1,baseline,plain,4096,1,4122,0,4610,4610,10759.44
1,baseline,plain,4096,1,4122,1,4610,4610,10753.58
1,baseline,plain,4096,1,4122,2,4610,4610,10793.06
1,baseline,plain,4096,1,4122,3,4610,4610,10782.86
1,baseline,plain,4096,1,4122,4,4610,4610,10770.93
1,baseline,plain,4096,1,4122,5,4610,4610,10761.61
1,baseline,plain,4096,1,4122,6,4610,4610,10775.49
1,baseline,plain,65536,1,65562,0,339,339,147424.78
1,baseline,plain,65536,1,65562,1,339,339,147566.37
1,baseline,plain,65536,1,65562,2,339,339,147536.87
1,baseline,plain,65536,1,65562,3,339,339,147539.82
1,baseline,plain,65536,1,65562,4,339,339,147480.83
1,baseline,plain,65536,1,65562,5,339,339,147522.12
1,baseline,plain,65536,1,65562,6,339,339,147365.78
1,baseline,quoted,0,1,28,0,26463,26463,1883.91
1,baseline,quoted,0,1,28,1,26463,26463,1881.08
1,baseline,quoted,0,1,28,2,26463,26463,1882.06
1,baseline,quoted,0,1,28,3,26463,26463,2151.19
1,baseline,quoted,0,1,28,4,26463,26463,1941.58
1,baseline,quoted,0,1,28,5,26463,26463,1881.87
1,baseline,quoted,0,1,28,6,26463,26463,2019.91
1,baseline,quoted,8,1,36,0,22859,22859,2432.30
1,baseline,quoted,8,1,36,1,22859,22859,2399.45
1,baseline,quoted,8,1,36,2,22859,22859,2436.63
1,baseline,quoted,8,1,36,3,22859,22859,2414.02
1,baseline,quoted,8,1,36,4,22859,22859,2454.44
1,baseline,quoted,8,1,36,5,22859,22859,2455.27
1,baseline,quoted,8,1,36,6,22859,22859,2467.87
1,baseline,quoted,16,1,44,0,20476,20476,2433.58
1,baseline,quoted,16,1,44,1,20476,20476,2422.25
1,baseline,quoted,16,1,44,2,20476,20476,2440.81
1,baseline,quoted,16,1,44,3,20476,20476,2445.16
1,baseline,quoted,16,1,44,4,20476,20476,2448.04
1,baseline,quoted,16,1,44,5,20476,20476,2407.35
1,baseline,quoted,16,1,44,6,20476,20476,2432.60
1,baseline,quoted,64,1,92,0,20541,20541,2418.97
1,baseline,quoted,64,1,92,1,20541,20541,2455.58
1,baseline,quoted,64,1,92,2,20541,20541,2446.67
1,baseline,quoted,64,1,92,3,20541,20541,2431.04
1,baseline,quoted,64,1,92,4,20541,20541,2431.72
1,baseline,quoted,64,1,92,5,20541,20541,2429.24
1,baseline,quoted,64,1,92,6,20541,20541,2495.74
1,baseline,quoted,4096,1,4124,0,18351,18351,2702.25
1,baseline,quoted,4096,1,4124,1,18351,18351,2695.55
1,baseline,quoted,4096,1,4124,2,18351,18351,2696.80
1,baseline,quoted,4096,1,4124,3,18351,18351,2751.84
1,baseline,quoted,4096,1,4124,4,18351,18351,2680.67
1,baseline,quoted,4096,1,4124,5,18351,18351,2706.07
1,baseline,quoted,4096,1,4124,6,18351,18351,2710.32
1,baseline,quoted,65536,1,65564,0,9094,9094,5358.70
1,baseline,quoted,65536,1,65564,1,9094,9094,5320.98
1,baseline,quoted,65536,1,65564,2,9094,9094,5310.20
1,baseline,quoted,65536,1,65564,3,9094,9094,5320.65
1,baseline,quoted,65536,1,65564,4,9094,9094,5323.51
1,baseline,quoted,65536,1,65564,5,9094,9094,5327.25
1,baseline,quoted,65536,1,65564,6,9094,9094,5337.26
1,baseline,escaped,0,1,28,0,23652,23652,2080.59
1,baseline,escaped,0,1,28,1,23652,23652,2064.98
1,baseline,escaped,0,1,28,2,23652,23652,1767.88
1,baseline,escaped,0,1,28,3,23652,23652,1661.68
1,baseline,escaped,0,1,28,4,23652,23652,1661.64
1,baseline,escaped,0,1,28,5,23652,23652,1720.24
1,baseline,escaped,0,1,28,6,23652,23652,1749.62
1,baseline,escaped,8,1,36,0,28496,28496,1704.98
1,baseline,escaped,8,1,36,1,28496,28496,1716.59
1,baseline,escaped,8,1,36,2,28496,28496,1713.08
1,baseline,escaped,8,1,36,3,28496,28496,1939.08
1,baseline,escaped,8,1,36,4,28496,28496,2209.36
1,baseline,escaped,8,1,36,5,28496,28496,2426.83
1,baseline,escaped,8,1,36,6,28496,28496,2452.62
1,baseline,escaped,16,1,44,0,20327,20327,1991.69
1,baseline,escaped,16,1,44,1,20327,20327,1923.60
1,baseline,escaped,16,1,44,2,20327,20327,1937.03
1,baseline,escaped,16,1,44,3,20327,20327,2056.72
1,baseline,escaped,16,1,44,4,20327,20327,2157.48
1,baseline,escaped,16,1,44,5,20327,20327,2491.37
1,baseline,escaped,16,1,44,6,20327,20327,2455.31
1,baseline,escaped,64,1,94,0,19978,19978,2468.92
1,baseline,escaped,64,1,94,1,19978,19978,2458.50
1,baseline,escaped,64,1,94,2,19978,19978,2469.67
1,baseline,escaped,64,1,94,3,19978,19978,2460.86
1,baseline,escaped,64,1,94,4,19978,19978,2441.14
1,baseline,escaped,64,1,94,5,19978,19978,2287.92
1,baseline,escaped,64,1,94,6,19978,19978,2135.15
1,baseline,escaped,4096,1,4252,0,10411,10411,4769.19
1,baseline,escaped,4096,1,4252,1,10411,10411,4799.64
1,baseline,escaped,4096,1,4252,2,10411,10411,4891.56
1,baseline,escaped,4096,1,4252,3,10411,10411,5114.59
1,baseline,escaped,4096,1,4252,4,10411,10411,5060.32
1,baseline,escaped,4096,1,4252,5,10411,10411,5086.93
1,baseline,escaped,4096,1,4252,6,10411,10411,5063.78
1,baseline,escaped,65536,1,67612,0,1141,1141,43806.31
1,baseline,escaped,65536,1,67612,1,1141,1141,43801.93
1,baseline,escaped,65536,1,67612,2,1141,1141,43853.64
1,baseline,escaped,65536,1,67612,3,1141,1141,43815.07
1,baseline,escaped,65536,1,67612,4,1141,1141,43795.79
1,baseline,escaped,65536,1,67612,5,1141,1141,43805.43
1,baseline,escaped,65536,1,67612,6,1141,1141,43835.23
1,baseline,dense_quotes,0,1,28,0,23255,23255,1735.45
1,baseline,dense_quotes,0,1,28,1,23255,23255,1687.16
1,baseline,dense_quotes,0,1,28,2,23255,23255,1679.51
1,baseline,dense_quotes,0,1,28,3,23255,23255,1688.88
1,baseline,dense_quotes,0,1,28,4,23255,23255,1686.35
1,baseline,dense_quotes,0,1,28,5,23255,23255,1703.07
1,baseline,dense_quotes,0,1,28,6,23255,23255,1704.71
1,baseline,dense_quotes,8,1,44,0,28706,28706,1930.57
1,baseline,dense_quotes,8,1,44,1,28706,28706,1921.58
1,baseline,dense_quotes,8,1,44,2,28706,28706,1879.08
1,baseline,dense_quotes,8,1,44,3,28706,28706,2064.03
1,baseline,dense_quotes,8,1,44,4,28706,28706,2327.81
1,baseline,dense_quotes,8,1,44,5,28706,28706,2435.52
1,baseline,dense_quotes,8,1,44,6,28706,28706,2435.27
1,baseline,dense_quotes,16,1,60,0,20181,20181,2436.15
1,baseline,dense_quotes,16,1,60,1,20181,20181,2451.46
1,baseline,dense_quotes,16,1,60,2,20181,20181,2450.37
1,baseline,dense_quotes,16,1,60,3,20181,20181,2452.80
1,baseline,dense_quotes,16,1,60,4,20181,20181,2458.75
1,baseline,dense_quotes,16,1,60,5,20181,20181,2453.25
1,baseline,dense_quotes,16,1,60,6,20181,20181,2436.25
1,baseline,dense_quotes,64,1,156,0,19809,19809,2489.02
1,baseline,dense_quotes,64,1,156,1,19809,19809,2556.82
1,baseline,dense_quotes,64,1,156,2,19809,19809,2422.64
1,baseline,dense_quotes,64,1,156,3,19809,19809,2084.61
1,baseline,dense_quotes,64,1,156,4,19809,19809,2112.37
1,baseline,dense_quotes,64,1,156,5,19809,19809,2111.41
1,baseline,dense_quotes,64,1,156,6,19809,19809,2131.71
1,baseline,dense_quotes,4096,1,8220,0,6658,6658,7339.29
1,baseline,dense_quotes,4096,1,8220,1,6658,6658,7528.99
1,baseline,dense_quotes,4096,1,8220,2,6658,6658,7631.72
1,baseline,dense_quotes,4096,1,8220,3,6658,6658,7595.97
1,baseline,dense_quotes,4096,1,8220,4,6658,6658,7545.96
1,baseline,dense_quotes,4096,1,8220,5,6658,6658,7759.09
1,baseline,dense_quotes,4096,1,8220,6,6658,6658,7427.31
1,baseline,dense_quotes,65536,1,131100,0,548,548,88822.99
1,baseline,dense_quotes,65536,1,131100,1,548,548,90083.94
1,baseline,dense_quotes,65536,1,131100,2,548,548,88277.37
1,baseline,dense_quotes,65536,1,131100,3,548,548,88253.65
1,baseline,dense_quotes,65536,1,131100,4,548,548,88288.32
1,baseline,dense_quotes,65536,1,131100,5,548,548,88321.17
1,baseline,dense_quotes,65536,1,131100,6,548,548,88510.95
1,baseline,unterminated,0,1,27,0,60271,0,825.69
1,baseline,unterminated,0,1,27,1,60271,0,833.63
1,baseline,unterminated,0,1,27,2,60271,0,834.36
1,baseline,unterminated,0,1,27,3,60271,0,832.76
1,baseline,unterminated,0,1,27,4,60271,0,829.27
1,baseline,unterminated,0,1,27,5,60271,0,822.75
1,baseline,unterminated,0,1,27,6,60271,0,838.46
1,baseline,unterminated,8,1,35,0,57652,0,830.05
1,baseline,unterminated,8,1,35,1,57652,0,829.41
1,baseline,unterminated,8,1,35,2,57652,0,828.77
1,baseline,unterminated,8,1,35,3,57652,0,826.89
1,baseline,unterminated,8,1,35,4,57652,0,822.31
1,baseline,unterminated,8,1,35,5,57652,0,828.37
1,baseline,unterminated,8,1,35,6,57652,0,827.53
1,baseline,unterminated,16,1,43,0,58987,0,838.12
1,baseline,unterminated,16,1,43,1,58987,0,836.95
1,baseline,unterminated,16,1,43,2,58987,0,845.97
1,baseline,unterminated,16,1,43,3,58987,0,851.71
1,baseline,unterminated,16,1,43,4,58987,0,856.32
1,baseline,unterminated,16,1,43,5,58987,0,845.25
1,baseline,unterminated,16,1,43,6,58987,0,842.27
1,baseline,unterminated,64,1,91,0,57947,0,864.57
1,baseline,unterminated,64,1,91,1,57947,0,846.86
1,baseline,unterminated,64,1,91,2,57947,0,851.42
1,baseline,unterminated,64,1,91,3,57947,0,846.51
1,baseline,unterminated,64,1,91,4,57947,0,837.90
1,baseline,unterminated,64,1,91,5,57947,0,829.29
1,baseline,unterminated,64,1,91,6,57947,0,839.20
1,baseline,unterminated,4096,1,4123,0,48034,0,1015.20
1,baseline,unterminated,4096,1,4123,1,48034,0,1016.20
1,baseline,unterminated,4096,1,4123,2,48034,0,1024.40
1,baseline,unterminated,4096,1,4123,3,48034,0,1033.14
1,baseline,unterminated,4096,1,4123,4,48034,0,1030.75
1,baseline,unterminated,4096,1,4123,5,48034,0,1033.21
1,baseline,unterminated,4096,1,4123,6,48034,0,1030.35
1,baseline,unterminated,65536,1,65563,0,13204,0,3771.96
1,baseline,unterminated,65536,1,65563,1,13204,0,3778.55
1,baseline,unterminated,65536,1,65563,2,13204,0,3902.30
1,baseline,unterminated,65536,1,65563,3,13204,0,3857.01
1,baseline,unterminated,65536,1,65563,4,13204,0,3772.64
1,baseline,unterminated,65536,1,65563,5,13204,0,3778.70
1,baseline,unterminated,65536,1,65563,6,13204,0,3766.13
1,baseline,quoted,8,128,2322,0,5227,669056,9363.50
1,baseline,quoted,8,128,2322,1,5227,669056,9142.91
1,baseline,quoted,8,128,2322,2,5227,669056,9151.90
1,baseline,quoted,8,128,2322,3,5227,669056,9137.17
1,baseline,quoted,8,128,2322,4,5227,669056,9153.24
1,baseline,quoted,8,128,2322,5,5227,669056,9151.33
1,baseline,quoted,8,128,2322,6,5227,669056,9160.90
2,candidate,plain,0,1,26,0,10977,10977,2388.54
2,candidate,plain,0,1,26,1,10977,10977,1849.69
2,candidate,plain,0,1,26,2,10977,10977,1669.76
2,candidate,plain,0,1,26,3,10977,10977,1676.05
2,candidate,plain,0,1,26,4,10977,10977,1659.74
2,candidate,plain,0,1,26,5,10977,10977,1692.81
2,candidate,plain,0,1,26,6,10977,10977,1678.60
2,candidate,plain,8,1,34,0,29607,29607,1682.41
2,candidate,plain,8,1,34,1,29607,29607,1703.11
2,candidate,plain,8,1,34,2,29607,29607,1714.63
2,candidate,plain,8,1,34,3,29607,29607,1699.83
2,candidate,plain,8,1,34,4,29607,29607,1701.52
2,candidate,plain,8,1,34,5,29607,29607,1673.25
2,candidate,plain,8,1,34,6,29607,29607,1657.92
2,candidate,plain,16,1,42,0,29910,29910,1673.02
2,candidate,plain,16,1,42,1,29910,29910,1677.70
2,candidate,plain,16,1,42,2,29910,29910,1658.84
2,candidate,plain,16,1,42,3,29910,29910,1670.78
2,candidate,plain,16,1,42,4,29910,29910,1637.91
2,candidate,plain,16,1,42,5,29910,29910,1631.49
2,candidate,plain,16,1,42,6,29910,29910,1738.82
2,candidate,plain,64,1,90,0,26323,26323,1781.90
2,candidate,plain,64,1,90,1,26323,26323,1764.27
2,candidate,plain,64,1,90,2,26323,26323,1764.92
2,candidate,plain,64,1,90,3,26323,26323,1751.93
2,candidate,plain,64,1,90,4,26323,26323,1676.56
2,candidate,plain,64,1,90,5,26323,26323,1695.29
2,candidate,plain,64,1,90,6,26323,26323,1674.47
2,candidate,plain,4096,1,4122,0,22152,22152,2244.31
2,candidate,plain,4096,1,4122,1,22152,22152,2248.01
2,candidate,plain,4096,1,4122,2,22152,22152,2240.66
2,candidate,plain,4096,1,4122,3,22152,22152,2228.60
2,candidate,plain,4096,1,4122,4,22152,22152,2224.04
2,candidate,plain,4096,1,4122,5,22152,22152,2280.61
2,candidate,plain,4096,1,4122,6,22152,22152,2261.83
2,candidate,plain,65536,1,65562,0,4560,4560,10936.62
2,candidate,plain,65536,1,65562,1,4560,4560,10950.00
2,candidate,plain,65536,1,65562,2,4560,4560,10953.73
2,candidate,plain,65536,1,65562,3,4560,4560,11035.75
2,candidate,plain,65536,1,65562,4,4560,4560,11277.19
2,candidate,plain,65536,1,65562,5,4560,4560,10767.98
2,candidate,plain,65536,1,65562,6,4560,4560,10790.57
2,candidate,quoted,0,1,28,0,23681,23681,2134.62
2,candidate,quoted,0,1,28,1,23681,23681,1994.43
2,candidate,quoted,0,1,28,2,23681,23681,1710.74
2,candidate,quoted,0,1,28,3,23681,23681,1701.07
2,candidate,quoted,0,1,28,4,23681,23681,1702.08
2,candidate,quoted,0,1,28,5,23681,23681,1702.25
2,candidate,quoted,0,1,28,6,23681,23681,1698.45
2,candidate,quoted,8,1,36,0,29079,29079,1716.98
2,candidate,quoted,8,1,36,1,29079,29079,1711.44
2,candidate,quoted,8,1,36,2,29079,29079,1711.20
2,candidate,quoted,8,1,36,3,29079,29079,2137.76
2,candidate,quoted,8,1,36,4,29079,29079,2517.73
2,candidate,quoted,8,1,36,5,29079,29079,2493.90
2,candidate,quoted,8,1,36,6,29079,29079,2493.24
2,candidate,quoted,16,1,44,0,20237,20237,2472.90
2,candidate,quoted,16,1,44,1,20237,20237,2457.38
2,candidate,quoted,16,1,44,2,20237,20237,2456.39
2,candidate,quoted,16,1,44,3,20237,20237,2458.52
2,candidate,quoted,16,1,44,4,20237,20237,2462.32
2,candidate,quoted,16,1,44,5,20237,20237,2468.45
2,candidate,quoted,16,1,44,6,20237,20237,2420.17
2,candidate,quoted,64,1,92,0,20324,20324,2427.43
2,candidate,quoted,64,1,92,1,20324,20324,2416.65
2,candidate,quoted,64,1,92,2,20324,20324,2428.26
2,candidate,quoted,64,1,92,3,20324,20324,2439.38
2,candidate,quoted,64,1,92,4,20324,20324,2453.26
2,candidate,quoted,64,1,92,5,20324,20324,2435.94
2,candidate,quoted,64,1,92,6,20324,20324,2429.10
2,candidate,quoted,4096,1,4124,0,18399,18399,2639.06
2,candidate,quoted,4096,1,4124,1,18399,18399,2667.70
2,candidate,quoted,4096,1,4124,2,18399,18399,2670.15
2,candidate,quoted,4096,1,4124,3,18399,18399,2696.23
2,candidate,quoted,4096,1,4124,4,18399,18399,2651.94
2,candidate,quoted,4096,1,4124,5,18399,18399,2641.61
2,candidate,quoted,4096,1,4124,6,18399,18399,2648.79
2,candidate,quoted,65536,1,65564,0,8983,8983,5460.54
2,candidate,quoted,65536,1,65564,1,8983,8983,5449.18
2,candidate,quoted,65536,1,65564,2,8983,8983,5405.99
2,candidate,quoted,65536,1,65564,3,8983,8983,5399.09
2,candidate,quoted,65536,1,65564,4,8983,8983,5365.58
2,candidate,quoted,65536,1,65564,5,8983,8983,5385.51
2,candidate,quoted,65536,1,65564,6,8983,8983,5385.17
2,candidate,escaped,0,1,28,0,23947,23947,1649.94
2,candidate,escaped,0,1,28,1,23947,23947,1664.88
2,candidate,escaped,0,1,28,2,23947,23947,1670.52
2,candidate,escaped,0,1,28,3,23947,23947,1665.14
2,candidate,escaped,0,1,28,4,23947,23947,1668.48
2,candidate,escaped,0,1,28,5,23947,23947,1665.26
2,candidate,escaped,0,1,28,6,23947,23947,1661.79
2,candidate,escaped,8,1,36,0,29967,29967,1657.66
2,candidate,escaped,8,1,36,1,29967,29967,1997.26
2,candidate,escaped,8,1,36,2,29967,29967,1909.17
2,candidate,escaped,8,1,36,3,29967,29967,1924.88
2,candidate,escaped,8,1,36,4,29967,29967,2199.22
2,candidate,escaped,8,1,36,5,29967,29967,2443.65
2,candidate,escaped,8,1,36,6,29967,29967,2353.76
2,candidate,escaped,16,1,44,0,23213,23213,2135.96
2,candidate,escaped,16,1,44,1,23213,23213,2147.93
2,candidate,escaped,16,1,44,2,23213,23213,2162.84
2,candidate,escaped,16,1,44,3,23213,23213,2150.56
2,candidate,escaped,16,1,44,4,23213,23213,2244.39
2,candidate,escaped,16,1,44,5,23213,23213,2442.60
2,candidate,escaped,16,1,44,6,23213,23213,2425.71
2,candidate,escaped,64,1,94,0,20033,20033,2468.98
2,candidate,escaped,64,1,94,1,20033,20033,2505.32
2,candidate,escaped,64,1,94,2,20033,20033,2465.03
2,candidate,escaped,64,1,94,3,20033,20033,2524.43
2,candidate,escaped,64,1,94,4,20033,20033,2463.09
2,candidate,escaped,64,1,94,5,20033,20033,2475.62
2,candidate,escaped,64,1,94,6,20033,20033,2477.46
2,candidate,escaped,4096,1,4252,0,9939,9939,4998.19
2,candidate,escaped,4096,1,4252,1,9939,9939,5024.05
2,candidate,escaped,4096,1,4252,2,9939,9939,5019.32
2,candidate,escaped,4096,1,4252,3,9939,9939,5048.60
2,candidate,escaped,4096,1,4252,4,9939,9939,5032.50
2,candidate,escaped,4096,1,4252,5,9939,9939,5039.84
2,candidate,escaped,4096,1,4252,6,9939,9939,5036.93
2,candidate,escaped,65536,1,67612,0,1152,1152,43196.18
2,candidate,escaped,65536,1,67612,1,1152,1152,43290.80
2,candidate,escaped,65536,1,67612,2,1152,1152,43186.63
2,candidate,escaped,65536,1,67612,3,1152,1152,43329.86
2,candidate,escaped,65536,1,67612,4,1152,1152,43264.76
2,candidate,escaped,65536,1,67612,5,1152,1152,43314.24
2,candidate,escaped,65536,1,67612,6,1152,1152,43301.22
2,candidate,dense_quotes,0,1,28,0,25007,25007,1780.42
2,candidate,dense_quotes,0,1,28,1,25007,25007,1791.70
2,candidate,dense_quotes,0,1,28,2,25007,25007,1789.34
2,candidate,dense_quotes,0,1,28,3,25007,25007,1740.23
2,candidate,dense_quotes,0,1,28,4,25007,25007,1723.32
2,candidate,dense_quotes,0,1,28,5,25007,25007,1712.28
2,candidate,dense_quotes,0,1,28,6,25007,25007,1689.65
2,candidate,dense_quotes,8,1,44,0,29298,29298,1684.28
2,candidate,dense_quotes,8,1,44,1,29298,29298,1672.67
2,candidate,dense_quotes,8,1,44,2,29298,29298,1680.35
2,candidate,dense_quotes,8,1,44,3,29298,29298,1677.25
2,candidate,dense_quotes,8,1,44,4,29298,29298,1675.13
2,candidate,dense_quotes,8,1,44,5,29298,29298,1676.87
2,candidate,dense_quotes,8,1,44,6,29298,29298,2073.45
2,candidate,dense_quotes,16,1,60,0,21417,21417,2443.11
2,candidate,dense_quotes,16,1,60,1,21417,21417,2447.17
2,candidate,dense_quotes,16,1,60,2,21417,21417,2433.77
2,candidate,dense_quotes,16,1,60,3,21417,21417,2557.45
2,candidate,dense_quotes,16,1,60,4,21417,21417,2220.95
2,candidate,dense_quotes,16,1,60,5,21417,21417,1996.73
2,candidate,dense_quotes,16,1,60,6,21417,21417,1970.96
2,candidate,dense_quotes,64,1,156,0,23138,23138,2291.25
2,candidate,dense_quotes,64,1,156,1,23138,23138,2583.20
2,candidate,dense_quotes,64,1,156,2,23138,23138,2561.72
2,candidate,dense_quotes,64,1,156,3,23138,23138,2555.84
2,candidate,dense_quotes,64,1,156,4,23138,23138,2631.04
2,candidate,dense_quotes,64,1,156,5,23138,23138,2580.78
2,candidate,dense_quotes,64,1,156,6,23138,23138,2554.15
2,candidate,dense_quotes,4096,1,8220,0,6352,6352,7871.85
2,candidate,dense_quotes,4096,1,8220,1,6352,6352,7817.07
2,candidate,dense_quotes,4096,1,8220,2,6352,6352,7839.89
2,candidate,dense_quotes,4096,1,8220,3,6352,6352,7819.27
2,candidate,dense_quotes,4096,1,8220,4,6352,6352,7838.63
2,candidate,dense_quotes,4096,1,8220,5,6352,6352,7812.03
2,candidate,dense_quotes,4096,1,8220,6,6352,6352,7792.19
2,candidate,dense_quotes,65536,1,131100,0,565,565,88444.25
2,candidate,dense_quotes,65536,1,131100,1,565,565,88451.33
2,candidate,dense_quotes,65536,1,131100,2,565,565,88490.27
2,candidate,dense_quotes,65536,1,131100,3,565,565,88679.65
2,candidate,dense_quotes,65536,1,131100,4,565,565,88562.83
2,candidate,dense_quotes,65536,1,131100,5,565,565,88684.96
2,candidate,dense_quotes,65536,1,131100,6,565,565,88520.35
2,candidate,unterminated,0,1,27,0,59190,0,826.83
2,candidate,unterminated,0,1,27,1,59190,0,848.94
2,candidate,unterminated,0,1,27,2,59190,0,851.48
2,candidate,unterminated,0,1,27,3,59190,0,833.77
2,candidate,unterminated,0,1,27,4,59190,0,832.66
2,candidate,unterminated,0,1,27,5,59190,0,824.24
2,candidate,unterminated,0,1,27,6,59190,0,844.37
2,candidate,unterminated,8,1,35,0,58859,0,835.05
2,candidate,unterminated,8,1,35,1,58859,0,836.56
2,candidate,unterminated,8,1,35,2,58859,0,833.76
2,candidate,unterminated,8,1,35,3,58859,0,825.40
2,candidate,unterminated,8,1,35,4,58859,0,841.35
2,candidate,unterminated,8,1,35,5,58859,0,838.89
2,candidate,unterminated,8,1,35,6,58859,0,831.82
2,candidate,unterminated,16,1,43,0,59277,0,833.17
2,candidate,unterminated,16,1,43,1,59277,0,831.98
2,candidate,unterminated,16,1,43,2,59277,0,836.50
2,candidate,unterminated,16,1,43,3,59277,0,834.98
2,candidate,unterminated,16,1,43,4,59277,0,831.10
2,candidate,unterminated,16,1,43,5,59277,0,831.13
2,candidate,unterminated,16,1,43,6,59277,0,830.98
2,candidate,unterminated,64,1,91,0,58789,0,827.55
2,candidate,unterminated,64,1,91,1,58789,0,831.45
2,candidate,unterminated,64,1,91,2,58789,0,851.37
2,candidate,unterminated,64,1,91,3,58789,0,834.87
2,candidate,unterminated,64,1,91,4,58789,0,833.10
2,candidate,unterminated,64,1,91,5,58789,0,835.89
2,candidate,unterminated,64,1,91,6,58789,0,845.55
2,candidate,unterminated,4096,1,4123,0,48224,0,1041.08
2,candidate,unterminated,4096,1,4123,1,48224,0,1019.76
2,candidate,unterminated,4096,1,4123,2,48224,0,1025.86
2,candidate,unterminated,4096,1,4123,3,48224,0,1018.10
2,candidate,unterminated,4096,1,4123,4,48224,0,1008.44
2,candidate,unterminated,4096,1,4123,5,48224,0,1011.38
2,candidate,unterminated,4096,1,4123,6,48224,0,1011.14
2,candidate,unterminated,65536,1,65563,0,13273,0,3750.62
2,candidate,unterminated,65536,1,65563,1,13273,0,3754.54
2,candidate,unterminated,65536,1,65563,2,13273,0,3755.07
2,candidate,unterminated,65536,1,65563,3,13273,0,3770.66
2,candidate,unterminated,65536,1,65563,4,13273,0,3754.31
2,candidate,unterminated,65536,1,65563,5,13273,0,3768.93
2,candidate,unterminated,65536,1,65563,6,13273,0,3757.78
2,candidate,quoted,8,128,2322,0,5160,660480,9280.81
2,candidate,quoted,8,128,2322,1,5160,660480,9292.05
2,candidate,quoted,8,128,2322,2,5160,660480,9297.87
2,candidate,quoted,8,128,2322,3,5160,660480,9324.81
2,candidate,quoted,8,128,2322,4,5160,660480,9346.32
2,candidate,quoted,8,128,2322,5,5160,660480,9364.92
2,candidate,quoted,8,128,2322,6,5160,660480,9372.09
3,candidate,plain,0,1,26,0,31598,31598,1540.26
3,candidate,plain,0,1,26,1,31598,31598,1556.52
3,candidate,plain,0,1,26,2,31598,31598,1607.73
3,candidate,plain,0,1,26,3,31598,31598,1647.35
3,candidate,plain,0,1,26,4,31598,31598,1627.98
3,candidate,plain,0,1,26,5,31598,31598,1644.06
3,candidate,plain,0,1,26,6,31598,31598,1644.98
3,candidate,plain,8,1,34,0,30043,30043,1631.56
3,candidate,plain,8,1,34,1,30043,30043,1650.57
3,candidate,plain,8,1,34,2,30043,30043,1605.03
3,candidate,plain,8,1,34,3,30043,30043,1711.11
3,candidate,plain,8,1,34,4,30043,30043,1720.27
3,candidate,plain,8,1,34,5,30043,30043,1650.07
3,candidate,plain,8,1,34,6,30043,30043,1648.60
3,candidate,plain,16,1,42,0,29700,29700,1667.14
3,candidate,plain,16,1,42,1,29700,29700,1678.01
3,candidate,plain,16,1,42,2,29700,29700,1677.98
3,candidate,plain,16,1,42,3,29700,29700,1667.58
3,candidate,plain,16,1,42,4,29700,29700,1640.84
3,candidate,plain,16,1,42,5,29700,29700,1643.47
3,candidate,plain,16,1,42,6,29700,29700,1641.82
3,candidate,plain,64,1,90,0,29740,29740,1681.30
3,candidate,plain,64,1,90,1,29740,29740,1704.57
3,candidate,plain,64,1,90,2,29740,29740,1710.42
3,candidate,plain,64,1,90,3,29740,29740,1720.17
3,candidate,plain,64,1,90,4,29740,29740,1724.98
3,candidate,plain,64,1,90,5,29740,29740,1734.20
3,candidate,plain,64,1,90,6,29740,29740,1697.51
3,candidate,plain,4096,1,4122,0,21742,21742,2262.44
3,candidate,plain,4096,1,4122,1,21742,21742,2280.84
3,candidate,plain,4096,1,4122,2,21742,21742,2289.58
3,candidate,plain,4096,1,4122,3,21742,21742,2275.14
3,candidate,plain,4096,1,4122,4,21742,21742,2270.86
3,candidate,plain,4096,1,4122,5,21742,21742,2190.55
3,candidate,plain,4096,1,4122,6,21742,21742,2127.17
3,candidate,plain,65536,1,65562,0,4627,4627,10847.63
3,candidate,plain,65536,1,65562,1,4627,4627,10931.27
3,candidate,plain,65536,1,65562,2,4627,4627,10897.34
3,candidate,plain,65536,1,65562,3,4627,4627,10924.57
3,candidate,plain,65536,1,65562,4,4627,4627,10945.97
3,candidate,plain,65536,1,65562,5,4627,4627,10907.93
3,candidate,plain,65536,1,65562,6,4627,4627,10918.31
3,candidate,quoted,0,1,28,0,26605,26605,1698.44
3,candidate,quoted,0,1,28,1,26605,26605,1703.36
3,candidate,quoted,0,1,28,2,26605,26605,1701.30
3,candidate,quoted,0,1,28,3,26605,26605,1704.27
3,candidate,quoted,0,1,28,4,26605,26605,1696.75
3,candidate,quoted,0,1,28,5,26605,26605,1681.30
3,candidate,quoted,0,1,28,6,26605,26605,1674.91
3,candidate,quoted,8,1,36,0,29604,29604,1677.75
3,candidate,quoted,8,1,36,1,29604,29604,1668.19
3,candidate,quoted,8,1,36,2,29604,29604,1699.30
3,candidate,quoted,8,1,36,3,29604,29604,1703.22
3,candidate,quoted,8,1,36,4,29604,29604,1685.21
3,candidate,quoted,8,1,36,5,29604,29604,1678.62
3,candidate,quoted,8,1,36,6,29604,29604,1694.67
3,candidate,quoted,16,1,44,0,29056,29056,1667.61
3,candidate,quoted,16,1,44,1,29056,29056,1694.31
3,candidate,quoted,16,1,44,2,29056,29056,1680.00
3,candidate,quoted,16,1,44,3,29056,29056,1684.23
3,candidate,quoted,16,1,44,4,29056,29056,1680.65
3,candidate,quoted,16,1,44,5,29056,29056,1669.81
3,candidate,quoted,16,1,44,6,29056,29056,1677.21
3,candidate,quoted,64,1,92,0,29517,29517,1701.80
3,candidate,quoted,64,1,92,1,29517,29517,1678.86
3,candidate,quoted,64,1,92,2,29517,29517,1678.22
3,candidate,quoted,64,1,92,3,29517,29517,1680.22
3,candidate,quoted,64,1,92,4,29517,29517,1682.08
3,candidate,quoted,64,1,92,5,29517,29517,1689.43
3,candidate,quoted,64,1,92,6,29517,29517,1682.12
3,candidate,quoted,4096,1,4124,0,25980,25980,1920.17
3,candidate,quoted,4096,1,4124,1,25980,25980,1921.13
3,candidate,quoted,4096,1,4124,2,25980,25980,1925.83
3,candidate,quoted,4096,1,4124,3,25980,25980,1926.29
3,candidate,quoted,4096,1,4124,4,25980,25980,1926.29
3,candidate,quoted,4096,1,4124,5,25980,25980,1956.43
3,candidate,quoted,4096,1,4124,6,25980,25980,2030.68
3,candidate,quoted,65536,1,65564,0,9060,9060,5543.38
3,candidate,quoted,65536,1,65564,1,9060,9060,5483.33
3,candidate,quoted,65536,1,65564,2,9060,9060,5386.87
3,candidate,quoted,65536,1,65564,3,9060,9060,5384.22
3,candidate,quoted,65536,1,65564,4,9060,9060,5374.28
3,candidate,quoted,65536,1,65564,5,9060,9060,5368.10
3,candidate,quoted,65536,1,65564,6,9060,9060,5380.57
3,candidate,escaped,0,1,28,0,23555,23555,2083.21
3,candidate,escaped,0,1,28,1,23555,23555,2135.64
3,candidate,escaped,0,1,28,2,23555,23555,2168.84
3,candidate,escaped,0,1,28,3,23555,23555,2081.85
3,candidate,escaped,0,1,28,4,23555,23555,2091.36
3,candidate,escaped,0,1,28,5,23555,23555,2098.15
3,candidate,escaped,0,1,28,6,23555,23555,2112.84
3,candidate,escaped,8,1,36,0,23582,23582,2101.48
3,candidate,escaped,8,1,36,1,23582,23582,2088.71
3,candidate,escaped,8,1,36,2,23582,23582,2091.76
3,candidate,escaped,8,1,36,3,23582,23582,2084.05
3,candidate,escaped,8,1,36,4,23582,23582,2083.20
3,candidate,escaped,8,1,36,5,23582,23582,2086.00
3,candidate,escaped,8,1,36,6,23582,23582,2062.80
3,candidate,escaped,16,1,44,0,24093,24093,2070.48
3,candidate,escaped,16,1,44,1,24093,24093,2100.07
3,candidate,escaped,16,1,44,2,24093,24093,2170.38
3,candidate,escaped,16,1,44,3,24093,24093,2172.50
3,candidate,escaped,16,1,44,4,24093,24093,2139.50
3,candidate,escaped,16,1,44,5,24093,24093,2124.56
3,candidate,escaped,16,1,44,6,24093,24093,2126.92
3,candidate,escaped,64,1,94,0,23132,23132,2178.76
3,candidate,escaped,64,1,94,1,23132,23132,2164.19
3,candidate,escaped,64,1,94,2,23132,23132,2201.54
3,candidate,escaped,64,1,94,3,23132,23132,2269.28
3,candidate,escaped,64,1,94,4,23132,23132,2330.02
3,candidate,escaped,64,1,94,5,23132,23132,2409.17
3,candidate,escaped,64,1,94,6,23132,23132,2401.87
3,candidate,escaped,4096,1,4252,0,9912,9912,5042.07
3,candidate,escaped,4096,1,4252,1,9912,9912,5072.13
3,candidate,escaped,4096,1,4252,2,9912,9912,5062.85
3,candidate,escaped,4096,1,4252,3,9912,9912,5002.32
3,candidate,escaped,4096,1,4252,4,9912,9912,5052.16
3,candidate,escaped,4096,1,4252,5,9912,9912,5068.30
3,candidate,escaped,4096,1,4252,6,9912,9912,5058.31
3,candidate,escaped,65536,1,67612,0,1160,1160,43143.10
3,candidate,escaped,65536,1,67612,1,1160,1160,43065.52
3,candidate,escaped,65536,1,67612,2,1160,1160,43056.90
3,candidate,escaped,65536,1,67612,3,1160,1160,43136.21
3,candidate,escaped,65536,1,67612,4,1160,1160,43089.66
3,candidate,escaped,65536,1,67612,5,1160,1160,43039.66
3,candidate,escaped,65536,1,67612,6,1160,1160,43122.41
3,candidate,dense_quotes,0,1,28,0,23578,23578,2101.87
3,candidate,dense_quotes,0,1,28,1,23578,23578,2234.16
3,candidate,dense_quotes,0,1,28,2,23578,23578,2461.62
3,candidate,dense_quotes,0,1,28,3,23578,23578,2428.58
3,candidate,dense_quotes,0,1,28,4,23578,23578,2397.53
3,candidate,dense_quotes,0,1,28,5,23578,23578,2444.57
3,candidate,dense_quotes,0,1,28,6,23578,23578,2416.57
3,candidate,dense_quotes,8,1,44,0,20398,20398,2429.70
3,candidate,dense_quotes,8,1,44,1,20398,20398,2401.85
3,candidate,dense_quotes,8,1,44,2,20398,20398,2447.59
3,candidate,dense_quotes,8,1,44,3,20398,20398,2424.85
3,candidate,dense_quotes,8,1,44,4,20398,20398,2415.97
3,candidate,dense_quotes,8,1,44,5,20398,20398,2253.75
3,candidate,dense_quotes,8,1,44,6,20398,20398,1959.90
3,candidate,dense_quotes,16,1,60,0,25874,25874,1941.14
3,candidate,dense_quotes,16,1,60,1,25874,25874,2162.79
3,candidate,dense_quotes,16,1,60,2,25874,25874,2442.22
3,candidate,dense_quotes,16,1,60,3,25874,25874,2451.11
3,candidate,dense_quotes,16,1,60,4,25874,25874,2431.71
3,candidate,dense_quotes,16,1,60,5,25874,25874,2438.36
3,candidate,dense_quotes,16,1,60,6,25874,25874,2431.78
3,candidate,dense_quotes,64,1,156,0,19816,19816,2511.05
3,candidate,dense_quotes,64,1,156,1,19816,19816,2505.05
3,candidate,dense_quotes,64,1,156,2,19816,19816,2515.85
3,candidate,dense_quotes,64,1,156,3,19816,19816,2528.41
3,candidate,dense_quotes,64,1,156,4,19816,19816,2447.52
3,candidate,dense_quotes,64,1,156,5,19816,19816,2212.66
3,candidate,dense_quotes,64,1,156,6,19816,19816,2232.24
3,candidate,dense_quotes,4096,1,8220,0,6527,6527,7861.65
3,candidate,dense_quotes,4096,1,8220,1,6527,6527,7833.61
3,candidate,dense_quotes,4096,1,8220,2,6527,6527,7836.68
3,candidate,dense_quotes,4096,1,8220,3,6527,6527,7818.14
3,candidate,dense_quotes,4096,1,8220,4,6527,6527,7826.11
3,candidate,dense_quotes,4096,1,8220,5,6527,6527,7828.41
3,candidate,dense_quotes,4096,1,8220,6,6527,6527,7825.34
3,candidate,dense_quotes,65536,1,131100,0,566,566,88588.34
3,candidate,dense_quotes,65536,1,131100,1,566,566,88462.90
3,candidate,dense_quotes,65536,1,131100,2,566,566,88595.41
3,candidate,dense_quotes,65536,1,131100,3,566,566,89243.82
3,candidate,dense_quotes,65536,1,131100,4,566,566,88485.87
3,candidate,dense_quotes,65536,1,131100,5,566,566,88447.00
3,candidate,dense_quotes,65536,1,131100,6,566,566,88673.14
3,candidate,unterminated,0,1,27,0,55938,0,824.34
3,candidate,unterminated,0,1,27,1,55938,0,828.02
3,candidate,unterminated,0,1,27,2,55938,0,826.92
3,candidate,unterminated,0,1,27,3,55938,0,820.68
3,candidate,unterminated,0,1,27,4,55938,0,818.92
3,candidate,unterminated,0,1,27,5,55938,0,822.70
3,candidate,unterminated,0,1,27,6,55938,0,842.36
3,candidate,unterminated,8,1,35,0,58671,0,840.40
3,candidate,unterminated,8,1,35,1,58671,0,828.11
3,candidate,unterminated,8,1,35,2,58671,0,850.22
3,candidate,unterminated,8,1,35,3,58671,0,849.76
3,candidate,unterminated,8,1,35,4,58671,0,849.48
3,candidate,unterminated,8,1,35,5,58671,0,829.81
3,candidate,unterminated,8,1,35,6,58671,0,845.72
3,candidate,unterminated,16,1,43,0,57674,0,867.44
3,candidate,unterminated,16,1,43,1,57674,0,837.74
3,candidate,unterminated,16,1,43,2,57674,0,843.33
3,candidate,unterminated,16,1,43,3,57674,0,850.00
3,candidate,unterminated,16,1,43,4,57674,0,845.93
3,candidate,unterminated,16,1,43,5,57674,0,840.29
3,candidate,unterminated,16,1,43,6,57674,0,826.58
3,candidate,unterminated,64,1,91,0,59274,0,824.31
3,candidate,unterminated,64,1,91,1,59274,0,855.75
3,candidate,unterminated,64,1,91,2,59274,0,865.54
3,candidate,unterminated,64,1,91,3,59274,0,857.81
3,candidate,unterminated,64,1,91,4,59274,0,850.37
3,candidate,unterminated,64,1,91,5,59274,0,830.11
3,candidate,unterminated,64,1,91,6,59274,0,840.15
3,candidate,unterminated,4096,1,4123,0,49114,0,998.70
3,candidate,unterminated,4096,1,4123,1,49114,0,1002.28
3,candidate,unterminated,4096,1,4123,2,49114,0,1002.48
3,candidate,unterminated,4096,1,4123,3,49114,0,1015.33
3,candidate,unterminated,4096,1,4123,4,49114,0,1014.56
3,candidate,unterminated,4096,1,4123,5,49114,0,1005.54
3,candidate,unterminated,4096,1,4123,6,49114,0,994.81
3,candidate,unterminated,65536,1,65563,0,13257,0,3759.07
3,candidate,unterminated,65536,1,65563,1,13257,0,3745.19
3,candidate,unterminated,65536,1,65563,2,13257,0,3744.89
3,candidate,unterminated,65536,1,65563,3,13257,0,3750.02
3,candidate,unterminated,65536,1,65563,4,13257,0,3761.41
3,candidate,unterminated,65536,1,65563,5,13257,0,3749.72
3,candidate,unterminated,65536,1,65563,6,13257,0,3754.32
3,candidate,quoted,8,128,2322,0,5154,659712,9667.44
3,candidate,quoted,8,128,2322,1,5154,659712,9488.36
3,candidate,quoted,8,128,2322,2,5154,659712,9241.37
3,candidate,quoted,8,128,2322,3,5154,659712,9242.53
3,candidate,quoted,8,128,2322,4,5154,659712,9231.28
3,candidate,quoted,8,128,2322,5,5154,659712,9255.34
3,candidate,quoted,8,128,2322,6,5154,659712,9249.32
4,baseline,plain,0,1,26,0,31703,31703,1549.13
4,baseline,plain,0,1,26,1,31703,31703,1545.53
4,baseline,plain,0,1,26,2,31703,31703,1564.96
4,baseline,plain,0,1,26,3,31703,31703,1568.12
4,baseline,plain,0,1,26,4,31703,31703,1570.61
4,baseline,plain,0,1,26,5,31703,31703,1570.89
4,baseline,plain,0,1,26,6,31703,31703,1571.21
4,baseline,plain,8,1,34,0,31160,31160,1595.70
4,baseline,plain,8,1,34,1,31160,31160,1592.01
4,baseline,plain,8,1,34,2,31160,31160,1657.67
4,baseline,plain,8,1,34,3,31160,31160,1640.95
4,baseline,plain,8,1,34,4,31160,31160,1656.26
4,baseline,plain,8,1,34,5,31160,31160,1654.11
4,baseline,plain,8,1,34,6,31160,31160,1669.96
4,baseline,plain,16,1,42,0,29596,29596,1668.74
4,baseline,plain,16,1,42,1,29596,29596,1680.09
4,baseline,plain,16,1,42,2,29596,29596,1677.66
4,baseline,plain,16,1,42,3,29596,29596,1697.83
4,baseline,plain,16,1,42,4,29596,29596,1697.63
4,baseline,plain,16,1,42,5,29596,29596,1685.70
4,baseline,plain,16,1,42,6,29596,29596,1679.69
4,baseline,plain,64,1,90,0,27891,27891,1790.25
4,baseline,plain,64,1,90,1,27891,27891,1782.87
4,baseline,plain,64,1,90,2,27891,27891,1737.55
4,baseline,plain,64,1,90,3,27891,27891,1813.24
4,baseline,plain,64,1,90,4,27891,27891,1815.57
4,baseline,plain,64,1,90,5,27891,27891,1780.18
4,baseline,plain,64,1,90,6,27891,27891,1696.43
4,baseline,plain,4096,1,4122,0,4683,4683,10682.68
4,baseline,plain,4096,1,4122,1,4683,4683,10685.03
4,baseline,plain,4096,1,4122,2,4683,4683,10756.57
4,baseline,plain,4096,1,4122,3,4683,4683,10821.48
4,baseline,plain,4096,1,4122,4,4683,4683,10804.40
4,baseline,plain,4096,1,4122,5,4683,4683,10700.62
4,baseline,plain,4096,1,4122,6,4683,4683,10707.45
4,baseline,plain,65536,1,65562,0,340,340,148661.76
4,baseline,plain,65536,1,65562,1,340,340,147305.88
4,baseline,plain,65536,1,65562,2,340,340,147391.18
4,baseline,plain,65536,1,65562,3,340,340,147597.06
4,baseline,plain,65536,1,65562,4,340,340,147402.94
4,baseline,plain,65536,1,65562,5,340,340,147455.88
4,baseline,plain,65536,1,65562,6,340,340,147500.00
4,baseline,quoted,0,1,28,0,23734,23734,2090.38
4,baseline,quoted,0,1,28,1,23734,23734,1908.91
4,baseline,quoted,0,1,28,2,23734,23734,1668.37
4,baseline,quoted,0,1,28,3,23734,23734,1674.39
4,baseline,quoted,0,1,28,4,23734,23734,1673.17
4,baseline,quoted,0,1,28,5,23734,23734,1669.12
4,baseline,quoted,0,1,28,6,23734,23734,1654.25
4,baseline,quoted,8,1,36,0,29835,29835,1665.69
4,baseline,quoted,8,1,36,1,29835,29835,1693.51
4,baseline,quoted,8,1,36,2,29835,29835,1696.93
4,baseline,quoted,8,1,36,3,29835,29835,1695.63
4,baseline,quoted,8,1,36,4,29835,29835,1698.98
4,baseline,quoted,8,1,36,5,29835,29835,1703.84
4,baseline,quoted,8,1,36,6,29835,29835,2072.63
4,baseline,quoted,16,1,44,0,21493,21493,2472.11
4,baseline,quoted,16,1,44,1,21493,21493,2522.45
4,baseline,quoted,16,1,44,2,21493,21493,2470.62
4,baseline,quoted,16,1,44,3,21493,21493,2488.30
4,baseline,quoted,16,1,44,4,21493,21493,2471.78
4,baseline,quoted,16,1,44,5,21493,21493,2516.35
4,baseline,quoted,16,1,44,6,21493,21493,2439.21
4,baseline,quoted,64,1,92,0,20358,20358,2432.66
4,baseline,quoted,64,1,92,1,20358,20358,2461.88
4,baseline,quoted,64,1,92,2,20358,20358,2463.06
4,baseline,quoted,64,1,92,3,20358,20358,2281.56
4,baseline,quoted,64,1,92,4,20358,20358,2176.34
4,baseline,quoted,64,1,92,5,20358,20358,2129.19
4,baseline,quoted,64,1,92,6,20358,20358,2125.60
4,baseline,quoted,4096,1,4124,0,20592,20592,2690.07
4,baseline,quoted,4096,1,4124,1,20592,20592,2703.87
4,baseline,quoted,4096,1,4124,2,20592,20592,2685.27
4,baseline,quoted,4096,1,4124,3,20592,20592,2725.09
4,baseline,quoted,4096,1,4124,4,20592,20592,2666.67
4,baseline,quoted,4096,1,4124,5,20592,20592,2533.07
4,baseline,quoted,4096,1,4124,6,20592,20592,2374.17
4,baseline,quoted,65536,1,65564,0,9255,9255,5342.52
4,baseline,quoted,65536,1,65564,1,9255,9255,5331.50
4,baseline,quoted,65536,1,65564,2,9255,9255,5582.71
4,baseline,quoted,65536,1,65564,3,9255,9255,5350.30
4,baseline,quoted,65536,1,65564,4,9255,9255,5317.77
4,baseline,quoted,65536,1,65564,5,9255,9255,5316.05
4,baseline,quoted,65536,1,65564,6,9255,9255,5331.93
4,baseline,escaped,0,1,28,0,27053,27053,1671.94
4,baseline,escaped,0,1,28,1,27053,27053,1675.12
4,baseline,escaped,0,1,28,2,27053,27053,1669.91
4,baseline,escaped,0,1,28,3,27053,27053,1682.84
4,baseline,escaped,0,1,28,4,27053,27053,1695.93
4,baseline,escaped,0,1,28,5,27053,27053,1709.31
4,baseline,escaped,0,1,28,6,27053,27053,1729.83
4,baseline,escaped,8,1,36,0,28431,28431,1760.26
4,baseline,escaped,8,1,36,1,28431,28431,1750.66
4,baseline,escaped,8,1,36,2,28431,28431,1752.03
4,baseline,escaped,8,1,36,3,28431,28431,1757.13
4,baseline,escaped,8,1,36,4,28431,28431,1763.29
4,baseline,escaped,8,1,36,5,28431,28431,1770.32
4,baseline,escaped,8,1,36,6,28431,28431,1799.20
4,baseline,escaped,16,1,44,0,27212,27212,1821.66
4,baseline,escaped,16,1,44,1,27212,27212,1821.81
4,baseline,escaped,16,1,44,2,27212,27212,1819.09
4,baseline,escaped,16,1,44,3,27212,27212,1842.72
4,baseline,escaped,16,1,44,4,27212,27212,1862.89
4,baseline,escaped,16,1,44,5,27212,27212,1869.87
4,baseline,escaped,16,1,44,6,27212,27212,1871.60
4,baseline,escaped,64,1,94,0,26275,26275,1864.28
4,baseline,escaped,64,1,94,1,26275,26275,1872.08
4,baseline,escaped,64,1,94,2,26275,26275,1874.37
4,baseline,escaped,64,1,94,3,26275,26275,1892.83
4,baseline,escaped,64,1,94,4,26275,26275,1897.89
4,baseline,escaped,64,1,94,5,26275,26275,1891.08
4,baseline,escaped,64,1,94,6,26275,26275,1914.14
4,baseline,escaped,4096,1,4252,0,10969,10969,4547.00
4,baseline,escaped,4096,1,4252,1,10969,10969,4588.11
4,baseline,escaped,4096,1,4252,2,10969,10969,4567.60
4,baseline,escaped,4096,1,4252,3,10969,10969,4579.82
4,baseline,escaped,4096,1,4252,4,10969,10969,4580.27
4,baseline,escaped,4096,1,4252,5,10969,10969,4593.13
4,baseline,escaped,4096,1,4252,6,10969,10969,4611.54
4,baseline,escaped,65536,1,67612,0,1140,1140,43813.16
4,baseline,escaped,65536,1,67612,1,1140,1140,43788.60
4,baseline,escaped,65536,1,67612,2,1140,1140,43855.26
4,baseline,escaped,65536,1,67612,3,1140,1140,43768.42
4,baseline,escaped,65536,1,67612,4,1140,1140,43829.82
4,baseline,escaped,65536,1,67612,5,1140,1140,43943.86
4,baseline,escaped,65536,1,67612,6,1140,1140,43769.30
4,baseline,dense_quotes,0,1,28,0,23795,23795,1859.89
4,baseline,dense_quotes,0,1,28,1,23795,23795,1686.70
4,baseline,dense_quotes,0,1,28,2,23795,23795,1699.68
4,baseline,dense_quotes,0,1,28,3,23795,23795,1703.68
4,baseline,dense_quotes,0,1,28,4,23795,23795,1714.02
4,baseline,dense_quotes,0,1,28,5,23795,23795,1723.93
4,baseline,dense_quotes,0,1,28,6,23795,23795,1733.85
4,baseline,dense_quotes,8,1,44,0,28817,28817,2024.22
4,baseline,dense_quotes,8,1,44,1,28817,28817,1876.67
4,baseline,dense_quotes,8,1,44,2,28817,28817,1932.71
4,baseline,dense_quotes,8,1,44,3,28817,28817,2167.75
4,baseline,dense_quotes,8,1,44,4,28817,28817,2452.09
4,baseline,dense_quotes,8,1,44,5,28817,28817,2413.71
4,baseline,dense_quotes,8,1,44,6,28817,28817,2409.31
4,baseline,dense_quotes,16,1,60,0,20220,20220,2483.48
4,baseline,dense_quotes,16,1,60,1,20220,20220,2389.22
4,baseline,dense_quotes,16,1,60,2,20220,20220,2196.44
4,baseline,dense_quotes,16,1,60,3,20220,20220,2482.34
4,baseline,dense_quotes,16,1,60,4,20220,20220,2449.36
4,baseline,dense_quotes,16,1,60,5,20220,20220,2442.63
4,baseline,dense_quotes,16,1,60,6,20220,20220,2449.60
4,baseline,dense_quotes,64,1,156,0,19612,19612,2517.13
4,baseline,dense_quotes,64,1,156,1,19612,19612,2541.25
4,baseline,dense_quotes,64,1,156,2,19612,19612,2539.52
4,baseline,dense_quotes,64,1,156,3,19612,19612,2599.28
4,baseline,dense_quotes,64,1,156,4,19612,19612,2499.39
4,baseline,dense_quotes,64,1,156,5,19612,19612,2537.12
4,baseline,dense_quotes,64,1,156,6,19612,19612,2524.63
4,baseline,dense_quotes,4096,1,8220,0,6322,6322,7803.07
4,baseline,dense_quotes,4096,1,8220,1,6322,6322,7851.15
4,baseline,dense_quotes,4096,1,8220,2,6322,6322,7828.85
4,baseline,dense_quotes,4096,1,8220,3,6322,6322,7835.97
4,baseline,dense_quotes,4096,1,8220,4,6322,6322,7864.28
4,baseline,dense_quotes,4096,1,8220,5,6322,6322,7864.92
4,baseline,dense_quotes,4096,1,8220,6,6322,6322,7870.14
4,baseline,dense_quotes,65536,1,131100,0,565,565,88378.76
4,baseline,dense_quotes,65536,1,131100,1,565,565,88479.65
4,baseline,dense_quotes,65536,1,131100,2,565,565,88426.55
4,baseline,dense_quotes,65536,1,131100,3,565,565,88401.77
4,baseline,dense_quotes,65536,1,131100,4,565,565,88401.77
4,baseline,dense_quotes,65536,1,131100,5,565,565,88431.86
4,baseline,dense_quotes,65536,1,131100,6,565,565,88484.96
4,baseline,unterminated,0,1,27,0,59827,0,817.46
4,baseline,unterminated,0,1,27,1,59827,0,829.74
4,baseline,unterminated,0,1,27,2,59827,0,840.22
4,baseline,unterminated,0,1,27,3,59827,0,838.23
4,baseline,unterminated,0,1,27,4,59827,0,832.52
4,baseline,unterminated,0,1,27,5,59827,0,843.01
4,baseline,unterminated,0,1,27,6,59827,0,842.21
4,baseline,unterminated,8,1,35,0,59403,0,813.16
4,baseline,unterminated,8,1,35,1,59403,0,818.95
4,baseline,unterminated,8,1,35,2,59403,0,820.26
4,baseline,unterminated,8,1,35,3,59403,0,825.14
4,baseline,unterminated,8,1,35,4,59403,0,822.38
4,baseline,unterminated,8,1,35,5,59403,0,827.23
4,baseline,unterminated,8,1,35,6,59403,0,828.49
4,baseline,unterminated,16,1,43,0,59145,0,828.61
4,baseline,unterminated,16,1,43,1,59145,0,836.77
4,baseline,unterminated,16,1,43,2,59145,0,839.53
4,baseline,unterminated,16,1,43,3,59145,0,878.11
4,baseline,unterminated,16,1,43,4,59145,0,858.48
4,baseline,unterminated,16,1,43,5,59145,0,853.90
4,baseline,unterminated,16,1,43,6,59145,0,821.69
4,baseline,unterminated,64,1,91,0,58442,0,828.68
4,baseline,unterminated,64,1,91,1,58442,0,834.13
4,baseline,unterminated,64,1,91,2,58442,0,841.21
4,baseline,unterminated,64,1,91,3,58442,0,842.22
4,baseline,unterminated,64,1,91,4,58442,0,835.50
4,baseline,unterminated,64,1,91,5,58442,0,833.13
4,baseline,unterminated,64,1,91,6,58442,0,826.75
4,baseline,unterminated,4096,1,4123,0,47539,0,1021.52
4,baseline,unterminated,4096,1,4123,1,47539,0,1024.65
4,baseline,unterminated,4096,1,4123,2,47539,0,1033.00
4,baseline,unterminated,4096,1,4123,3,47539,0,1038.83
4,baseline,unterminated,4096,1,4123,4,47539,0,1031.30
4,baseline,unterminated,4096,1,4123,5,47539,0,1036.16
4,baseline,unterminated,4096,1,4123,6,47539,0,1047.92
4,baseline,unterminated,65536,1,65563,0,13161,0,3770.99
4,baseline,unterminated,65536,1,65563,1,13161,0,3764.00
4,baseline,unterminated,65536,1,65563,2,13161,0,3772.59
4,baseline,unterminated,65536,1,65563,3,13161,0,3772.36
4,baseline,unterminated,65536,1,65563,4,13161,0,3772.13
4,baseline,unterminated,65536,1,65563,5,13161,0,3788.31
4,baseline,unterminated,65536,1,65563,6,13161,0,3757.85
4,baseline,quoted,8,128,2322,0,5239,670592,9171.41
4,baseline,quoted,8,128,2322,1,5239,670592,9239.17
4,baseline,quoted,8,128,2322,2,5239,670592,9553.92
4,baseline,quoted,8,128,2322,3,5239,670592,9788.51
4,baseline,quoted,8,128,2322,4,5239,670592,9870.40
4,baseline,quoted,8,128,2322,5,5239,670592,9845.20
4,baseline,quoted,8,128,2322,6,5239,670592,9848.64
