arm,run,pattern,body_bytes,rows,input_bytes,trial,calls,output_rows,ns_per_call
baseline,0,plain,0,1,26,0,29655,29655,1568.46
baseline,0,plain,0,1,26,1,29655,29655,1549.96
baseline,0,plain,0,1,26,2,29655,29655,1624.44
baseline,0,plain,0,1,26,3,29655,29655,1573.85
baseline,0,plain,0,1,26,4,29655,29655,1612.68
baseline,0,plain,0,1,26,5,29655,29655,1801.74
baseline,0,plain,0,1,26,6,29655,29655,1743.37
baseline,0,plain,8,1,34,0,26754,26754,1580.51
baseline,0,plain,8,1,34,1,26754,26754,1552.49
baseline,0,plain,8,1,34,2,26754,26754,1596.99
baseline,0,plain,8,1,34,3,26754,26754,1589.47
baseline,0,plain,8,1,34,4,26754,26754,1607.83
baseline,0,plain,8,1,34,5,26754,26754,1622.57
baseline,0,plain,8,1,34,6,26754,26754,1573.36
baseline,0,plain,16,1,42,0,31261,31261,1574.67
baseline,0,plain,16,1,42,1,31261,31261,1629.29
baseline,0,plain,16,1,42,2,31261,31261,1637.04
baseline,0,plain,16,1,42,3,31261,31261,1609.57
baseline,0,plain,16,1,42,4,31261,31261,1568.59
baseline,0,plain,16,1,42,5,31261,31261,1571.37
baseline,0,plain,16,1,42,6,31261,31261,1629.13
baseline,0,plain,64,1,90,0,30327,30327,1626.96
baseline,0,plain,64,1,90,1,30327,30327,1584.08
baseline,0,plain,64,1,90,2,30327,30327,1628.55
baseline,0,plain,64,1,90,3,30327,30327,1603.60
baseline,0,plain,64,1,90,4,30327,30327,1682.51
baseline,0,plain,64,1,90,5,30327,30327,1585.33
baseline,0,plain,64,1,90,6,30327,30327,1594.68
baseline,0,plain,4096,1,4122,0,9864,9864,4936.29
baseline,0,plain,4096,1,4122,1,9864,9864,4953.97
baseline,0,plain,4096,1,4122,2,9864,9864,5021.64
baseline,0,plain,4096,1,4122,3,9864,9864,5214.84
baseline,0,plain,4096,1,4122,4,9864,9864,5269.66
baseline,0,plain,4096,1,4122,5,9864,9864,5208.70
baseline,0,plain,4096,1,4122,6,9864,9864,5232.78
baseline,0,plain,65536,1,65562,0,811,811,57336.67
baseline,0,plain,65536,1,65562,1,811,811,57921.80
baseline,0,plain,65536,1,65562,2,811,811,57929.00
baseline,0,plain,65536,1,65562,3,811,811,58513.56
baseline,0,plain,65536,1,65562,4,811,811,57978.42
baseline,0,plain,65536,1,65562,5,811,811,56960.03
baseline,0,plain,65536,1,65562,6,811,811,60805.44
baseline,0,quoted,0,1,28,0,31547,31547,1583.74
baseline,0,quoted,0,1,28,1,31547,31547,1703.17
baseline,0,quoted,0,1,28,2,31547,31547,1620.25
baseline,0,quoted,0,1,28,3,31547,31547,1592.05
baseline,0,quoted,0,1,28,4,31547,31547,1554.38
baseline,0,quoted,0,1,28,5,31547,31547,1589.94
baseline,0,quoted,0,1,28,6,31547,31547,1561.60
baseline,0,quoted,8,1,36,0,31578,31578,1571.78
baseline,0,quoted,8,1,36,1,31578,31578,1563.26
baseline,0,quoted,8,1,36,2,31578,31578,1626.25
baseline,0,quoted,8,1,36,3,31578,31578,1691.72
baseline,0,quoted,8,1,36,4,31578,31578,1531.74
baseline,0,quoted,8,1,36,5,31578,31578,1589.35
baseline,0,quoted,8,1,36,6,31578,31578,1581.00
baseline,0,quoted,16,1,44,0,29763,29763,1570.04
baseline,0,quoted,16,1,44,1,29763,29763,1595.41
baseline,0,quoted,16,1,44,2,29763,29763,1614.82
baseline,0,quoted,16,1,44,3,29763,29763,1647.39
baseline,0,quoted,16,1,44,4,29763,29763,1546.65
baseline,0,quoted,16,1,44,5,29763,29763,1925.64
baseline,0,quoted,16,1,44,6,29763,29763,1589.73
baseline,0,quoted,64,1,92,0,31016,31016,1599.31
baseline,0,quoted,64,1,92,1,31016,31016,1557.97
baseline,0,quoted,64,1,92,2,31016,31016,1578.13
baseline,0,quoted,64,1,92,3,31016,31016,1579.60
baseline,0,quoted,64,1,92,4,31016,31016,1583.80
baseline,0,quoted,64,1,92,5,31016,31016,1535.75
baseline,0,quoted,64,1,92,6,31016,31016,1604.59
baseline,0,quoted,4096,1,4124,0,17070,17070,2845.80
baseline,0,quoted,4096,1,4124,1,17070,17070,2862.52
baseline,0,quoted,4096,1,4124,2,17070,17070,2869.63
baseline,0,quoted,4096,1,4124,3,17070,17070,3005.04
baseline,0,quoted,4096,1,4124,4,17070,17070,3204.27
baseline,0,quoted,4096,1,4124,5,17070,17070,3061.62
baseline,0,quoted,4096,1,4124,6,17070,17070,3162.59
baseline,0,quoted,65536,1,65564,0,2146,2146,23857.33
baseline,0,quoted,65536,1,65564,1,2146,2146,23531.42
baseline,0,quoted,65536,1,65564,2,2146,2146,23791.82
baseline,0,quoted,65536,1,65564,3,2146,2146,23721.09
baseline,0,quoted,65536,1,65564,4,2146,2146,23589.53
baseline,0,quoted,65536,1,65564,5,2146,2146,23548.54
baseline,0,quoted,65536,1,65564,6,2146,2146,23670.12
baseline,0,escaped,0,1,28,0,31278,31278,1539.93
baseline,0,escaped,0,1,28,1,31278,31278,1660.71
baseline,0,escaped,0,1,28,2,31278,31278,1601.11
baseline,0,escaped,0,1,28,3,31278,31278,1551.45
baseline,0,escaped,0,1,28,4,31278,31278,1564.96
baseline,0,escaped,0,1,28,5,31278,31278,1538.11
baseline,0,escaped,0,1,28,6,31278,31278,1532.24
baseline,0,escaped,8,1,36,0,29658,29658,1586.85
baseline,0,escaped,8,1,36,1,29658,29658,1567.08
baseline,0,escaped,8,1,36,2,29658,29658,1522.05
baseline,0,escaped,8,1,36,3,29658,29658,1570.82
baseline,0,escaped,8,1,36,4,29658,29658,1533.83
baseline,0,escaped,8,1,36,5,29658,29658,1583.17
baseline,0,escaped,8,1,36,6,29658,29658,1581.81
baseline,0,escaped,16,1,44,0,30259,30259,1557.08
baseline,0,escaped,16,1,44,1,30259,30259,1606.25
baseline,0,escaped,16,1,44,2,30259,30259,1703.20
baseline,0,escaped,16,1,44,3,30259,30259,1548.79
baseline,0,escaped,16,1,44,4,30259,30259,1590.90
baseline,0,escaped,16,1,44,5,30259,30259,1553.01
baseline,0,escaped,16,1,44,6,30259,30259,1615.99
baseline,0,escaped,64,1,94,0,28427,28427,1709.73
baseline,0,escaped,64,1,94,1,28427,28427,1762.23
baseline,0,escaped,64,1,94,2,28427,28427,1710.11
baseline,0,escaped,64,1,94,3,28427,28427,1872.18
baseline,0,escaped,64,1,94,4,28427,28427,1711.73
baseline,0,escaped,64,1,94,5,28427,28427,1724.02
baseline,0,escaped,64,1,94,6,28427,28427,1726.33
baseline,0,escaped,4096,1,4252,0,4154,4154,12797.89
baseline,0,escaped,4096,1,4252,1,4154,4154,12161.60
baseline,0,escaped,4096,1,4252,2,4154,4154,12108.91
baseline,0,escaped,4096,1,4252,3,4154,4154,12034.00
baseline,0,escaped,4096,1,4252,4,4154,4154,12065.81
baseline,0,escaped,4096,1,4252,5,4154,4154,12646.35
baseline,0,escaped,4096,1,4252,6,4154,4154,12053.90
baseline,0,escaped,65536,1,67612,0,294,294,171030.04
baseline,0,escaped,65536,1,67612,1,294,294,169891.01
baseline,0,escaped,65536,1,67612,2,294,294,180220.38
baseline,0,escaped,65536,1,67612,3,294,294,170656.89
baseline,0,escaped,65536,1,67612,4,294,294,171250.85
baseline,0,escaped,65536,1,67612,5,294,294,170098.35
baseline,0,escaped,65536,1,67612,6,294,294,172829.93
baseline,0,dense_quotes,0,1,28,0,31064,31064,1550.85
baseline,0,dense_quotes,0,1,28,1,31064,31064,1542.28
baseline,0,dense_quotes,0,1,28,2,31064,31064,1552.15
baseline,0,dense_quotes,0,1,28,3,31064,31064,1550.56
baseline,0,dense_quotes,0,1,28,4,31064,31064,1565.42
baseline,0,dense_quotes,0,1,28,5,31064,31064,1650.03
baseline,0,dense_quotes,0,1,28,6,31064,31064,1546.68
baseline,0,dense_quotes,8,1,44,0,30109,30109,1622.75
baseline,0,dense_quotes,8,1,44,1,30109,30109,1697.39
baseline,0,dense_quotes,8,1,44,2,30109,30109,1619.35
baseline,0,dense_quotes,8,1,44,3,30109,30109,1611.95
baseline,0,dense_quotes,8,1,44,4,30109,30109,1653.19
baseline,0,dense_quotes,8,1,44,5,30109,30109,1627.71
baseline,0,dense_quotes,8,1,44,6,30109,30109,1608.51
baseline,0,dense_quotes,16,1,60,0,27118,27118,1709.19
baseline,0,dense_quotes,16,1,60,1,27118,27118,1679.53
baseline,0,dense_quotes,16,1,60,2,27118,27118,1696.97
baseline,0,dense_quotes,16,1,60,3,27118,27118,1697.92
baseline,0,dense_quotes,16,1,60,4,27118,27118,1870.33
baseline,0,dense_quotes,16,1,60,5,27118,27118,1818.21
baseline,0,dense_quotes,16,1,60,6,27118,27118,1886.13
baseline,0,dense_quotes,64,1,156,0,21415,21415,2318.47
baseline,0,dense_quotes,64,1,156,1,21415,21415,2355.57
baseline,0,dense_quotes,64,1,156,2,21415,21415,2077.19
baseline,0,dense_quotes,64,1,156,3,21415,21415,2055.02
baseline,0,dense_quotes,64,1,156,4,21415,21415,2186.28
baseline,0,dense_quotes,64,1,156,5,21415,21415,2125.32
baseline,0,dense_quotes,64,1,156,6,21415,21415,2072.03
baseline,0,dense_quotes,4096,1,8220,0,1618,1618,31420.09
baseline,0,dense_quotes,4096,1,8220,1,1618,1618,31121.16
baseline,0,dense_quotes,4096,1,8220,2,1618,1618,31901.45
baseline,0,dense_quotes,4096,1,8220,3,1618,1618,34277.04
baseline,0,dense_quotes,4096,1,8220,4,1618,1618,31585.06
baseline,0,dense_quotes,4096,1,8220,5,1618,1618,31046.28
baseline,0,dense_quotes,4096,1,8220,6,1618,1618,30921.92
baseline,0,dense_quotes,65536,1,131100,0,105,105,475271.03
baseline,0,dense_quotes,65536,1,131100,1,105,105,478423.02
baseline,0,dense_quotes,65536,1,131100,2,105,105,474587.70
baseline,0,dense_quotes,65536,1,131100,3,105,105,482979.36
baseline,0,dense_quotes,65536,1,131100,4,105,105,483886.90
baseline,0,dense_quotes,65536,1,131100,5,105,105,505826.19
baseline,0,dense_quotes,65536,1,131100,6,105,105,499530.95
baseline,0,unterminated,0,1,27,0,59136,0,829.67
baseline,0,unterminated,0,1,27,1,59136,0,826.64
baseline,0,unterminated,0,1,27,2,59136,0,859.32
baseline,0,unterminated,0,1,27,3,59136,0,832.89
baseline,0,unterminated,0,1,27,4,59136,0,820.47
baseline,0,unterminated,0,1,27,5,59136,0,843.05
baseline,0,unterminated,0,1,27,6,59136,0,837.20
baseline,0,unterminated,8,1,35,0,55448,0,829.06
baseline,0,unterminated,8,1,35,1,55448,0,820.90
baseline,0,unterminated,8,1,35,2,55448,0,821.40
baseline,0,unterminated,8,1,35,3,55448,0,823.48
baseline,0,unterminated,8,1,35,4,55448,0,806.23
baseline,0,unterminated,8,1,35,5,55448,0,851.75
baseline,0,unterminated,8,1,35,6,55448,0,819.01
baseline,0,unterminated,16,1,43,0,56399,0,829.66
baseline,0,unterminated,16,1,43,1,56399,0,857.93
baseline,0,unterminated,16,1,43,2,56399,0,850.78
baseline,0,unterminated,16,1,43,3,56399,0,835.01
baseline,0,unterminated,16,1,43,4,56399,0,840.84
baseline,0,unterminated,16,1,43,5,56399,0,828.66
baseline,0,unterminated,16,1,43,6,56399,0,866.84
baseline,0,unterminated,64,1,91,0,56873,0,827.29
baseline,0,unterminated,64,1,91,1,56873,0,836.22
baseline,0,unterminated,64,1,91,2,56873,0,863.91
baseline,0,unterminated,64,1,91,3,56873,0,875.65
baseline,0,unterminated,64,1,91,4,56873,0,877.93
baseline,0,unterminated,64,1,91,5,56873,0,908.39
baseline,0,unterminated,64,1,91,6,56873,0,841.28
baseline,0,unterminated,4096,1,4123,0,32188,0,1545.77
baseline,0,unterminated,4096,1,4123,1,32188,0,1560.69
baseline,0,unterminated,4096,1,4123,2,32188,0,1558.04
baseline,0,unterminated,4096,1,4123,3,32188,0,1538.47
baseline,0,unterminated,4096,1,4123,4,32188,0,1530.42
baseline,0,unterminated,4096,1,4123,5,32188,0,1546.01
baseline,0,unterminated,4096,1,4123,6,32188,0,1595.94
baseline,0,unterminated,65536,1,65563,0,3648,0,13088.68
baseline,0,unterminated,65536,1,65563,1,3648,0,13120.08
baseline,0,unterminated,65536,1,65563,2,3648,0,13388.75
baseline,0,unterminated,65536,1,65563,3,3648,0,13279.19
baseline,0,unterminated,65536,1,65563,4,3648,0,13017.60
baseline,0,unterminated,65536,1,65563,5,3648,0,13035.81
baseline,0,unterminated,65536,1,65563,6,3648,0,12966.35
baseline,0,quoted,8,128,2322,0,4933,631424,11482.41
baseline,0,quoted,8,128,2322,1,4933,631424,10381.70
baseline,0,quoted,8,128,2322,2,4933,631424,10336.31
baseline,0,quoted,8,128,2322,3,4933,631424,10133.95
baseline,0,quoted,8,128,2322,4,4933,631424,10286.16
baseline,0,quoted,8,128,2322,5,4933,631424,10594.06
baseline,0,quoted,8,128,2322,6,4933,631424,10301.41
candidate,1,plain,0,1,26,0,30271,30271,1563.51
candidate,1,plain,0,1,26,1,30271,30271,1566.83
candidate,1,plain,0,1,26,2,30271,30271,1662.12
candidate,1,plain,0,1,26,3,30271,30271,1560.45
candidate,1,plain,0,1,26,4,30271,30271,1602.45
candidate,1,plain,0,1,26,5,30271,30271,1560.27
candidate,1,plain,0,1,26,6,30271,30271,1585.40
candidate,1,plain,8,1,34,0,31021,31021,1611.49
candidate,1,plain,8,1,34,1,31021,31021,1579.69
candidate,1,plain,8,1,34,2,31021,31021,1522.72
candidate,1,plain,8,1,34,3,31021,31021,1572.90
candidate,1,plain,8,1,34,4,31021,31021,1907.93
candidate,1,plain,8,1,34,5,31021,31021,1584.45
candidate,1,plain,8,1,34,6,31021,31021,1581.41
candidate,1,plain,16,1,42,0,29502,29502,1873.42
candidate,1,plain,16,1,42,1,29502,29502,1610.94
candidate,1,plain,16,1,42,2,29502,29502,1599.99
candidate,1,plain,16,1,42,3,29502,29502,1655.71
candidate,1,plain,16,1,42,4,29502,29502,1623.17
candidate,1,plain,16,1,42,5,29502,29502,1635.93
candidate,1,plain,16,1,42,6,29502,29502,1700.20
candidate,1,plain,64,1,90,0,30509,30509,1607.16
candidate,1,plain,64,1,90,1,30509,30509,1608.69
candidate,1,plain,64,1,90,2,30509,30509,1684.92
candidate,1,plain,64,1,90,3,30509,30509,1683.21
candidate,1,plain,64,1,90,4,30509,30509,1622.06
candidate,1,plain,64,1,90,5,30509,30509,1659.30
candidate,1,plain,64,1,90,6,30509,30509,1602.32
candidate,1,plain,4096,1,4122,0,9869,9869,5047.25
candidate,1,plain,4096,1,4122,1,9869,9869,5348.41
candidate,1,plain,4096,1,4122,2,9869,9869,5069.20
candidate,1,plain,4096,1,4122,3,9869,9869,4957.43
candidate,1,plain,4096,1,4122,4,9869,9869,4975.60
candidate,1,plain,4096,1,4122,5,9869,9869,4995.74
candidate,1,plain,4096,1,4122,6,9869,9869,5090.38
candidate,1,plain,65536,1,65562,0,873,873,58003.72
candidate,1,plain,65536,1,65562,1,873,873,57477.52
candidate,1,plain,65536,1,65562,2,873,873,57368.41
candidate,1,plain,65536,1,65562,3,873,873,59675.02
candidate,1,plain,65536,1,65562,4,873,873,57611.88
candidate,1,plain,65536,1,65562,5,873,873,57013.51
candidate,1,plain,65536,1,65562,6,873,873,144675.97
candidate,1,quoted,0,1,28,0,29207,29207,1599.92
candidate,1,quoted,0,1,28,1,29207,29207,1626.32
candidate,1,quoted,0,1,28,2,29207,29207,1581.54
candidate,1,quoted,0,1,28,3,29207,29207,1592.97
candidate,1,quoted,0,1,28,4,29207,29207,1631.06
candidate,1,quoted,0,1,28,5,29207,29207,1574.21
candidate,1,quoted,0,1,28,6,29207,29207,1552.68
candidate,1,quoted,8,1,36,0,30067,30067,1592.31
candidate,1,quoted,8,1,36,1,30067,30067,1576.37
candidate,1,quoted,8,1,36,2,30067,30067,1540.66
candidate,1,quoted,8,1,36,3,30067,30067,1640.20
candidate,1,quoted,8,1,36,4,30067,30067,1581.94
candidate,1,quoted,8,1,36,5,30067,30067,1767.75
candidate,1,quoted,8,1,36,6,30067,30067,1634.56
candidate,1,quoted,16,1,44,0,31049,31049,1597.31
candidate,1,quoted,16,1,44,1,31049,31049,1576.84
candidate,1,quoted,16,1,44,2,31049,31049,1620.94
candidate,1,quoted,16,1,44,3,31049,31049,1589.91
candidate,1,quoted,16,1,44,4,31049,31049,1690.56
candidate,1,quoted,16,1,44,5,31049,31049,1585.12
candidate,1,quoted,16,1,44,6,31049,31049,1566.38
candidate,1,quoted,64,1,92,0,30387,30387,1621.90
candidate,1,quoted,64,1,92,1,30387,30387,1588.56
candidate,1,quoted,64,1,92,2,30387,30387,1578.07
candidate,1,quoted,64,1,92,3,30387,30387,1578.52
candidate,1,quoted,64,1,92,4,30387,30387,1696.47
candidate,1,quoted,64,1,92,5,30387,30387,1586.02
candidate,1,quoted,64,1,92,6,30387,30387,1571.12
candidate,1,quoted,4096,1,4124,0,17011,17011,2917.17
candidate,1,quoted,4096,1,4124,1,17011,17011,2893.81
candidate,1,quoted,4096,1,4124,2,17011,17011,2916.99
candidate,1,quoted,4096,1,4124,3,17011,17011,2890.56
candidate,1,quoted,4096,1,4124,4,17011,17011,3120.53
candidate,1,quoted,4096,1,4124,5,17011,17011,3100.43
candidate,1,quoted,4096,1,4124,6,17011,17011,2912.42
candidate,1,quoted,65536,1,65564,0,2115,2115,23822.91
candidate,1,quoted,65536,1,65564,1,2115,2115,23789.03
candidate,1,quoted,65536,1,65564,2,2115,2115,23488.16
candidate,1,quoted,65536,1,65564,3,2115,2115,23835.60
candidate,1,quoted,65536,1,65564,4,2115,2115,24254.73
candidate,1,quoted,65536,1,65564,5,2115,2115,23438.42
candidate,1,quoted,65536,1,65564,6,2115,2115,23724.45
candidate,1,escaped,0,1,28,0,29449,29449,1560.20
candidate,1,escaped,0,1,28,1,29449,29449,1685.00
candidate,1,escaped,0,1,28,2,29449,29449,1650.03
candidate,1,escaped,0,1,28,3,29449,29449,1572.64
candidate,1,escaped,0,1,28,4,29449,29449,1546.51
candidate,1,escaped,0,1,28,5,29449,29449,1580.20
candidate,1,escaped,0,1,28,6,29449,29449,1758.47
candidate,1,escaped,8,1,36,0,27958,27958,1713.96
candidate,1,escaped,8,1,36,1,27958,27958,1564.32
candidate,1,escaped,8,1,36,2,27958,27958,1594.89
candidate,1,escaped,8,1,36,3,27958,27958,1607.21
candidate,1,escaped,8,1,36,4,27958,27958,1604.10
candidate,1,escaped,8,1,36,5,27958,27958,1690.58
candidate,1,escaped,8,1,36,6,27958,27958,1562.65
candidate,1,escaped,16,1,44,0,29918,29918,1587.05
candidate,1,escaped,16,1,44,1,29918,29918,1559.29
candidate,1,escaped,16,1,44,2,29918,29918,1656.28
candidate,1,escaped,16,1,44,3,29918,29918,1586.82
candidate,1,escaped,16,1,44,4,29918,29918,1551.82
candidate,1,escaped,16,1,44,5,29918,29918,1592.60
candidate,1,escaped,16,1,44,6,29918,29918,1666.97
candidate,1,escaped,64,1,94,0,29740,29740,1664.51
candidate,1,escaped,64,1,94,1,29740,29740,1666.52
candidate,1,escaped,64,1,94,2,29740,29740,1753.51
candidate,1,escaped,64,1,94,3,29740,29740,1661.47
candidate,1,escaped,64,1,94,4,29740,29740,1667.12
candidate,1,escaped,64,1,94,5,29740,29740,1721.53
candidate,1,escaped,64,1,94,6,29740,29740,1883.85
candidate,1,escaped,4096,1,4252,0,5748,5748,8261.82
candidate,1,escaped,4096,1,4252,1,5748,5748,8110.22
candidate,1,escaped,4096,1,4252,2,5748,5748,8080.19
candidate,1,escaped,4096,1,4252,3,5748,5748,8259.66
candidate,1,escaped,4096,1,4252,4,5748,5748,8364.32
candidate,1,escaped,4096,1,4252,5,5748,5748,8514.03
candidate,1,escaped,4096,1,4252,6,5748,5748,8403.72
candidate,1,escaped,65536,1,67612,0,455,455,106679.40
candidate,1,escaped,65536,1,67612,1,455,455,119118.68
candidate,1,escaped,65536,1,67612,2,455,455,108544.51
candidate,1,escaped,65536,1,67612,3,455,455,106891.03
candidate,1,escaped,65536,1,67612,4,455,455,108197.71
candidate,1,escaped,65536,1,67612,5,455,455,108829.21
candidate,1,escaped,65536,1,67612,6,455,455,106830.04
candidate,1,dense_quotes,0,1,28,0,23071,23071,1624.01
candidate,1,dense_quotes,0,1,28,1,23071,23071,1751.13
candidate,1,dense_quotes,0,1,28,2,23071,23071,1581.52
candidate,1,dense_quotes,0,1,28,3,23071,23071,1573.49
candidate,1,dense_quotes,0,1,28,4,23071,23071,1650.95
candidate,1,dense_quotes,0,1,28,5,23071,23071,1633.33
candidate,1,dense_quotes,0,1,28,6,23071,23071,1579.86
candidate,1,dense_quotes,8,1,44,0,29682,29682,1711.53
candidate,1,dense_quotes,8,1,44,1,29682,29682,1644.40
candidate,1,dense_quotes,8,1,44,2,29682,29682,1653.51
candidate,1,dense_quotes,8,1,44,3,29682,29682,1761.15
candidate,1,dense_quotes,8,1,44,4,29682,29682,1701.71
candidate,1,dense_quotes,8,1,44,5,29682,29682,1646.13
candidate,1,dense_quotes,8,1,44,6,29682,29682,1674.83
candidate,1,dense_quotes,16,1,60,0,28571,28571,1706.95
candidate,1,dense_quotes,16,1,60,1,28571,28571,1803.07
candidate,1,dense_quotes,16,1,60,2,28571,28571,1707.72
candidate,1,dense_quotes,16,1,60,3,28571,28571,1735.14
candidate,1,dense_quotes,16,1,60,4,28571,28571,1765.59
candidate,1,dense_quotes,16,1,60,5,28571,28571,1966.50
candidate,1,dense_quotes,16,1,60,6,28571,28571,1754.94
candidate,1,dense_quotes,64,1,156,0,24469,24469,2064.78
candidate,1,dense_quotes,64,1,156,1,24469,24469,2111.79
candidate,1,dense_quotes,64,1,156,2,24469,24469,2185.70
candidate,1,dense_quotes,64,1,156,3,24469,24469,2155.88
candidate,1,dense_quotes,64,1,156,4,24469,24469,2029.26
candidate,1,dense_quotes,64,1,156,5,24469,24469,2098.52
candidate,1,dense_quotes,64,1,156,6,24469,24469,2146.45
candidate,1,dense_quotes,4096,1,8220,0,1702,1702,28919.46
candidate,1,dense_quotes,4096,1,8220,1,1702,1702,28874.14
candidate,1,dense_quotes,4096,1,8220,2,1702,1702,28790.12
candidate,1,dense_quotes,4096,1,8220,3,1702,1702,28921.69
candidate,1,dense_quotes,4096,1,8220,4,1702,1702,30353.26
candidate,1,dense_quotes,4096,1,8220,5,1702,1702,29233.48
candidate,1,dense_quotes,4096,1,8220,6,1702,1702,28938.75
candidate,1,dense_quotes,65536,1,131100,0,116,116,437315.01
candidate,1,dense_quotes,65536,1,131100,1,116,116,460974.14
candidate,1,dense_quotes,65536,1,131100,2,116,116,435089.44
candidate,1,dense_quotes,65536,1,131100,3,116,116,430198.28
candidate,1,dense_quotes,65536,1,131100,4,116,116,429961.56
candidate,1,dense_quotes,65536,1,131100,5,116,116,429704.02
candidate,1,dense_quotes,65536,1,131100,6,116,116,436980.60
candidate,1,unterminated,0,1,27,0,57404,0,872.92
candidate,1,unterminated,0,1,27,1,57404,0,881.60
candidate,1,unterminated,0,1,27,2,57404,0,921.80
candidate,1,unterminated,0,1,27,3,57404,0,822.32
candidate,1,unterminated,0,1,27,4,57404,0,854.10
candidate,1,unterminated,0,1,27,5,57404,0,855.39
candidate,1,unterminated,0,1,27,6,57404,0,890.53
candidate,1,unterminated,8,1,35,0,55465,0,829.34
candidate,1,unterminated,8,1,35,1,55465,0,855.16
candidate,1,unterminated,8,1,35,2,55465,0,837.45
candidate,1,unterminated,8,1,35,3,55465,0,847.59
candidate,1,unterminated,8,1,35,4,55465,0,893.16
candidate,1,unterminated,8,1,35,5,55465,0,836.19
candidate,1,unterminated,8,1,35,6,55465,0,831.03
candidate,1,unterminated,16,1,43,0,57580,0,829.40
candidate,1,unterminated,16,1,43,1,57580,0,837.70
candidate,1,unterminated,16,1,43,2,57580,0,864.03
candidate,1,unterminated,16,1,43,3,57580,0,835.38
candidate,1,unterminated,16,1,43,4,57580,0,851.21
candidate,1,unterminated,16,1,43,5,57580,0,863.43
candidate,1,unterminated,16,1,43,6,57580,0,878.94
candidate,1,unterminated,64,1,91,0,55750,0,875.15
candidate,1,unterminated,64,1,91,1,55750,0,841.49
candidate,1,unterminated,64,1,91,2,55750,0,829.15
candidate,1,unterminated,64,1,91,3,55750,0,863.59
candidate,1,unterminated,64,1,91,4,55750,0,860.58
candidate,1,unterminated,64,1,91,5,55750,0,899.90
candidate,1,unterminated,64,1,91,6,55750,0,886.21
candidate,1,unterminated,4096,1,4123,0,30516,0,1584.49
candidate,1,unterminated,4096,1,4123,1,30516,0,1665.43
candidate,1,unterminated,4096,1,4123,2,30516,0,1618.68
candidate,1,unterminated,4096,1,4123,3,30516,0,1545.83
candidate,1,unterminated,4096,1,4123,4,30516,0,1552.99
candidate,1,unterminated,4096,1,4123,5,30516,0,1602.20
candidate,1,unterminated,4096,1,4123,6,30516,0,1553.13
candidate,1,unterminated,65536,1,65563,0,3651,0,13038.27
candidate,1,unterminated,65536,1,65563,1,3651,0,13092.04
candidate,1,unterminated,65536,1,65563,2,3651,0,12994.03
candidate,1,unterminated,65536,1,65563,3,3651,0,13004.53
candidate,1,unterminated,65536,1,65563,4,3651,0,13853.01
candidate,1,unterminated,65536,1,65563,5,3651,0,12952.01
candidate,1,unterminated,65536,1,65563,6,3651,0,12859.75
candidate,1,quoted,8,128,2322,0,4440,568320,11293.51
candidate,1,quoted,8,128,2322,1,4440,568320,11380.60
candidate,1,quoted,8,128,2322,2,4440,568320,11300.38
candidate,1,quoted,8,128,2322,3,4440,568320,11344.13
candidate,1,quoted,8,128,2322,4,4440,568320,11398.55
candidate,1,quoted,8,128,2322,5,4440,568320,11353.18
candidate,1,quoted,8,128,2322,6,4440,568320,11728.57
candidate,2,plain,0,1,26,0,30576,30576,1586.58
candidate,2,plain,0,1,26,1,30576,30576,1567.64
candidate,2,plain,0,1,26,2,30576,30576,1573.93
candidate,2,plain,0,1,26,3,30576,30576,1574.06
candidate,2,plain,0,1,26,4,30576,30576,1629.50
candidate,2,plain,0,1,26,5,30576,30576,1568.50
candidate,2,plain,0,1,26,6,30576,30576,1572.30
candidate,2,plain,8,1,34,0,27359,27359,1779.48
candidate,2,plain,8,1,34,1,27359,27359,1704.58
candidate,2,plain,8,1,34,2,27359,27359,1769.85
candidate,2,plain,8,1,34,3,27359,27359,1686.27
candidate,2,plain,8,1,34,4,27359,27359,1573.53
candidate,2,plain,8,1,34,5,27359,27359,1602.11
candidate,2,plain,8,1,34,6,27359,27359,1725.70
candidate,2,plain,16,1,42,0,30778,30778,1589.38
candidate,2,plain,16,1,42,1,30778,30778,1815.96
candidate,2,plain,16,1,42,2,30778,30778,1681.79
candidate,2,plain,16,1,42,3,30778,30778,1837.80
candidate,2,plain,16,1,42,4,30778,30778,1822.82
candidate,2,plain,16,1,42,5,30778,30778,1837.32
candidate,2,plain,16,1,42,6,30778,30778,1763.94
candidate,2,plain,64,1,90,0,26474,26474,1850.49
candidate,2,plain,64,1,90,1,26474,26474,1808.51
candidate,2,plain,64,1,90,2,26474,26474,1811.08
candidate,2,plain,64,1,90,3,26474,26474,1812.83
candidate,2,plain,64,1,90,4,26474,26474,1848.57
candidate,2,plain,64,1,90,5,26474,26474,1756.01
candidate,2,plain,64,1,90,6,26474,26474,1601.96
candidate,2,plain,4096,1,4122,0,10015,10015,5090.68
candidate,2,plain,4096,1,4122,1,10015,10015,5216.21
candidate,2,plain,4096,1,4122,2,10015,10015,5058.45
candidate,2,plain,4096,1,4122,3,10015,10015,5037.51
candidate,2,plain,4096,1,4122,4,10015,10015,5015.44
candidate,2,plain,4096,1,4122,5,10015,10015,5162.46
candidate,2,plain,4096,1,4122,6,10015,10015,5532.99
candidate,2,plain,65536,1,65562,0,832,832,58758.46
candidate,2,plain,65536,1,65562,1,832,832,57941.41
candidate,2,plain,65536,1,65562,2,832,832,59950.27
candidate,2,plain,65536,1,65562,3,832,832,57683.09
candidate,2,plain,65536,1,65562,4,832,832,66491.79
candidate,2,plain,65536,1,65562,5,832,832,57910.26
candidate,2,plain,65536,1,65562,6,832,832,57765.07
candidate,2,quoted,0,1,28,0,30098,30098,1688.27
candidate,2,quoted,0,1,28,1,30098,30098,1597.45
candidate,2,quoted,0,1,28,2,30098,30098,1582.75
candidate,2,quoted,0,1,28,3,30098,30098,1651.54
candidate,2,quoted,0,1,28,4,30098,30098,1641.43
candidate,2,quoted,0,1,28,5,30098,30098,1838.78
candidate,2,quoted,0,1,28,6,30098,30098,1779.88
candidate,2,quoted,8,1,36,0,30327,30327,1659.74
candidate,2,quoted,8,1,36,1,30327,30327,1596.69
candidate,2,quoted,8,1,36,2,30327,30327,1665.83
candidate,2,quoted,8,1,36,3,30327,30327,1818.71
candidate,2,quoted,8,1,36,4,30327,30327,1568.14
candidate,2,quoted,8,1,36,5,30327,30327,1601.87
candidate,2,quoted,8,1,36,6,30327,30327,1570.14
candidate,2,quoted,16,1,44,0,28895,28895,1778.24
candidate,2,quoted,16,1,44,1,28895,28895,1582.04
candidate,2,quoted,16,1,44,2,28895,28895,1711.03
candidate,2,quoted,16,1,44,3,28895,28895,1725.32
candidate,2,quoted,16,1,44,4,28895,28895,1851.06
candidate,2,quoted,16,1,44,5,28895,28895,1648.15
candidate,2,quoted,16,1,44,6,28895,28895,1582.48
candidate,2,quoted,64,1,92,0,26764,26764,1821.40
candidate,2,quoted,64,1,92,1,26764,26764,1854.77
candidate,2,quoted,64,1,92,2,26764,26764,1984.14
candidate,2,quoted,64,1,92,3,26764,26764,1820.68
candidate,2,quoted,64,1,92,4,26764,26764,1859.89
candidate,2,quoted,64,1,92,5,26764,26764,1805.12
candidate,2,quoted,64,1,92,6,26764,26764,4752.74
candidate,2,quoted,4096,1,4124,0,16615,16615,2988.61
candidate,2,quoted,4096,1,4124,1,16615,16615,2933.57
candidate,2,quoted,4096,1,4124,2,16615,16615,2930.72
candidate,2,quoted,4096,1,4124,3,16615,16615,2914.51
candidate,2,quoted,4096,1,4124,4,16615,16615,2917.65
candidate,2,quoted,4096,1,4124,5,16615,16615,3070.31
candidate,2,quoted,4096,1,4124,6,16615,16615,3189.01
candidate,2,quoted,65536,1,65564,0,1986,1986,24625.48
candidate,2,quoted,65536,1,65564,1,1986,1986,23906.74
candidate,2,quoted,65536,1,65564,2,1986,1986,24510.39
candidate,2,quoted,65536,1,65564,3,1986,1986,23600.41
candidate,2,quoted,65536,1,65564,4,1986,1986,25090.47
candidate,2,quoted,65536,1,65564,5,1986,1986,23659.01
candidate,2,quoted,65536,1,65564,6,1986,1986,23642.10
candidate,2,escaped,0,1,28,0,29044,29044,1617.38
candidate,2,escaped,0,1,28,1,29044,29044,1778.88
candidate,2,escaped,0,1,28,2,29044,29044,1785.70
candidate,2,escaped,0,1,28,3,29044,29044,1574.55
candidate,2,escaped,0,1,28,4,29044,29044,1607.33
candidate,2,escaped,0,1,28,5,29044,29044,1573.18
candidate,2,escaped,0,1,28,6,29044,29044,1622.25
candidate,2,escaped,8,1,36,0,30972,30972,1827.73
candidate,2,escaped,8,1,36,1,30972,30972,1754.80
candidate,2,escaped,8,1,36,2,30972,30972,1676.75
candidate,2,escaped,8,1,36,3,30972,30972,1565.63
candidate,2,escaped,8,1,36,4,30972,30972,1766.93
candidate,2,escaped,8,1,36,5,30972,30972,1942.00
candidate,2,escaped,8,1,36,6,30972,30972,1848.04
candidate,2,escaped,16,1,44,0,27691,27691,1654.41
candidate,2,escaped,16,1,44,1,27691,27691,1809.90
candidate,2,escaped,16,1,44,2,27691,27691,1699.10
candidate,2,escaped,16,1,44,3,27691,27691,1630.32
candidate,2,escaped,16,1,44,4,27691,27691,1745.92
candidate,2,escaped,16,1,44,5,27691,27691,1577.69
candidate,2,escaped,16,1,44,6,27691,27691,1619.13
candidate,2,escaped,64,1,94,0,28905,28905,1690.06
candidate,2,escaped,64,1,94,1,28905,28905,1685.35
candidate,2,escaped,64,1,94,2,28905,28905,1819.13
candidate,2,escaped,64,1,94,3,28905,28905,1868.30
candidate,2,escaped,64,1,94,4,28905,28905,1817.70
candidate,2,escaped,64,1,94,5,28905,28905,1674.02
candidate,2,escaped,64,1,94,6,28905,28905,1685.16
candidate,2,escaped,4096,1,4252,0,6104,6104,8593.01
candidate,2,escaped,4096,1,4252,1,6104,6104,8157.03
candidate,2,escaped,4096,1,4252,2,6104,6104,8298.55
candidate,2,escaped,4096,1,4252,3,6104,6104,8523.35
candidate,2,escaped,4096,1,4252,4,6104,6104,8149.72
candidate,2,escaped,4096,1,4252,5,6104,6104,8522.87
candidate,2,escaped,4096,1,4252,6,6104,6104,8225.23
candidate,2,escaped,65536,1,67612,0,466,466,107140.02
candidate,2,escaped,65536,1,67612,1,466,466,114821.08
candidate,2,escaped,65536,1,67612,2,466,466,108727.11
candidate,2,escaped,65536,1,67612,3,466,466,107823.41
candidate,2,escaped,65536,1,67612,4,466,466,107445.82
candidate,2,escaped,65536,1,67612,5,466,466,108568.13
candidate,2,escaped,65536,1,67612,6,466,466,106933.30
candidate,2,dense_quotes,0,1,28,0,31050,31050,1674.37
candidate,2,dense_quotes,0,1,28,1,31050,31050,1565.18
candidate,2,dense_quotes,0,1,28,2,31050,31050,1641.65
candidate,2,dense_quotes,0,1,28,3,31050,31050,1725.55
candidate,2,dense_quotes,0,1,28,4,31050,31050,1598.20
candidate,2,dense_quotes,0,1,28,5,31050,31050,1610.73
candidate,2,dense_quotes,0,1,28,6,31050,31050,1660.52
candidate,2,dense_quotes,8,1,44,0,29837,29837,1650.25
candidate,2,dense_quotes,8,1,44,1,29837,29837,1684.97
candidate,2,dense_quotes,8,1,44,2,29837,29837,1669.32
candidate,2,dense_quotes,8,1,44,3,29837,29837,1646.67
candidate,2,dense_quotes,8,1,44,4,29837,29837,1769.80
candidate,2,dense_quotes,8,1,44,5,29837,29837,1632.62
candidate,2,dense_quotes,8,1,44,6,29837,29837,1665.56
candidate,2,dense_quotes,16,1,60,0,28161,28161,1823.38
candidate,2,dense_quotes,16,1,60,1,28161,28161,1732.21
candidate,2,dense_quotes,16,1,60,2,28161,28161,1712.04
candidate,2,dense_quotes,16,1,60,3,28161,28161,1708.71
candidate,2,dense_quotes,16,1,60,4,28161,28161,1796.64
candidate,2,dense_quotes,16,1,60,5,28161,28161,1745.62
candidate,2,dense_quotes,16,1,60,6,28161,28161,1769.88
candidate,2,dense_quotes,64,1,156,0,22818,22818,2137.28
candidate,2,dense_quotes,64,1,156,1,22818,22818,2105.01
candidate,2,dense_quotes,64,1,156,2,22818,22818,2103.29
candidate,2,dense_quotes,64,1,156,3,22818,22818,2104.16
candidate,2,dense_quotes,64,1,156,4,22818,22818,2082.50
candidate,2,dense_quotes,64,1,156,5,22818,22818,2078.19
candidate,2,dense_quotes,64,1,156,6,22818,22818,2058.07
candidate,2,dense_quotes,4096,1,8220,0,1739,1739,28664.97
candidate,2,dense_quotes,4096,1,8220,1,1739,1739,30355.47
candidate,2,dense_quotes,4096,1,8220,2,1739,1739,28802.93
candidate,2,dense_quotes,4096,1,8220,3,1739,1739,29113.71
candidate,2,dense_quotes,4096,1,8220,4,1739,1739,28452.46
candidate,2,dense_quotes,4096,1,8220,5,1739,1739,28478.00
candidate,2,dense_quotes,4096,1,8220,6,1739,1739,28920.98
candidate,2,dense_quotes,65536,1,131100,0,116,116,432050.29
candidate,2,dense_quotes,65536,1,131100,1,116,116,429191.09
candidate,2,dense_quotes,65536,1,131100,2,116,116,464215.52
candidate,2,dense_quotes,65536,1,131100,3,116,116,431758.98
candidate,2,dense_quotes,65536,1,131100,4,116,116,438096.98
candidate,2,dense_quotes,65536,1,131100,5,116,116,434120.33
candidate,2,dense_quotes,65536,1,131100,6,116,116,432002.16
candidate,2,unterminated,0,1,27,0,56457,0,853.90
candidate,2,unterminated,0,1,27,1,56457,0,851.26
candidate,2,unterminated,0,1,27,2,56457,0,832.33
candidate,2,unterminated,0,1,27,3,56457,0,867.20
candidate,2,unterminated,0,1,27,4,56457,0,882.91
candidate,2,unterminated,0,1,27,5,56457,0,819.65
candidate,2,unterminated,0,1,27,6,56457,0,820.21
candidate,2,unterminated,8,1,35,0,58035,0,825.11
candidate,2,unterminated,8,1,35,1,58035,0,848.43
candidate,2,unterminated,8,1,35,2,58035,0,855.64
candidate,2,unterminated,8,1,35,3,58035,0,873.37
candidate,2,unterminated,8,1,35,4,58035,0,821.80
candidate,2,unterminated,8,1,35,5,58035,0,836.42
candidate,2,unterminated,8,1,35,6,58035,0,868.27
candidate,2,unterminated,16,1,43,0,55772,0,922.33
candidate,2,unterminated,16,1,43,1,55772,0,839.43
candidate,2,unterminated,16,1,43,2,55772,0,833.43
candidate,2,unterminated,16,1,43,3,55772,0,836.47
candidate,2,unterminated,16,1,43,4,55772,0,852.35
candidate,2,unterminated,16,1,43,5,55772,0,879.76
candidate,2,unterminated,16,1,43,6,55772,0,853.02
candidate,2,unterminated,64,1,91,0,56420,0,864.08
candidate,2,unterminated,64,1,91,1,56420,0,865.84
candidate,2,unterminated,64,1,91,2,56420,0,829.26
candidate,2,unterminated,64,1,91,3,56420,0,829.07
candidate,2,unterminated,64,1,91,4,56420,0,873.81
candidate,2,unterminated,64,1,91,5,56420,0,862.12
candidate,2,unterminated,64,1,91,6,56420,0,830.20
candidate,2,unterminated,4096,1,4123,0,31002,0,1572.01
candidate,2,unterminated,4096,1,4123,1,31002,0,1618.77
candidate,2,unterminated,4096,1,4123,2,31002,0,1574.75
candidate,2,unterminated,4096,1,4123,3,31002,0,1602.92
candidate,2,unterminated,4096,1,4123,4,31002,0,1632.11
candidate,2,unterminated,4096,1,4123,5,31002,0,1570.16
candidate,2,unterminated,4096,1,4123,6,31002,0,1615.44
candidate,2,unterminated,65536,1,65563,0,3750,0,13043.19
candidate,2,unterminated,65536,1,65563,1,3750,0,13355.03
candidate,2,unterminated,65536,1,65563,2,3750,0,12909.17
candidate,2,unterminated,65536,1,65563,3,3750,0,13287.09
candidate,2,unterminated,65536,1,65563,4,3750,0,12952.04
candidate,2,unterminated,65536,1,65563,5,3750,0,12905.21
candidate,2,unterminated,65536,1,65563,6,3750,0,13076.12
candidate,2,quoted,8,128,2322,0,4501,576128,11549.64
candidate,2,quoted,8,128,2322,1,4501,576128,11129.79
candidate,2,quoted,8,128,2322,2,4501,576128,11523.75
candidate,2,quoted,8,128,2322,3,4501,576128,11712.43
candidate,2,quoted,8,128,2322,4,4501,576128,11283.61
candidate,2,quoted,8,128,2322,5,4501,576128,11349.86
candidate,2,quoted,8,128,2322,6,4501,576128,11271.85
baseline,3,plain,0,1,26,0,29157,29157,1598.25
baseline,3,plain,0,1,26,1,29157,29157,1599.82
baseline,3,plain,0,1,26,2,29157,29157,1696.43
baseline,3,plain,0,1,26,3,29157,29157,1646.10
baseline,3,plain,0,1,26,4,29157,29157,1826.73
baseline,3,plain,0,1,26,5,29157,29157,1625.02
baseline,3,plain,0,1,26,6,29157,29157,1655.92
baseline,3,plain,8,1,34,0,30835,30835,1631.96
baseline,3,plain,8,1,34,1,30835,30835,1657.71
baseline,3,plain,8,1,34,2,30835,30835,1620.28
baseline,3,plain,8,1,34,3,30835,30835,1568.08
baseline,3,plain,8,1,34,4,30835,30835,1571.50
baseline,3,plain,8,1,34,5,30835,30835,1644.85
baseline,3,plain,8,1,34,6,30835,30835,1588.11
baseline,3,plain,16,1,42,0,31217,31217,1654.22
baseline,3,plain,16,1,42,1,31217,31217,1616.95
baseline,3,plain,16,1,42,2,31217,31217,1729.77
baseline,3,plain,16,1,42,3,31217,31217,1577.25
baseline,3,plain,16,1,42,4,31217,31217,1636.44
baseline,3,plain,16,1,42,5,31217,31217,1581.62
baseline,3,plain,16,1,42,6,31217,31217,1613.80
baseline,3,plain,64,1,90,0,29646,29646,1712.00
baseline,3,plain,64,1,90,1,29646,29646,1643.27
baseline,3,plain,64,1,90,2,29646,29646,1758.86
baseline,3,plain,64,1,90,3,29646,29646,1669.20
baseline,3,plain,64,1,90,4,29646,29646,1756.31
baseline,3,plain,64,1,90,5,29646,29646,1639.99
baseline,3,plain,64,1,90,6,29646,29646,1697.58
baseline,3,plain,4096,1,4122,0,10068,10068,4944.97
baseline,3,plain,4096,1,4122,1,10068,10068,5174.37
baseline,3,plain,4096,1,4122,2,10068,10068,5130.86
baseline,3,plain,4096,1,4122,3,10068,10068,5176.13
baseline,3,plain,4096,1,4122,4,10068,10068,5152.38
baseline,3,plain,4096,1,4122,5,10068,10068,5742.63
baseline,3,plain,4096,1,4122,6,10068,10068,5165.43
baseline,3,plain,65536,1,65562,0,862,862,58004.83
baseline,3,plain,65536,1,65562,1,862,862,57198.57
baseline,3,plain,65536,1,65562,2,862,862,58188.85
baseline,3,plain,65536,1,65562,3,862,862,60076.86
baseline,3,plain,65536,1,65562,4,862,862,57541.76
baseline,3,plain,65536,1,65562,5,862,862,57481.97
baseline,3,plain,65536,1,65562,6,862,862,57876.93
baseline,3,quoted,0,1,28,0,26669,26669,1605.32
baseline,3,quoted,0,1,28,1,26669,26669,1544.64
baseline,3,quoted,0,1,28,2,26669,26669,1661.91
baseline,3,quoted,0,1,28,3,26669,26669,1678.77
baseline,3,quoted,0,1,28,4,26669,26669,1580.50
baseline,3,quoted,0,1,28,5,26669,26669,1679.02
baseline,3,quoted,0,1,28,6,26669,26669,1601.00
baseline,3,quoted,8,1,36,0,31054,31054,1580.30
baseline,3,quoted,8,1,36,1,31054,31054,1594.07
baseline,3,quoted,8,1,36,2,31054,31054,1600.27
baseline,3,quoted,8,1,36,3,31054,31054,1568.31
baseline,3,quoted,8,1,36,4,31054,31054,1606.77
baseline,3,quoted,8,1,36,5,31054,31054,1565.93
baseline,3,quoted,8,1,36,6,31054,31054,1599.96
baseline,3,quoted,16,1,44,0,30948,30948,1637.77
baseline,3,quoted,16,1,44,1,30948,30948,1661.66
baseline,3,quoted,16,1,44,2,30948,30948,1606.48
baseline,3,quoted,16,1,44,3,30948,30948,1589.08
baseline,3,quoted,16,1,44,4,30948,30948,1626.20
baseline,3,quoted,16,1,44,5,30948,30948,1671.45
baseline,3,quoted,16,1,44,6,30948,30948,1718.95
baseline,3,quoted,64,1,92,0,30903,30903,1609.54
baseline,3,quoted,64,1,92,1,30903,30903,1637.13
baseline,3,quoted,64,1,92,2,30903,30903,1635.38
baseline,3,quoted,64,1,92,3,30903,30903,1679.75
baseline,3,quoted,64,1,92,4,30903,30903,1670.37
baseline,3,quoted,64,1,92,5,30903,30903,1599.90
baseline,3,quoted,64,1,92,6,30903,30903,1583.68
baseline,3,quoted,4096,1,4124,0,17087,17087,2924.69
baseline,3,quoted,4096,1,4124,1,17087,17087,2910.80
baseline,3,quoted,4096,1,4124,2,17087,17087,2970.79
baseline,3,quoted,4096,1,4124,3,17087,17087,3042.77
baseline,3,quoted,4096,1,4124,4,17087,17087,2920.04
baseline,3,quoted,4096,1,4124,5,17087,17087,2898.48
baseline,3,quoted,4096,1,4124,6,17087,17087,2941.42
baseline,3,quoted,65536,1,65564,0,2007,2007,24101.62
baseline,3,quoted,65536,1,65564,1,2007,2007,23612.54
baseline,3,quoted,65536,1,65564,2,2007,2007,24190.81
baseline,3,quoted,65536,1,65564,3,2007,2007,23950.94
baseline,3,quoted,65536,1,65564,4,2007,2007,24772.38
baseline,3,quoted,65536,1,65564,5,2007,2007,24024.54
baseline,3,quoted,65536,1,65564,6,2007,2007,23742.21
baseline,3,escaped,0,1,28,0,28330,28330,1883.01
baseline,3,escaped,0,1,28,1,28330,28330,1831.68
baseline,3,escaped,0,1,28,2,28330,28330,1702.97
baseline,3,escaped,0,1,28,3,28330,28330,1709.26
baseline,3,escaped,0,1,28,4,28330,28330,1829.29
baseline,3,escaped,0,1,28,5,28330,28330,1623.00
baseline,3,escaped,0,1,28,6,28330,28330,1573.66
baseline,3,escaped,8,1,36,0,29248,29248,1608.13
baseline,3,escaped,8,1,36,1,29248,29248,1581.88
baseline,3,escaped,8,1,36,2,29248,29248,1620.74
baseline,3,escaped,8,1,36,3,29248,29248,1559.77
baseline,3,escaped,8,1,36,4,29248,29248,1556.13
baseline,3,escaped,8,1,36,5,29248,29248,1582.45
baseline,3,escaped,8,1,36,6,29248,29248,1689.93
baseline,3,escaped,16,1,44,0,30299,30299,1628.23
baseline,3,escaped,16,1,44,1,30299,30299,1642.17
baseline,3,escaped,16,1,44,2,30299,30299,1655.90
baseline,3,escaped,16,1,44,3,30299,30299,1768.34
baseline,3,escaped,16,1,44,4,30299,30299,1704.74
baseline,3,escaped,16,1,44,5,30299,30299,1657.42
baseline,3,escaped,16,1,44,6,30299,30299,1651.11
baseline,3,escaped,64,1,94,0,27515,27515,1844.86
baseline,3,escaped,64,1,94,1,27515,27515,1755.27
baseline,3,escaped,64,1,94,2,27515,27515,1755.73
baseline,3,escaped,64,1,94,3,27515,27515,1813.23
baseline,3,escaped,64,1,94,4,27515,27515,1717.25
baseline,3,escaped,64,1,94,5,27515,27515,1782.27
baseline,3,escaped,64,1,94,6,27515,27515,1761.21
baseline,3,escaped,4096,1,4252,0,4136,4136,12244.05
baseline,3,escaped,4096,1,4252,1,4136,4136,12111.71
baseline,3,escaped,4096,1,4252,2,4136,4136,12649.32
baseline,3,escaped,4096,1,4252,3,4136,4136,12152.48
baseline,3,escaped,4096,1,4252,4,4136,4136,12330.64
baseline,3,escaped,4096,1,4252,5,4136,4136,12062.49
baseline,3,escaped,4096,1,4252,6,4136,4136,12091.42
baseline,3,escaped,65536,1,67612,0,287,287,172806.91
baseline,3,escaped,65536,1,67612,1,287,287,171190.91
baseline,3,escaped,65536,1,67612,2,287,287,172268.00
baseline,3,escaped,65536,1,67612,3,287,287,169565.91
baseline,3,escaped,65536,1,67612,4,287,287,173395.76
baseline,3,escaped,65536,1,67612,5,287,287,181601.05
baseline,3,escaped,65536,1,67612,6,287,287,173501.45
baseline,3,dense_quotes,0,1,28,0,31462,31462,1691.26
baseline,3,dense_quotes,0,1,28,1,31462,31462,1597.19
baseline,3,dense_quotes,0,1,28,2,31462,31462,1588.60
baseline,3,dense_quotes,0,1,28,3,31462,31462,1577.89
baseline,3,dense_quotes,0,1,28,4,31462,31462,1542.10
baseline,3,dense_quotes,0,1,28,5,31462,31462,3103.19
baseline,3,dense_quotes,0,1,28,6,31462,31462,2414.55
baseline,3,dense_quotes,8,1,44,0,29453,29453,1669.90
baseline,3,dense_quotes,8,1,44,1,29453,29453,1655.29
baseline,3,dense_quotes,8,1,44,2,29453,29453,1742.07
baseline,3,dense_quotes,8,1,44,3,29453,29453,1618.17
baseline,3,dense_quotes,8,1,44,4,29453,29453,1669.51
baseline,3,dense_quotes,8,1,44,5,29453,29453,1650.31
baseline,3,dense_quotes,8,1,44,6,29453,29453,1699.32
baseline,3,dense_quotes,16,1,60,0,27092,27092,1705.90
baseline,3,dense_quotes,16,1,60,1,27092,27092,1692.01
baseline,3,dense_quotes,16,1,60,2,27092,27092,1938.18
baseline,3,dense_quotes,16,1,60,3,27092,27092,1913.59
baseline,3,dense_quotes,16,1,60,4,27092,27092,1779.38
baseline,3,dense_quotes,16,1,60,5,27092,27092,1681.59
baseline,3,dense_quotes,16,1,60,6,27092,27092,1721.48
baseline,3,dense_quotes,64,1,156,0,23890,23890,2063.46
baseline,3,dense_quotes,64,1,156,1,23890,23890,2230.75
baseline,3,dense_quotes,64,1,156,2,23890,23890,2066.29
baseline,3,dense_quotes,64,1,156,3,23890,23890,2050.97
baseline,3,dense_quotes,64,1,156,4,23890,23890,2055.04
baseline,3,dense_quotes,64,1,156,5,23890,23890,2038.88
baseline,3,dense_quotes,64,1,156,6,23890,23890,2108.57
baseline,3,dense_quotes,4096,1,8220,0,1607,1607,31149.74
baseline,3,dense_quotes,4096,1,8220,1,1607,1607,30861.85
baseline,3,dense_quotes,4096,1,8220,2,1607,1607,30991.42
baseline,3,dense_quotes,4096,1,8220,3,1607,1607,31716.27
baseline,3,dense_quotes,4096,1,8220,4,1607,1607,31009.44
baseline,3,dense_quotes,4096,1,8220,5,1607,1607,31187.51
baseline,3,dense_quotes,4096,1,8220,6,1607,1607,30984.39
baseline,3,dense_quotes,65536,1,131100,0,107,107,467786.61
baseline,3,dense_quotes,65536,1,131100,1,107,107,466955.61
baseline,3,dense_quotes,65536,1,131100,2,107,107,474360.60
baseline,3,dense_quotes,65536,1,131100,3,107,107,471306.85
baseline,3,dense_quotes,65536,1,131100,4,107,107,480679.91
baseline,3,dense_quotes,65536,1,131100,5,107,107,470068.54
baseline,3,dense_quotes,65536,1,131100,6,107,107,480913.93
baseline,3,unterminated,0,1,27,0,56121,0,818.41
baseline,3,unterminated,0,1,27,1,56121,0,812.19
baseline,3,unterminated,0,1,27,2,56121,0,910.76
baseline,3,unterminated,0,1,27,3,56121,0,877.53
baseline,3,unterminated,0,1,27,4,56121,0,864.60
baseline,3,unterminated,0,1,27,5,56121,0,873.24
baseline,3,unterminated,0,1,27,6,56121,0,826.67
baseline,3,unterminated,8,1,35,0,58434,0,851.48
baseline,3,unterminated,8,1,35,1,58434,0,879.11
baseline,3,unterminated,8,1,35,2,58434,0,822.14
baseline,3,unterminated,8,1,35,3,58434,0,845.27
baseline,3,unterminated,8,1,35,4,58434,0,869.48
baseline,3,unterminated,8,1,35,5,58434,0,826.76
baseline,3,unterminated,8,1,35,6,58434,0,864.72
baseline,3,unterminated,16,1,43,0,57306,0,846.82
baseline,3,unterminated,16,1,43,1,57306,0,857.53
baseline,3,unterminated,16,1,43,2,57306,0,886.97
baseline,3,unterminated,16,1,43,3,57306,0,852.83
baseline,3,unterminated,16,1,43,4,57306,0,846.03
baseline,3,unterminated,16,1,43,5,57306,0,824.55
baseline,3,unterminated,16,1,43,6,57306,0,856.84
baseline,3,unterminated,64,1,91,0,58911,0,833.41
baseline,3,unterminated,64,1,91,1,58911,0,846.95
baseline,3,unterminated,64,1,91,2,58911,0,874.42
baseline,3,unterminated,64,1,91,3,58911,0,875.83
baseline,3,unterminated,64,1,91,4,58911,0,903.90
baseline,3,unterminated,64,1,91,5,58911,0,838.08
baseline,3,unterminated,64,1,91,6,58911,0,858.54
baseline,3,unterminated,4096,1,4123,0,31281,0,1570.82
baseline,3,unterminated,4096,1,4123,1,31281,0,1533.79
baseline,3,unterminated,4096,1,4123,2,31281,0,1598.62
baseline,3,unterminated,4096,1,4123,3,31281,0,1546.15
baseline,3,unterminated,4096,1,4123,4,31281,0,1549.53
baseline,3,unterminated,4096,1,4123,5,31281,0,1539.98
baseline,3,unterminated,4096,1,4123,6,31281,0,1569.41
baseline,3,unterminated,65536,1,65563,0,3722,0,12980.72
baseline,3,unterminated,65536,1,65563,1,3722,0,12964.19
baseline,3,unterminated,65536,1,65563,2,3722,0,12913.17
baseline,3,unterminated,65536,1,65563,3,3722,0,12901.95
baseline,3,unterminated,65536,1,65563,4,3722,0,13095.24
baseline,3,unterminated,65536,1,65563,5,3722,0,12923.98
baseline,3,unterminated,65536,1,65563,6,3722,0,12882.41
baseline,3,quoted,8,128,2322,0,4925,630400,10318.43
baseline,3,quoted,8,128,2322,1,4925,630400,10464.97
baseline,3,quoted,8,128,2322,2,4925,630400,10189.09
baseline,3,quoted,8,128,2322,3,4925,630400,10281.73
baseline,3,quoted,8,128,2322,4,4925,630400,10513.91
baseline,3,quoted,8,128,2322,5,4925,630400,10337.24
baseline,3,quoted,8,128,2322,6,4925,630400,11151.47
