arm,run,pattern,body_bytes,rows,input_bytes,trial,calls,output_rows,ns_per_call
baseline,0,plain,0,1,26,0,13592,13592,2364.70
baseline,0,plain,0,1,26,1,13592,13592,1728.37
baseline,0,plain,0,1,26,2,13592,13592,1553.27
baseline,0,plain,0,1,26,3,13592,13592,1596.67
baseline,0,plain,0,1,26,4,13592,13592,1569.67
baseline,0,plain,0,1,26,5,13592,13592,1609.77
baseline,0,plain,0,1,26,6,13592,13592,1599.84
baseline,0,plain,8,1,34,0,31067,31067,1572.67
baseline,0,plain,8,1,34,1,31067,31067,1536.49
baseline,0,plain,8,1,34,2,31067,31067,1537.00
baseline,0,plain,8,1,34,3,31067,31067,1536.78
baseline,0,plain,8,1,34,4,31067,31067,1556.41
baseline,0,plain,8,1,34,5,31067,31067,1541.60
baseline,0,plain,8,1,34,6,31067,31067,1553.38
baseline,0,plain,16,1,42,0,31598,31598,1577.85
baseline,0,plain,16,1,42,1,31598,31598,1549.18
baseline,0,plain,16,1,42,2,31598,31598,1550.67
baseline,0,plain,16,1,42,3,31598,31598,1575.26
baseline,0,plain,16,1,42,4,31598,31598,1563.71
baseline,0,plain,16,1,42,5,31598,31598,1576.43
baseline,0,plain,16,1,42,6,31598,31598,1555.70
baseline,0,plain,64,1,90,0,31520,31520,1571.13
baseline,0,plain,64,1,90,1,31520,31520,1565.61
baseline,0,plain,64,1,90,2,31520,31520,1591.94
baseline,0,plain,64,1,90,3,31520,31520,1586.96
baseline,0,plain,64,1,90,4,31520,31520,1569.35
baseline,0,plain,64,1,90,5,31520,31520,1568.15
baseline,0,plain,64,1,90,6,31520,31520,1597.91
baseline,0,plain,4096,1,4122,0,22895,22895,2152.61
baseline,0,plain,4096,1,4122,1,22895,22895,2142.39
baseline,0,plain,4096,1,4122,2,22895,22895,2143.00
baseline,0,plain,4096,1,4122,3,22895,22895,2149.95
baseline,0,plain,4096,1,4122,4,22895,22895,2137.67
baseline,0,plain,4096,1,4122,5,22895,22895,2159.73
baseline,0,plain,4096,1,4122,6,22895,22895,2223.28
baseline,0,plain,65536,1,65562,0,4559,4559,10854.57
baseline,0,plain,65536,1,65562,1,4559,4559,10927.40
baseline,0,plain,65536,1,65562,2,4559,4559,10896.47
baseline,0,plain,65536,1,65562,3,4559,4559,10937.05
baseline,0,plain,65536,1,65562,4,4559,4559,10843.39
baseline,0,plain,65536,1,65562,5,4559,4559,10878.48
baseline,0,plain,65536,1,65562,6,4559,4559,10975.87
baseline,0,quoted,0,1,28,0,23366,23366,1978.43
baseline,0,quoted,0,1,28,1,23366,23366,1939.23
baseline,0,quoted,0,1,28,2,23366,23366,1963.71
baseline,0,quoted,0,1,28,3,23366,23366,1964.74
baseline,0,quoted,0,1,28,4,23366,23366,1934.73
baseline,0,quoted,0,1,28,5,23366,23366,1950.70
baseline,0,quoted,0,1,28,6,23366,23366,2097.19
baseline,0,quoted,8,1,36,0,22837,22837,2183.87
baseline,0,quoted,8,1,36,1,22837,22837,2211.41
baseline,0,quoted,8,1,36,2,22837,22837,2175.68
baseline,0,quoted,8,1,36,3,22837,22837,2184.53
baseline,0,quoted,8,1,36,4,22837,22837,2001.62
baseline,0,quoted,8,1,36,5,22837,22837,2170.60
baseline,0,quoted,8,1,36,6,22837,22837,2156.11
baseline,0,quoted,16,1,44,0,23269,23269,1968.97
baseline,0,quoted,16,1,44,1,23269,23269,2186.60
baseline,0,quoted,16,1,44,2,23269,23269,2205.29
baseline,0,quoted,16,1,44,3,23269,23269,2189.14
baseline,0,quoted,16,1,44,4,23269,23269,2189.01
baseline,0,quoted,16,1,44,5,23269,23269,2189.48
baseline,0,quoted,16,1,44,6,23269,23269,2216.94
baseline,0,quoted,64,1,92,0,22742,22742,2149.50
baseline,0,quoted,64,1,92,1,22742,22742,1958.62
baseline,0,quoted,64,1,92,2,22742,22742,1999.43
baseline,0,quoted,64,1,92,3,22742,22742,1980.26
baseline,0,quoted,64,1,92,4,22742,22742,1996.88
baseline,0,quoted,64,1,92,5,22742,22742,2005.72
baseline,0,quoted,64,1,92,6,22742,22742,1957.88
baseline,0,quoted,4096,1,4124,0,22885,22885,2201.01
baseline,0,quoted,4096,1,4124,1,22885,22885,2220.93
baseline,0,quoted,4096,1,4124,2,22885,22885,2206.51
baseline,0,quoted,4096,1,4124,3,22885,22885,2176.88
baseline,0,quoted,4096,1,4124,4,22885,22885,2189.03
baseline,0,quoted,4096,1,4124,5,22885,22885,2187.46
baseline,0,quoted,4096,1,4124,6,22885,22885,2189.69
baseline,0,quoted,65536,1,65564,0,9207,9207,5426.20
baseline,0,quoted,65536,1,65564,1,9207,9207,5433.47
baseline,0,quoted,65536,1,65564,2,9207,9207,5481.92
baseline,0,quoted,65536,1,65564,3,9207,9207,5486.91
baseline,0,quoted,65536,1,65564,4,9207,9207,5534.92
baseline,0,quoted,65536,1,65564,5,9207,9207,5442.05
baseline,0,quoted,65536,1,65564,6,9207,9207,5470.29
baseline,0,escaped,0,1,28,0,23940,23940,1937.84
baseline,0,escaped,0,1,28,1,23940,23940,1956.10
baseline,0,escaped,0,1,28,2,23940,23940,1966.29
baseline,0,escaped,0,1,28,3,23940,23940,1930.45
baseline,0,escaped,0,1,28,4,23940,23940,1927.23
baseline,0,escaped,0,1,28,5,23940,23940,1917.50
baseline,0,escaped,0,1,28,6,23940,23940,1942.98
baseline,0,escaped,8,1,36,0,25530,25530,1952.49
baseline,0,escaped,8,1,36,1,25530,25530,1954.76
baseline,0,escaped,8,1,36,2,25530,25530,1977.40
baseline,0,escaped,8,1,36,3,25530,25530,1939.52
baseline,0,escaped,8,1,36,4,25530,25530,1993.18
baseline,0,escaped,8,1,36,5,25530,25530,2031.73
baseline,0,escaped,8,1,36,6,25530,25530,1948.18
baseline,0,escaped,16,1,44,0,24331,24331,2206.28
baseline,0,escaped,16,1,44,1,24331,24331,1947.93
baseline,0,escaped,16,1,44,2,24331,24331,1947.60
baseline,0,escaped,16,1,44,3,24331,24331,1956.23
baseline,0,escaped,16,1,44,4,24331,24331,1945.50
baseline,0,escaped,16,1,44,5,24331,24331,2055.90
baseline,0,escaped,16,1,44,6,24331,24331,2118.74
baseline,0,escaped,64,1,94,0,21740,21740,2353.59
baseline,0,escaped,64,1,94,1,21740,21740,2327.09
baseline,0,escaped,64,1,94,2,21740,21740,2328.20
baseline,0,escaped,64,1,94,3,21740,21740,2327.14
baseline,0,escaped,64,1,94,4,21740,21740,2328.93
baseline,0,escaped,64,1,94,5,21740,21740,2340.94
baseline,0,escaped,64,1,94,6,21740,21740,2350.60
baseline,0,escaped,4096,1,4252,0,3993,3993,12509.64
baseline,0,escaped,4096,1,4252,1,3993,3993,12551.21
baseline,0,escaped,4096,1,4252,2,3993,3993,12559.23
baseline,0,escaped,4096,1,4252,3,3993,3993,12528.68
baseline,0,escaped,4096,1,4252,4,3993,3993,12597.55
baseline,0,escaped,4096,1,4252,5,3993,3993,12553.97
baseline,0,escaped,4096,1,4252,6,3993,3993,12589.78
baseline,0,escaped,65536,1,67612,0,296,296,167503.38
baseline,0,escaped,65536,1,67612,1,296,296,170189.19
baseline,0,escaped,65536,1,67612,2,296,296,168820.95
baseline,0,escaped,65536,1,67612,3,296,296,168658.78
baseline,0,escaped,65536,1,67612,4,296,296,168702.70
baseline,0,escaped,65536,1,67612,5,296,296,169128.38
baseline,0,escaped,65536,1,67612,6,296,296,169307.43
baseline,0,dense_quotes,0,1,28,0,23832,23832,2247.82
baseline,0,dense_quotes,0,1,28,1,23832,23832,2157.73
baseline,0,dense_quotes,0,1,28,2,23832,23832,2191.09
baseline,0,dense_quotes,0,1,28,3,23832,23832,2165.70
baseline,0,dense_quotes,0,1,28,4,23832,23832,2219.70
baseline,0,dense_quotes,0,1,28,5,23832,23832,2171.53
baseline,0,dense_quotes,0,1,28,6,23832,23832,2147.07
baseline,0,dense_quotes,8,1,44,0,24891,24891,2012.78
baseline,0,dense_quotes,8,1,44,1,24891,24891,1984.09
baseline,0,dense_quotes,8,1,44,2,24891,24891,2179.22
baseline,0,dense_quotes,8,1,44,3,24891,24891,2029.33
baseline,0,dense_quotes,8,1,44,4,24891,24891,1996.50
baseline,0,dense_quotes,8,1,44,5,24891,24891,2007.51
baseline,0,dense_quotes,8,1,44,6,24891,24891,2225.99
baseline,0,dense_quotes,16,1,60,0,21706,21706,2290.20
baseline,0,dense_quotes,16,1,60,1,21706,21706,2273.84
baseline,0,dense_quotes,16,1,60,2,21706,21706,2262.78
baseline,0,dense_quotes,16,1,60,3,21706,21706,2044.09
baseline,0,dense_quotes,16,1,60,4,21706,21706,2209.94
baseline,0,dense_quotes,16,1,60,5,21706,21706,2265.46
baseline,0,dense_quotes,16,1,60,6,21706,21706,2293.84
baseline,0,dense_quotes,64,1,156,0,18896,18896,2639.34
baseline,0,dense_quotes,64,1,156,1,18896,18896,2599.92
baseline,0,dense_quotes,64,1,156,2,18896,18896,2455.44
baseline,0,dense_quotes,64,1,156,3,18896,18896,2394.00
baseline,0,dense_quotes,64,1,156,4,18896,18896,2595.63
baseline,0,dense_quotes,64,1,156,5,18896,18896,2618.91
baseline,0,dense_quotes,64,1,156,6,18896,18896,2641.51
baseline,0,dense_quotes,4096,1,8220,0,1745,1745,28288.83
baseline,0,dense_quotes,4096,1,8220,1,1745,1745,28404.01
baseline,0,dense_quotes,4096,1,8220,2,1745,1745,28903.15
baseline,0,dense_quotes,4096,1,8220,3,1745,1745,28272.78
baseline,0,dense_quotes,4096,1,8220,4,1745,1745,28410.89
baseline,0,dense_quotes,4096,1,8220,5,1745,1745,28306.02
baseline,0,dense_quotes,4096,1,8220,6,1745,1745,28335.24
baseline,0,dense_quotes,65536,1,131100,0,119,119,424957.98
baseline,0,dense_quotes,65536,1,131100,1,119,119,423697.48
baseline,0,dense_quotes,65536,1,131100,2,119,119,418630.25
baseline,0,dense_quotes,65536,1,131100,3,119,119,420579.83
baseline,0,dense_quotes,65536,1,131100,4,119,119,419050.42
baseline,0,dense_quotes,65536,1,131100,5,119,119,421848.74
baseline,0,dense_quotes,65536,1,131100,6,119,119,420747.90
baseline,0,unterminated,0,1,27,0,56464,0,907.36
baseline,0,unterminated,0,1,27,1,56464,0,856.23
baseline,0,unterminated,0,1,27,2,56464,0,875.71
baseline,0,unterminated,0,1,27,3,56464,0,849.14
baseline,0,unterminated,0,1,27,4,56464,0,883.68
baseline,0,unterminated,0,1,27,5,56464,0,857.75
baseline,0,unterminated,0,1,27,6,56464,0,872.11
baseline,0,unterminated,8,1,35,0,58582,0,864.62
baseline,0,unterminated,8,1,35,1,58582,0,849.54
baseline,0,unterminated,8,1,35,2,58582,0,897.78
baseline,0,unterminated,8,1,35,3,58582,0,871.84
baseline,0,unterminated,8,1,35,4,58582,0,865.28
baseline,0,unterminated,8,1,35,5,58582,0,867.60
baseline,0,unterminated,8,1,35,6,58582,0,862.26
baseline,0,unterminated,16,1,43,0,55753,0,874.82
baseline,0,unterminated,16,1,43,1,55753,0,873.64
baseline,0,unterminated,16,1,43,2,55753,0,891.00
baseline,0,unterminated,16,1,43,3,55753,0,870.45
baseline,0,unterminated,16,1,43,4,55753,0,865.85
baseline,0,unterminated,16,1,43,5,55753,0,871.20
baseline,0,unterminated,16,1,43,6,55753,0,880.67
baseline,0,unterminated,64,1,91,0,55955,0,877.08
baseline,0,unterminated,64,1,91,1,55955,0,857.78
baseline,0,unterminated,64,1,91,2,55955,0,880.92
baseline,0,unterminated,64,1,91,3,55955,0,866.34
baseline,0,unterminated,64,1,91,4,55955,0,899.04
baseline,0,unterminated,64,1,91,5,55955,0,896.47
baseline,0,unterminated,64,1,91,6,55955,0,921.06
baseline,0,unterminated,4096,1,4123,0,46970,0,1065.96
baseline,0,unterminated,4096,1,4123,1,46970,0,1048.90
baseline,0,unterminated,4096,1,4123,2,46970,0,1047.52
baseline,0,unterminated,4096,1,4123,3,46970,0,1051.71
baseline,0,unterminated,4096,1,4123,4,46970,0,1035.02
baseline,0,unterminated,4096,1,4123,5,46970,0,1056.99
baseline,0,unterminated,4096,1,4123,6,46970,0,1069.15
baseline,0,unterminated,65536,1,65563,0,12733,0,3795.10
baseline,0,unterminated,65536,1,65563,1,12733,0,3795.96
baseline,0,unterminated,65536,1,65563,2,12733,0,3833.42
baseline,0,unterminated,65536,1,65563,3,12733,0,3837.51
baseline,0,unterminated,65536,1,65563,4,12733,0,3787.32
baseline,0,unterminated,65536,1,65563,5,12733,0,3790.62
baseline,0,unterminated,65536,1,65563,6,12733,0,3827.77
baseline,0,quoted,8,128,2322,0,4675,598400,10514.22
baseline,0,quoted,8,128,2322,1,4675,598400,10700.75
baseline,0,quoted,8,128,2322,2,4675,598400,10734.97
baseline,0,quoted,8,128,2322,3,4675,598400,10687.91
baseline,0,quoted,8,128,2322,4,4675,598400,10560.21
baseline,0,quoted,8,128,2322,5,4675,598400,10666.10
baseline,0,quoted,8,128,2322,6,4675,598400,10763.85
candidate,1,plain,0,1,26,0,12625,12625,2388.51
candidate,1,plain,0,1,26,1,12625,12625,1695.45
candidate,1,plain,0,1,26,2,12625,12625,1565.39
candidate,1,plain,0,1,26,3,12625,12625,1590.73
candidate,1,plain,0,1,26,4,12625,12625,1558.02
candidate,1,plain,0,1,26,5,12625,12625,1598.81
candidate,1,plain,0,1,26,6,12625,12625,1575.84
candidate,1,plain,8,1,34,0,31520,31520,1575.06
candidate,1,plain,8,1,34,1,31520,31520,1582.20
candidate,1,plain,8,1,34,2,31520,31520,1568.46
candidate,1,plain,8,1,34,3,31520,31520,1583.95
candidate,1,plain,8,1,34,4,31520,31520,1594.92
candidate,1,plain,8,1,34,5,31520,31520,1609.01
candidate,1,plain,8,1,34,6,31520,31520,1572.14
candidate,1,plain,16,1,42,0,31210,31210,1569.56
candidate,1,plain,16,1,42,1,31210,31210,1567.93
candidate,1,plain,16,1,42,2,31210,31210,1594.10
candidate,1,plain,16,1,42,3,31210,31210,1574.62
candidate,1,plain,16,1,42,4,31210,31210,1574.69
candidate,1,plain,16,1,42,5,31210,31210,1559.05
candidate,1,plain,16,1,42,6,31210,31210,1574.69
candidate,1,plain,64,1,90,0,31492,31492,1607.84
candidate,1,plain,64,1,90,1,31492,31492,1612.82
candidate,1,plain,64,1,90,2,31492,31492,1642.51
candidate,1,plain,64,1,90,3,31492,31492,1617.08
candidate,1,plain,64,1,90,4,31492,31492,1616.60
candidate,1,plain,64,1,90,5,31492,31492,1638.67
candidate,1,plain,64,1,90,6,31492,31492,1621.59
candidate,1,plain,4096,1,4122,0,22855,22855,2167.18
candidate,1,plain,4096,1,4122,1,22855,22855,2223.58
candidate,1,plain,4096,1,4122,2,22855,22855,2197.29
candidate,1,plain,4096,1,4122,3,22855,22855,2165.96
candidate,1,plain,4096,1,4122,4,22855,22855,2179.09
candidate,1,plain,4096,1,4122,5,22855,22855,2186.44
candidate,1,plain,4096,1,4122,6,22855,22855,2186.35
candidate,1,plain,65536,1,65562,0,4596,4596,10884.46
candidate,1,plain,65536,1,65562,1,4596,4596,11232.81
candidate,1,plain,65536,1,65562,2,4596,4596,11203.66
candidate,1,plain,65536,1,65562,3,4596,4596,11082.68
candidate,1,plain,65536,1,65562,4,4596,4596,11033.07
candidate,1,plain,65536,1,65562,5,4596,4596,11077.46
candidate,1,plain,65536,1,65562,6,4596,4596,11016.75
candidate,1,quoted,0,1,28,0,24406,24406,1983.82
candidate,1,quoted,0,1,28,1,24406,24406,1935.88
candidate,1,quoted,0,1,28,2,24406,24406,1938.70
candidate,1,quoted,0,1,28,3,24406,24406,1943.99
candidate,1,quoted,0,1,28,4,24406,24406,1962.30
candidate,1,quoted,0,1,28,5,24406,24406,1955.75
candidate,1,quoted,0,1,28,6,24406,24406,1962.67
candidate,1,quoted,8,1,36,0,25264,25264,2085.70
candidate,1,quoted,8,1,36,1,25264,25264,2185.01
candidate,1,quoted,8,1,36,2,25264,25264,2059.73
candidate,1,quoted,8,1,36,3,25264,25264,2179.54
candidate,1,quoted,8,1,36,4,25264,25264,2196.09
candidate,1,quoted,8,1,36,5,25264,25264,2189.28
candidate,1,quoted,8,1,36,6,25264,25264,2184.33
candidate,1,quoted,16,1,44,0,22494,22494,2172.80
candidate,1,quoted,16,1,44,1,22494,22494,2190.72
candidate,1,quoted,16,1,44,2,22494,22494,2010.00
candidate,1,quoted,16,1,44,3,22494,22494,2064.02
candidate,1,quoted,16,1,44,4,22494,22494,2033.88
candidate,1,quoted,16,1,44,5,22494,22494,1942.34
candidate,1,quoted,16,1,44,6,22494,22494,1971.73
candidate,1,quoted,64,1,92,0,22660,22660,2202.29
candidate,1,quoted,64,1,92,1,22660,22660,2173.35
candidate,1,quoted,64,1,92,2,22660,22660,2178.55
candidate,1,quoted,64,1,92,3,22660,22660,1969.77
candidate,1,quoted,64,1,92,4,22660,22660,1987.69
candidate,1,quoted,64,1,92,5,22660,22660,1982.22
candidate,1,quoted,64,1,92,6,22660,22660,2128.16
candidate,1,quoted,4096,1,4124,0,21617,21617,2425.31
candidate,1,quoted,4096,1,4124,1,21617,21617,2472.59
candidate,1,quoted,4096,1,4124,2,21617,21617,2461.95
candidate,1,quoted,4096,1,4124,3,21617,21617,2471.39
candidate,1,quoted,4096,1,4124,4,21617,21617,2485.41
candidate,1,quoted,4096,1,4124,5,21617,21617,2479.25
candidate,1,quoted,4096,1,4124,6,21617,21617,2474.63
candidate,1,quoted,65536,1,65564,0,8991,8991,5487.15
candidate,1,quoted,65536,1,65564,1,8991,8991,5473.47
candidate,1,quoted,65536,1,65564,2,8991,8991,5478.14
candidate,1,quoted,65536,1,65564,3,8991,8991,5472.47
candidate,1,quoted,65536,1,65564,4,8991,8991,5507.95
candidate,1,quoted,65536,1,65564,5,8991,8991,5531.98
candidate,1,quoted,65536,1,65564,6,8991,8991,5491.16
candidate,1,escaped,0,1,28,0,23991,23991,1937.18
candidate,1,escaped,0,1,28,1,23991,23991,1919.01
candidate,1,escaped,0,1,28,2,23991,23991,1935.48
candidate,1,escaped,0,1,28,3,23991,23991,1939.64
candidate,1,escaped,0,1,28,4,23991,23991,1952.90
candidate,1,escaped,0,1,28,5,23991,23991,1950.48
candidate,1,escaped,0,1,28,6,23991,23991,2032.05
candidate,1,escaped,8,1,36,0,24740,24740,1975.30
candidate,1,escaped,8,1,36,1,24740,24740,1969.36
candidate,1,escaped,8,1,36,2,24740,24740,1961.28
candidate,1,escaped,8,1,36,3,24740,24740,1944.99
candidate,1,escaped,8,1,36,4,24740,24740,1966.81
candidate,1,escaped,8,1,36,5,24740,24740,1960.99
candidate,1,escaped,8,1,36,6,24740,24740,1951.17
candidate,1,escaped,16,1,44,0,25280,25280,1965.03
candidate,1,escaped,16,1,44,1,25280,25280,1934.30
candidate,1,escaped,16,1,44,2,25280,25280,1964.91
candidate,1,escaped,16,1,44,3,25280,25280,1974.13
candidate,1,escaped,16,1,44,4,25280,25280,1970.77
candidate,1,escaped,16,1,44,5,25280,25280,1965.19
candidate,1,escaped,16,1,44,6,25280,25280,1981.76
candidate,1,escaped,64,1,94,0,24217,24217,2124.09
candidate,1,escaped,64,1,94,1,24217,24217,2258.04
candidate,1,escaped,64,1,94,2,24217,24217,2282.90
candidate,1,escaped,64,1,94,3,24217,24217,2286.33
candidate,1,escaped,64,1,94,4,24217,24217,2252.59
candidate,1,escaped,64,1,94,5,24217,24217,2217.70
candidate,1,escaped,64,1,94,6,24217,24217,2313.25
candidate,1,escaped,4096,1,4252,0,5561,5561,9001.98
candidate,1,escaped,4096,1,4252,1,5561,5561,9053.41
candidate,1,escaped,4096,1,4252,2,5561,5561,9109.87
candidate,1,escaped,4096,1,4252,3,5561,5561,8883.11
candidate,1,escaped,4096,1,4252,4,5561,5561,8904.33
candidate,1,escaped,4096,1,4252,5,5561,5561,8998.38
candidate,1,escaped,4096,1,4252,6,5561,5561,9062.04
candidate,1,escaped,65536,1,67612,0,453,453,109816.78
candidate,1,escaped,65536,1,67612,1,453,453,109988.96
candidate,1,escaped,65536,1,67612,2,453,453,110600.44
candidate,1,escaped,65536,1,67612,3,453,453,110527.59
candidate,1,escaped,65536,1,67612,4,453,453,111048.57
candidate,1,escaped,65536,1,67612,5,453,453,109514.35
candidate,1,escaped,65536,1,67612,6,453,453,110792.49
candidate,1,dense_quotes,0,1,28,0,25318,25318,2191.37
candidate,1,dense_quotes,0,1,28,1,25318,25318,2201.32
candidate,1,dense_quotes,0,1,28,2,25318,25318,2116.99
candidate,1,dense_quotes,0,1,28,3,25318,25318,1968.44
candidate,1,dense_quotes,0,1,28,4,25318,25318,1980.84
candidate,1,dense_quotes,0,1,28,5,25318,25318,2151.20
candidate,1,dense_quotes,0,1,28,6,25318,25318,2015.44
candidate,1,dense_quotes,8,1,44,0,21579,21579,2262.06
candidate,1,dense_quotes,8,1,44,1,21579,21579,2249.69
candidate,1,dense_quotes,8,1,44,2,21579,21579,2270.63
candidate,1,dense_quotes,8,1,44,3,21579,21579,2267.57
candidate,1,dense_quotes,8,1,44,4,21579,21579,2276.43
candidate,1,dense_quotes,8,1,44,5,21579,21579,2240.14
candidate,1,dense_quotes,8,1,44,6,21579,21579,2267.25
candidate,1,dense_quotes,16,1,60,0,21827,21827,2282.77
candidate,1,dense_quotes,16,1,60,1,21827,21827,2320.89
candidate,1,dense_quotes,16,1,60,2,21827,21827,2255.92
candidate,1,dense_quotes,16,1,60,3,21827,21827,2118.43
candidate,1,dense_quotes,16,1,60,4,21827,21827,2116.00
candidate,1,dense_quotes,16,1,60,5,21827,21827,2072.43
candidate,1,dense_quotes,16,1,60,6,21827,21827,2092.36
candidate,1,dense_quotes,64,1,156,0,20929,20929,2399.16
candidate,1,dense_quotes,64,1,156,1,20929,20929,2413.97
candidate,1,dense_quotes,64,1,156,2,20929,20929,2370.49
candidate,1,dense_quotes,64,1,156,3,20929,20929,2561.66
candidate,1,dense_quotes,64,1,156,4,20929,20929,2626.31
candidate,1,dense_quotes,64,1,156,5,20929,20929,2609.78
candidate,1,dense_quotes,64,1,156,6,20929,20929,2589.18
candidate,1,dense_quotes,4096,1,8220,0,1920,1920,27225.52
candidate,1,dense_quotes,4096,1,8220,1,1920,1920,26270.83
candidate,1,dense_quotes,4096,1,8220,2,1920,1920,26077.60
candidate,1,dense_quotes,4096,1,8220,3,1920,1920,26209.90
candidate,1,dense_quotes,4096,1,8220,4,1920,1920,26159.90
candidate,1,dense_quotes,4096,1,8220,5,1920,1920,26291.15
candidate,1,dense_quotes,4096,1,8220,6,1920,1920,26209.90
candidate,1,dense_quotes,65536,1,131100,0,131,131,385977.10
candidate,1,dense_quotes,65536,1,131100,1,131,131,379480.92
candidate,1,dense_quotes,65536,1,131100,2,131,131,383480.92
candidate,1,dense_quotes,65536,1,131100,3,131,131,377755.73
candidate,1,dense_quotes,65536,1,131100,4,131,131,384167.94
candidate,1,dense_quotes,65536,1,131100,5,131,131,383045.80
candidate,1,dense_quotes,65536,1,131100,6,131,131,378274.81
candidate,1,unterminated,0,1,27,0,57425,0,875.33
candidate,1,unterminated,0,1,27,1,57425,0,876.60
candidate,1,unterminated,0,1,27,2,57425,0,858.32
candidate,1,unterminated,0,1,27,3,57425,0,874.25
candidate,1,unterminated,0,1,27,4,57425,0,874.29
candidate,1,unterminated,0,1,27,5,57425,0,886.65
candidate,1,unterminated,0,1,27,6,57425,0,914.93
candidate,1,unterminated,8,1,35,0,54993,0,880.77
candidate,1,unterminated,8,1,35,1,54993,0,873.15
candidate,1,unterminated,8,1,35,2,54993,0,866.04
candidate,1,unterminated,8,1,35,3,54993,0,863.91
candidate,1,unterminated,8,1,35,4,54993,0,864.80
candidate,1,unterminated,8,1,35,5,54993,0,888.55
candidate,1,unterminated,8,1,35,6,54993,0,883.35
candidate,1,unterminated,16,1,43,0,56164,0,876.88
candidate,1,unterminated,16,1,43,1,56164,0,888.90
candidate,1,unterminated,16,1,43,2,56164,0,873.48
candidate,1,unterminated,16,1,43,3,56164,0,887.51
candidate,1,unterminated,16,1,43,4,56164,0,891.69
candidate,1,unterminated,16,1,43,5,56164,0,869.67
candidate,1,unterminated,16,1,43,6,56164,0,885.94
candidate,1,unterminated,64,1,91,0,55397,0,912.18
candidate,1,unterminated,64,1,91,1,55397,0,887.70
candidate,1,unterminated,64,1,91,2,55397,0,875.68
candidate,1,unterminated,64,1,91,3,55397,0,871.91
candidate,1,unterminated,64,1,91,4,55397,0,1457.24
candidate,1,unterminated,64,1,91,5,55397,0,881.60
candidate,1,unterminated,64,1,91,6,55397,0,902.47
candidate,1,unterminated,4096,1,4123,0,44475,0,1076.45
candidate,1,unterminated,4096,1,4123,1,44475,0,1082.88
candidate,1,unterminated,4096,1,4123,2,44475,0,1091.29
candidate,1,unterminated,4096,1,4123,3,44475,0,1072.51
candidate,1,unterminated,4096,1,4123,4,44475,0,1094.19
candidate,1,unterminated,4096,1,4123,5,44475,0,1088.72
candidate,1,unterminated,4096,1,4123,6,44475,0,1069.09
candidate,1,unterminated,65536,1,65563,0,12757,0,3843.62
candidate,1,unterminated,65536,1,65563,1,12757,0,3844.71
candidate,1,unterminated,65536,1,65563,2,12757,0,3885.47
candidate,1,unterminated,65536,1,65563,3,12757,0,3882.34
candidate,1,unterminated,65536,1,65563,4,12757,0,3853.41
candidate,1,unterminated,65536,1,65563,5,12757,0,3844.71
candidate,1,unterminated,65536,1,65563,6,12757,0,3849.65
candidate,1,quoted,8,128,2322,0,4554,582912,10927.32
candidate,1,quoted,8,128,2322,1,4554,582912,11318.62
candidate,1,quoted,8,128,2322,2,4554,582912,11111.77
candidate,1,quoted,8,128,2322,3,4554,582912,11036.67
candidate,1,quoted,8,128,2322,4,4554,582912,11170.62
candidate,1,quoted,8,128,2322,5,4554,582912,11161.40
candidate,1,quoted,8,128,2322,6,4554,582912,11127.80
candidate,2,plain,0,1,26,0,30884,30884,1547.66
candidate,2,plain,0,1,26,1,30884,30884,1565.89
candidate,2,plain,0,1,26,2,30884,30884,1550.77
candidate,2,plain,0,1,26,3,30884,30884,1555.30
candidate,2,plain,0,1,26,4,30884,30884,1557.47
candidate,2,plain,0,1,26,5,30884,30884,1589.14
candidate,2,plain,0,1,26,6,30884,30884,1560.97
candidate,2,plain,8,1,34,0,32212,32212,1548.71
candidate,2,plain,8,1,34,1,32212,32212,1581.03
candidate,2,plain,8,1,34,2,32212,32212,1551.35
candidate,2,plain,8,1,34,3,32212,32212,1576.46
candidate,2,plain,8,1,34,4,32212,32212,1537.53
candidate,2,plain,8,1,34,5,32212,32212,1553.96
candidate,2,plain,8,1,34,6,32212,32212,1545.17
candidate,2,plain,16,1,42,0,30947,30947,1606.00
candidate,2,plain,16,1,42,1,30947,30947,1631.69
candidate,2,plain,16,1,42,2,30947,30947,1559.54
candidate,2,plain,16,1,42,3,30947,30947,1589.30
candidate,2,plain,16,1,42,4,30947,30947,1581.12
candidate,2,plain,16,1,42,5,30947,30947,1585.39
candidate,2,plain,16,1,42,6,30947,30947,1599.93
candidate,2,plain,64,1,90,0,31155,31155,1608.12
candidate,2,plain,64,1,90,1,31155,31155,1629.66
candidate,2,plain,64,1,90,2,31155,31155,1617.62
candidate,2,plain,64,1,90,3,31155,31155,1630.75
candidate,2,plain,64,1,90,4,31155,31155,1624.11
candidate,2,plain,64,1,90,5,31155,31155,1637.81
candidate,2,plain,64,1,90,6,31155,31155,1595.25
candidate,2,plain,4096,1,4122,0,22902,22902,2207.01
candidate,2,plain,4096,1,4122,1,22902,22902,2218.58
candidate,2,plain,4096,1,4122,2,22902,22902,2194.96
candidate,2,plain,4096,1,4122,3,22902,22902,2182.87
candidate,2,plain,4096,1,4122,4,22902,22902,2265.35
candidate,2,plain,4096,1,4122,5,22902,22902,2198.02
candidate,2,plain,4096,1,4122,6,22902,22902,2187.71
candidate,2,plain,65536,1,65562,0,4512,4512,11042.33
candidate,2,plain,65536,1,65562,1,4512,4512,10981.16
candidate,2,plain,65536,1,65562,2,4512,4512,10930.41
candidate,2,plain,65536,1,65562,3,4512,4512,11056.29
candidate,2,plain,65536,1,65562,4,4512,4512,10978.06
candidate,2,plain,65536,1,65562,5,4512,4512,10945.04
candidate,2,plain,65536,1,65562,6,4512,4512,10901.82
candidate,2,quoted,0,1,28,0,25158,25158,1916.01
candidate,2,quoted,0,1,28,1,25158,25158,1899.04
candidate,2,quoted,0,1,28,2,25158,25158,1937.51
candidate,2,quoted,0,1,28,3,25158,25158,1981.95
candidate,2,quoted,0,1,28,4,25158,25158,1979.89
candidate,2,quoted,0,1,28,5,25158,25158,1940.02
candidate,2,quoted,0,1,28,6,25158,25158,1934.22
candidate,2,quoted,8,1,36,0,25366,25366,1967.52
candidate,2,quoted,8,1,36,1,25366,25366,1986.95
candidate,2,quoted,8,1,36,2,25366,25366,1948.28
candidate,2,quoted,8,1,36,3,25366,25366,1959.75
candidate,2,quoted,8,1,36,4,25366,25366,1970.31
candidate,2,quoted,8,1,36,5,25366,25366,2142.91
candidate,2,quoted,8,1,36,6,25366,25366,2229.13
candidate,2,quoted,16,1,44,0,22316,22316,2198.15
candidate,2,quoted,16,1,44,1,22316,22316,2227.37
candidate,2,quoted,16,1,44,2,22316,22316,2203.49
candidate,2,quoted,16,1,44,3,22316,22316,2199.59
candidate,2,quoted,16,1,44,4,22316,22316,2190.22
candidate,2,quoted,16,1,44,5,22316,22316,2199.27
candidate,2,quoted,16,1,44,6,22316,22316,2212.22
candidate,2,quoted,64,1,92,0,22628,22628,2230.60
candidate,2,quoted,64,1,92,1,22628,22628,2210.31
candidate,2,quoted,64,1,92,2,22628,22628,2251.06
candidate,2,quoted,64,1,92,3,22628,22628,2223.35
candidate,2,quoted,64,1,92,4,22628,22628,2200.81
candidate,2,quoted,64,1,92,5,22628,22628,2223.26
candidate,2,quoted,64,1,92,6,22628,22628,2240.81
candidate,2,quoted,4096,1,4124,0,21526,21526,2317.66
candidate,2,quoted,4096,1,4124,1,21526,21526,2325.84
candidate,2,quoted,4096,1,4124,2,21526,21526,2268.00
candidate,2,quoted,4096,1,4124,3,21526,21526,2303.87
candidate,2,quoted,4096,1,4124,4,21526,21526,2321.89
candidate,2,quoted,4096,1,4124,5,21526,21526,2277.43
candidate,2,quoted,4096,1,4124,6,21526,21526,2313.25
candidate,2,quoted,65536,1,65564,0,8783,8783,5649.21
candidate,2,quoted,65536,1,65564,1,8783,8783,5658.66
candidate,2,quoted,65536,1,65564,2,8783,8783,5696.35
candidate,2,quoted,65536,1,65564,3,8783,8783,5650.80
candidate,2,quoted,65536,1,65564,4,8783,8783,5641.47
candidate,2,quoted,65536,1,65564,5,8783,8783,5700.44
candidate,2,quoted,65536,1,65564,6,8783,8783,5709.32
candidate,2,escaped,0,1,28,0,23489,23489,2032.48
candidate,2,escaped,0,1,28,1,23489,23489,2116.01
candidate,2,escaped,0,1,28,2,23489,23489,1996.30
candidate,2,escaped,0,1,28,3,23489,23489,1990.38
candidate,2,escaped,0,1,28,4,23489,23489,2025.37
candidate,2,escaped,0,1,28,5,23489,23489,1989.19
candidate,2,escaped,0,1,28,6,23489,23489,2003.41
candidate,2,escaped,8,1,36,0,25271,25271,1979.58
candidate,2,escaped,8,1,36,1,25271,25271,1983.93
candidate,2,escaped,8,1,36,2,25271,25271,2016.94
candidate,2,escaped,8,1,36,3,25271,25271,2016.46
candidate,2,escaped,8,1,36,4,25271,25271,1988.48
candidate,2,escaped,8,1,36,5,25271,25271,1987.97
candidate,2,escaped,8,1,36,6,25271,25271,1999.96
candidate,2,escaped,16,1,44,0,24785,24785,2010.05
candidate,2,escaped,16,1,44,1,24785,24785,1990.07
candidate,2,escaped,16,1,44,2,24785,24785,2042.77
candidate,2,escaped,16,1,44,3,24785,24785,2038.29
candidate,2,escaped,16,1,44,4,24785,24785,2002.99
candidate,2,escaped,16,1,44,5,24785,24785,1989.87
candidate,2,escaped,16,1,44,6,24785,24785,1977.69
candidate,2,escaped,64,1,94,0,24275,24275,2054.17
candidate,2,escaped,64,1,94,1,24275,24275,2078.02
candidate,2,escaped,64,1,94,2,24275,24275,2044.24
candidate,2,escaped,64,1,94,3,24275,24275,2063.19
candidate,2,escaped,64,1,94,4,24275,24275,2042.47
candidate,2,escaped,64,1,94,5,24275,24275,2049.93
candidate,2,escaped,64,1,94,6,24275,24275,2264.06
candidate,2,escaped,4096,1,4252,0,5519,5519,9027.36
candidate,2,escaped,4096,1,4252,1,5519,5519,8973.55
candidate,2,escaped,4096,1,4252,2,5519,5519,8957.78
candidate,2,escaped,4096,1,4252,3,5519,5519,8946.19
candidate,2,escaped,4096,1,4252,4,5519,5519,9131.00
candidate,2,escaped,4096,1,4252,5,5519,5519,8859.39
candidate,2,escaped,4096,1,4252,6,5519,5519,9054.00
candidate,2,escaped,65536,1,67612,0,454,454,110574.89
candidate,2,escaped,65536,1,67612,1,454,454,111114.54
candidate,2,escaped,65536,1,67612,2,454,454,112132.16
candidate,2,escaped,65536,1,67612,3,454,454,111352.42
candidate,2,escaped,65536,1,67612,4,454,454,110819.38
candidate,2,escaped,65536,1,67612,5,454,454,109654.19
candidate,2,escaped,65536,1,67612,6,454,454,111160.79
candidate,2,dense_quotes,0,1,28,0,24194,24194,2130.24
candidate,2,dense_quotes,0,1,28,1,24194,24194,2201.58
candidate,2,dense_quotes,0,1,28,2,24194,24194,2228.94
candidate,2,dense_quotes,0,1,28,3,24194,24194,2152.15
candidate,2,dense_quotes,0,1,28,4,24194,24194,1948.21
candidate,2,dense_quotes,0,1,28,5,24194,24194,1981.48
candidate,2,dense_quotes,0,1,28,6,24194,24194,1955.69
candidate,2,dense_quotes,8,1,44,0,24648,24648,2024.46
candidate,2,dense_quotes,8,1,44,1,24648,24648,2016.72
candidate,2,dense_quotes,8,1,44,2,24648,24648,2029.01
candidate,2,dense_quotes,8,1,44,3,24648,24648,2046.37
candidate,2,dense_quotes,8,1,44,4,24648,24648,2084.27
candidate,2,dense_quotes,8,1,44,5,24648,24648,2123.54
candidate,2,dense_quotes,8,1,44,6,24648,24648,2035.66
candidate,2,dense_quotes,16,1,60,0,24183,24183,2090.19
candidate,2,dense_quotes,16,1,60,1,24183,24183,2147.38
candidate,2,dense_quotes,16,1,60,2,24183,24183,2337.84
candidate,2,dense_quotes,16,1,60,3,24183,24183,2342.97
candidate,2,dense_quotes,16,1,60,4,24183,24183,2288.18
candidate,2,dense_quotes,16,1,60,5,24183,24183,2327.59
candidate,2,dense_quotes,16,1,60,6,24183,24183,2313.36
candidate,2,dense_quotes,64,1,156,0,19236,19236,2386.10
candidate,2,dense_quotes,64,1,156,1,19236,19236,2472.86
candidate,2,dense_quotes,64,1,156,2,19236,19236,2618.48
candidate,2,dense_quotes,64,1,156,3,19236,19236,2599.71
candidate,2,dense_quotes,64,1,156,4,19236,19236,2383.24
candidate,2,dense_quotes,64,1,156,5,19236,19236,2412.35
candidate,2,dense_quotes,64,1,156,6,19236,19236,2385.32
candidate,2,dense_quotes,4096,1,8220,0,1942,1942,25994.85
candidate,2,dense_quotes,4096,1,8220,1,1942,1942,25743.05
candidate,2,dense_quotes,4096,1,8220,2,1942,1942,25883.11
candidate,2,dense_quotes,4096,1,8220,3,1942,1942,26255.92
candidate,2,dense_quotes,4096,1,8220,4,1942,1942,26072.09
candidate,2,dense_quotes,4096,1,8220,5,1942,1942,26299.69
candidate,2,dense_quotes,4096,1,8220,6,1942,1942,25880.54
candidate,2,dense_quotes,65536,1,131100,0,132,132,379053.03
candidate,2,dense_quotes,65536,1,131100,1,132,132,380969.70
candidate,2,dense_quotes,65536,1,131100,2,132,132,384893.94
candidate,2,dense_quotes,65536,1,131100,3,132,132,386909.09
candidate,2,dense_quotes,65536,1,131100,4,132,132,386075.76
candidate,2,dense_quotes,65536,1,131100,5,132,132,384189.39
candidate,2,dense_quotes,65536,1,131100,6,132,132,380159.09
candidate,2,unterminated,0,1,27,0,55721,0,883.81
candidate,2,unterminated,0,1,27,1,55721,0,887.30
candidate,2,unterminated,0,1,27,2,55721,0,908.13
candidate,2,unterminated,0,1,27,3,55721,0,905.51
candidate,2,unterminated,0,1,27,4,55721,0,886.31
candidate,2,unterminated,0,1,27,5,55721,0,906.50
candidate,2,unterminated,0,1,27,6,55721,0,891.82
candidate,2,unterminated,8,1,35,0,54025,0,888.39
candidate,2,unterminated,8,1,35,1,54025,0,906.38
candidate,2,unterminated,8,1,35,2,54025,0,907.75
candidate,2,unterminated,8,1,35,3,54025,0,906.12
candidate,2,unterminated,8,1,35,4,54025,0,922.80
candidate,2,unterminated,8,1,35,5,54025,0,925.59
candidate,2,unterminated,8,1,35,6,54025,0,891.64
candidate,2,unterminated,16,1,43,0,55288,0,912.78
candidate,2,unterminated,16,1,43,1,55288,0,911.95
candidate,2,unterminated,16,1,43,2,55288,0,888.11
candidate,2,unterminated,16,1,43,3,55288,0,921.56
candidate,2,unterminated,16,1,43,4,55288,0,937.64
candidate,2,unterminated,16,1,43,5,55288,0,942.84
candidate,2,unterminated,16,1,43,6,55288,0,899.62
candidate,2,unterminated,64,1,91,0,53224,0,895.37
candidate,2,unterminated,64,1,91,1,53224,0,920.71
candidate,2,unterminated,64,1,91,2,53224,0,903.37
candidate,2,unterminated,64,1,91,3,53224,0,889.17
candidate,2,unterminated,64,1,91,4,53224,0,897.64
candidate,2,unterminated,64,1,91,5,53224,0,885.82
candidate,2,unterminated,64,1,91,6,53224,0,894.22
candidate,2,unterminated,4096,1,4123,0,43869,0,1104.47
candidate,2,unterminated,4096,1,4123,1,43869,0,1116.51
candidate,2,unterminated,4096,1,4123,2,43869,0,1103.01
candidate,2,unterminated,4096,1,4123,3,43869,0,1116.85
candidate,2,unterminated,4096,1,4123,4,43869,0,1127.38
candidate,2,unterminated,4096,1,4123,5,43869,0,1132.62
candidate,2,unterminated,4096,1,4123,6,43869,0,1104.65
candidate,2,unterminated,65536,1,65563,0,12757,0,3918.79
candidate,2,unterminated,65536,1,65563,1,12757,0,3833.82
candidate,2,unterminated,65536,1,65563,2,12757,0,3853.18
candidate,2,unterminated,65536,1,65563,3,12757,0,3830.68
candidate,2,unterminated,65536,1,65563,4,12757,0,3869.72
candidate,2,unterminated,65536,1,65563,5,12757,0,3919.81
candidate,2,unterminated,65536,1,65563,6,12757,0,3902.48
candidate,2,quoted,8,128,2322,0,4511,577408,10812.24
candidate,2,quoted,8,128,2322,1,4511,577408,10989.58
candidate,2,quoted,8,128,2322,2,4511,577408,11326.31
candidate,2,quoted,8,128,2322,3,4511,577408,11071.82
candidate,2,quoted,8,128,2322,4,4511,577408,11253.60
candidate,2,quoted,8,128,2322,5,4511,577408,11212.37
candidate,2,quoted,8,128,2322,6,4511,577408,11405.68
baseline,3,plain,0,1,26,0,31570,31570,1663.16
baseline,3,plain,0,1,26,1,31570,31570,1541.59
baseline,3,plain,0,1,26,2,31570,31570,1543.74
baseline,3,plain,0,1,26,3,31570,31570,1627.65
baseline,3,plain,0,1,26,4,31570,31570,1643.93
baseline,3,plain,0,1,26,5,31570,31570,1630.95
baseline,3,plain,0,1,26,6,31570,31570,1539.66
baseline,3,plain,8,1,34,0,31622,31622,1629.81
baseline,3,plain,8,1,34,1,31622,31622,1637.06
baseline,3,plain,8,1,34,2,31622,31622,1648.50
baseline,3,plain,8,1,34,3,31622,31622,1645.69
baseline,3,plain,8,1,34,4,31622,31622,1614.95
baseline,3,plain,8,1,34,5,31622,31622,1646.35
baseline,3,plain,8,1,34,6,31622,31622,1582.41
baseline,3,plain,16,1,42,0,31313,31313,1573.53
baseline,3,plain,16,1,42,1,31313,31313,1576.31
baseline,3,plain,16,1,42,2,31313,31313,1595.12
baseline,3,plain,16,1,42,3,31313,31313,1610.07
baseline,3,plain,16,1,42,4,31313,31313,1635.52
baseline,3,plain,16,1,42,5,31313,31313,1599.97
baseline,3,plain,16,1,42,6,31313,31313,1591.29
baseline,3,plain,64,1,90,0,31026,31026,1588.18
baseline,3,plain,64,1,90,1,31026,31026,1586.28
baseline,3,plain,64,1,90,2,31026,31026,1590.86
baseline,3,plain,64,1,90,3,31026,31026,1664.38
baseline,3,plain,64,1,90,4,31026,31026,1601.27
baseline,3,plain,64,1,90,5,31026,31026,1624.44
baseline,3,plain,64,1,90,6,31026,31026,1692.23
baseline,3,plain,4096,1,4122,0,22408,22408,2145.48
baseline,3,plain,4096,1,4122,1,22408,22408,2134.37
baseline,3,plain,4096,1,4122,2,22408,22408,2138.21
baseline,3,plain,4096,1,4122,3,22408,22408,2155.75
baseline,3,plain,4096,1,4122,4,22408,22408,2142.09
baseline,3,plain,4096,1,4122,5,22408,22408,2145.66
baseline,3,plain,4096,1,4122,6,22408,22408,2157.22
baseline,3,plain,65536,1,65562,0,4587,4587,10991.50
baseline,3,plain,65536,1,65562,1,4587,4587,10921.74
baseline,3,plain,65536,1,65562,2,4587,4587,11021.80
baseline,3,plain,65536,1,65562,3,4587,4587,10964.46
baseline,3,plain,65536,1,65562,4,4587,4587,10924.57
baseline,3,plain,65536,1,65562,5,4587,4587,10948.55
baseline,3,plain,65536,1,65562,6,4587,4587,11071.29
baseline,3,quoted,0,1,28,0,24356,24356,1928.89
baseline,3,quoted,0,1,28,1,24356,24356,1938.29
baseline,3,quoted,0,1,28,2,24356,24356,1943.05
baseline,3,quoted,0,1,28,3,24356,24356,1953.81
baseline,3,quoted,0,1,28,4,24356,24356,1948.14
baseline,3,quoted,0,1,28,5,24356,24356,1984.52
baseline,3,quoted,0,1,28,6,24356,24356,1959.19
baseline,3,quoted,8,1,36,0,25449,25449,1959.92
baseline,3,quoted,8,1,36,1,25449,25449,1998.82
baseline,3,quoted,8,1,36,2,25449,25449,1982.36
baseline,3,quoted,8,1,36,3,25449,25449,1958.03
baseline,3,quoted,8,1,36,4,25449,25449,1958.82
baseline,3,quoted,8,1,36,5,25449,25449,1952.73
baseline,3,quoted,8,1,36,6,25449,25449,1955.56
baseline,3,quoted,16,1,44,0,24920,24920,1991.01
baseline,3,quoted,16,1,44,1,24920,24920,1953.49
baseline,3,quoted,16,1,44,2,24920,24920,1990.93
baseline,3,quoted,16,1,44,3,24920,24920,1980.66
baseline,3,quoted,16,1,44,4,24920,24920,1981.38
baseline,3,quoted,16,1,44,5,24920,24920,1981.30
baseline,3,quoted,16,1,44,6,24920,24920,1980.54
baseline,3,quoted,64,1,92,0,25146,25146,2000.68
baseline,3,quoted,64,1,92,1,25146,25146,2007.32
baseline,3,quoted,64,1,92,2,25146,25146,1984.33
baseline,3,quoted,64,1,92,3,25146,25146,1975.70
baseline,3,quoted,64,1,92,4,25146,25146,1996.86
baseline,3,quoted,64,1,92,5,25146,25146,1970.93
baseline,3,quoted,64,1,92,6,25146,25146,1977.09
baseline,3,quoted,4096,1,4124,0,22425,22425,2215.92
baseline,3,quoted,4096,1,4124,1,22425,22425,2204.10
baseline,3,quoted,4096,1,4124,2,22425,22425,2214.31
baseline,3,quoted,4096,1,4124,3,22425,22425,2215.16
baseline,3,quoted,4096,1,4124,4,22425,22425,2214.14
baseline,3,quoted,4096,1,4124,5,22425,22425,2243.88
baseline,3,quoted,4096,1,4124,6,22425,22425,2246.33
baseline,3,quoted,65536,1,65564,0,9116,9116,5562.09
baseline,3,quoted,65536,1,65564,1,9116,9116,5519.20
baseline,3,quoted,65536,1,65564,2,9116,9116,5536.20
baseline,3,quoted,65536,1,65564,3,9116,9116,5590.61
baseline,3,quoted,65536,1,65564,4,9116,9116,5735.63
baseline,3,quoted,65536,1,65564,5,9116,9116,5550.35
baseline,3,quoted,65536,1,65564,6,9116,9116,5572.62
baseline,3,escaped,0,1,28,0,25109,25109,1925.41
baseline,3,escaped,0,1,28,1,25109,25109,1893.82
baseline,3,escaped,0,1,28,2,25109,25109,1921.86
baseline,3,escaped,0,1,28,3,25109,25109,1961.13
baseline,3,escaped,0,1,28,4,25109,25109,1976.50
baseline,3,escaped,0,1,28,5,25109,25109,1961.29
baseline,3,escaped,0,1,28,6,25109,25109,1957.55
baseline,3,escaped,8,1,36,0,25382,25382,1959.97
baseline,3,escaped,8,1,36,1,25382,25382,1966.79
baseline,3,escaped,8,1,36,2,25382,25382,1979.55
baseline,3,escaped,8,1,36,3,25382,25382,1983.49
baseline,3,escaped,8,1,36,4,25382,25382,1972.15
baseline,3,escaped,8,1,36,5,25382,25382,1949.22
baseline,3,escaped,8,1,36,6,25382,25382,1980.73
baseline,3,escaped,16,1,44,0,25062,25062,1978.21
baseline,3,escaped,16,1,44,1,25062,25062,1971.35
baseline,3,escaped,16,1,44,2,25062,25062,1985.32
baseline,3,escaped,16,1,44,3,25062,25062,1982.80
baseline,3,escaped,16,1,44,4,25062,25062,1970.55
baseline,3,escaped,16,1,44,5,25062,25062,1981.88
baseline,3,escaped,16,1,44,6,25062,25062,2015.56
baseline,3,escaped,64,1,94,0,23238,23238,2150.53
baseline,3,escaped,64,1,94,1,23238,23238,2141.71
baseline,3,escaped,64,1,94,2,23238,23238,2110.04
baseline,3,escaped,64,1,94,3,23238,23238,2090.41
baseline,3,escaped,64,1,94,4,23238,23238,2130.56
baseline,3,escaped,64,1,94,5,23238,23238,2097.47
baseline,3,escaped,64,1,94,6,23238,23238,2102.50
baseline,3,escaped,4096,1,4252,0,3981,3981,12517.21
baseline,3,escaped,4096,1,4252,1,3981,3981,12612.91
baseline,3,escaped,4096,1,4252,2,3981,3981,12813.61
baseline,3,escaped,4096,1,4252,3,3981,3981,12752.57
baseline,3,escaped,4096,1,4252,4,3981,3981,12745.29
baseline,3,escaped,4096,1,4252,5,3981,3981,12563.43
baseline,3,escaped,4096,1,4252,6,3981,3981,12579.75
baseline,3,escaped,65536,1,67612,0,298,298,167751.68
baseline,3,escaped,65536,1,67612,1,298,298,167755.03
baseline,3,escaped,65536,1,67612,2,298,298,168114.09
baseline,3,escaped,65536,1,67612,3,298,298,170671.14
baseline,3,escaped,65536,1,67612,4,298,298,170557.05
baseline,3,escaped,65536,1,67612,5,298,298,171835.57
baseline,3,escaped,65536,1,67612,6,298,298,288684.56
baseline,3,dense_quotes,0,1,28,0,18733,18733,2143.65
baseline,3,dense_quotes,0,1,28,1,18733,18733,2157.58
baseline,3,dense_quotes,0,1,28,2,18733,18733,2197.35
baseline,3,dense_quotes,0,1,28,3,18733,18733,2140.61
baseline,3,dense_quotes,0,1,28,4,18733,18733,2235.68
baseline,3,dense_quotes,0,1,28,5,18733,18733,2121.39
baseline,3,dense_quotes,0,1,28,6,18733,18733,2122.88
baseline,3,dense_quotes,8,1,44,0,23322,23322,2111.31
baseline,3,dense_quotes,8,1,44,1,23322,23322,2465.27
baseline,3,dense_quotes,8,1,44,2,23322,23322,2238.92
baseline,3,dense_quotes,8,1,44,3,23322,23322,2240.59
baseline,3,dense_quotes,8,1,44,4,23322,23322,2228.63
baseline,3,dense_quotes,8,1,44,5,23322,23322,2149.82
baseline,3,dense_quotes,8,1,44,6,23322,23322,2229.57
baseline,3,dense_quotes,16,1,60,0,21812,21812,2249.50
baseline,3,dense_quotes,16,1,60,1,21812,21812,2440.26
baseline,3,dense_quotes,16,1,60,2,21812,21812,2453.79
baseline,3,dense_quotes,16,1,60,3,21812,21812,2493.81
baseline,3,dense_quotes,16,1,60,4,21812,21812,2391.57
baseline,3,dense_quotes,16,1,60,5,21812,21812,2403.81
baseline,3,dense_quotes,16,1,60,6,21812,21812,2288.37
baseline,3,dense_quotes,64,1,156,0,19724,19724,2486.46
baseline,3,dense_quotes,64,1,156,1,19724,19724,2615.60
baseline,3,dense_quotes,64,1,156,2,19724,19724,2556.02
baseline,3,dense_quotes,64,1,156,3,19724,19724,2459.54
baseline,3,dense_quotes,64,1,156,4,19724,19724,2511.46
baseline,3,dense_quotes,64,1,156,5,19724,19724,2533.06
baseline,3,dense_quotes,64,1,156,6,19724,19724,2573.21
baseline,3,dense_quotes,4096,1,8220,0,1678,1678,28914.18
baseline,3,dense_quotes,4096,1,8220,1,1678,1678,28992.25
baseline,3,dense_quotes,4096,1,8220,2,1678,1678,29327.77
baseline,3,dense_quotes,4096,1,8220,3,1678,1678,28535.16
baseline,3,dense_quotes,4096,1,8220,4,1678,1678,28844.46
baseline,3,dense_quotes,4096,1,8220,5,1678,1678,29336.11
baseline,3,dense_quotes,4096,1,8220,6,1678,1678,28401.07
baseline,3,dense_quotes,65536,1,131100,0,118,118,425627.12
baseline,3,dense_quotes,65536,1,131100,1,118,118,427822.03
baseline,3,dense_quotes,65536,1,131100,2,118,118,428271.19
baseline,3,dense_quotes,65536,1,131100,3,118,118,426957.63
baseline,3,dense_quotes,65536,1,131100,4,118,118,427186.44
baseline,3,dense_quotes,65536,1,131100,5,118,118,428805.08
baseline,3,dense_quotes,65536,1,131100,6,118,118,427635.59
baseline,3,unterminated,0,1,27,0,56049,0,879.03
baseline,3,unterminated,0,1,27,1,56049,0,899.87
baseline,3,unterminated,0,1,27,2,56049,0,879.50
baseline,3,unterminated,0,1,27,3,56049,0,908.90
baseline,3,unterminated,0,1,27,4,56049,0,894.98
baseline,3,unterminated,0,1,27,5,56049,0,894.61
baseline,3,unterminated,0,1,27,6,56049,0,895.38
baseline,3,unterminated,8,1,35,0,56163,0,884.35
baseline,3,unterminated,8,1,35,1,56163,0,865.73
baseline,3,unterminated,8,1,35,2,56163,0,864.93
baseline,3,unterminated,8,1,35,3,56163,0,874.15
baseline,3,unterminated,8,1,35,4,56163,0,887.60
baseline,3,unterminated,8,1,35,5,56163,0,892.10
baseline,3,unterminated,8,1,35,6,56163,0,927.73
baseline,3,unterminated,16,1,43,0,49520,0,987.74
baseline,3,unterminated,16,1,43,1,49520,0,1001.27
baseline,3,unterminated,16,1,43,2,49520,0,996.77
baseline,3,unterminated,16,1,43,3,49520,0,952.00
baseline,3,unterminated,16,1,43,4,49520,0,969.91
baseline,3,unterminated,16,1,43,5,49520,0,1001.19
baseline,3,unterminated,16,1,43,6,49520,0,1021.20
baseline,3,unterminated,64,1,91,0,49959,0,995.22
baseline,3,unterminated,64,1,91,1,49959,0,975.52
baseline,3,unterminated,64,1,91,2,49959,0,956.56
baseline,3,unterminated,64,1,91,3,49959,0,922.88
baseline,3,unterminated,64,1,91,4,49959,0,898.44
baseline,3,unterminated,64,1,91,5,49959,0,882.00
baseline,3,unterminated,64,1,91,6,49959,0,891.35
baseline,3,unterminated,4096,1,4123,0,44486,0,1082.39
baseline,3,unterminated,4096,1,4123,1,44486,0,1877.53
baseline,3,unterminated,4096,1,4123,2,44486,0,1077.96
baseline,3,unterminated,4096,1,4123,3,44486,0,1056.29
baseline,3,unterminated,4096,1,4123,4,44486,0,1077.46
baseline,3,unterminated,4096,1,4123,5,44486,0,1123.95
baseline,3,unterminated,4096,1,4123,6,44486,0,1052.42
baseline,3,unterminated,65536,1,65563,0,12880,0,3862.19
baseline,3,unterminated,65536,1,65563,1,12880,0,3912.03
baseline,3,unterminated,65536,1,65563,2,12880,0,3835.17
baseline,3,unterminated,65536,1,65563,3,12880,0,3836.80
baseline,3,unterminated,65536,1,65563,4,12880,0,3857.07
baseline,3,unterminated,65536,1,65563,5,12880,0,3814.83
baseline,3,unterminated,65536,1,65563,6,12880,0,3767.31
baseline,3,quoted,8,128,2322,0,4674,598272,10843.18
baseline,3,quoted,8,128,2322,1,4674,598272,11336.97
baseline,3,quoted,8,128,2322,2,4674,598272,11248.61
baseline,3,quoted,8,128,2322,3,4674,598272,11580.23
baseline,3,quoted,8,128,2322,4,4674,598272,11529.53
baseline,3,quoted,8,128,2322,5,4674,598272,10952.93
baseline,3,quoted,8,128,2322,6,4674,598272,11169.45
