fallible,bytes,value,alignment,trial,phase,wall_ns,user_ns,sys_ns,minor_faults,peak_rss_kib
0,0,0,1,0,acquire,13251,10000,0,4,828
0,0,0,1,0,first_read,720,1000,0,0,1084
0,0,0,1,0,first_write,600,1000,0,0,1084
0,0,0,1,0,refill,570,0,0,0,1084
0,0,0,1,0,drop,650,1000,0,0,1084
0,64,0,1,0,acquire,13280,10000,0,4,828
0,64,0,1,0,first_read,740,1000,0,0,1084
0,64,0,1,0,first_write,610,1000,0,0,1084
0,64,0,1,0,refill,570,0,0,0,1084
0,64,0,1,0,drop,620,1000,0,0,1084
0,1048576,0,1,0,acquire,31472,29000,0,7,828
0,1048576,0,1,0,first_read,274094,275000,0,256,1400
0,1048576,0,1,0,first_write,407540,408000,0,256,2424
0,1048576,0,1,0,refill,22901,23000,0,0,2424
0,1048576,0,1,0,drop,58753,59000,0,0,2424
0,1048576,165,1,0,acquire,497035,493000,0,264,2108
0,1048576,165,1,0,first_read,137627,138000,0,0,2424
0,1048576,165,1,0,first_write,22361,23000,0,0,2424
0,1048576,165,1,0,refill,20852,21000,0,0,2424
0,1048576,165,1,0,drop,92995,92000,0,0,2424
0,1048576,0,4096,0,acquire,484945,480000,0,264,2108
0,1048576,0,4096,0,first_read,131557,132000,0,0,2424
0,1048576,0,4096,0,first_write,13861,14000,0,0,2424
0,1048576,0,4096,0,refill,13761,14000,0,0,2424
0,1048576,0,4096,0,drop,66023,66000,0,0,2424
1,1048576,0,1,0,acquire,29612,26000,0,7,828
1,1048576,0,1,0,first_read,246062,247000,0,256,1400
1,1048576,0,1,0,first_write,453813,0,454000,256,2424
1,1048576,0,1,0,refill,23191,0,24000,0,2424
1,1048576,0,1,0,drop,67503,0,67000,0,2424
0,551157760,0,1,0,acquire,30862,27000,0,7,828
0,551157760,0,1,0,first_read,126821593,69465000,57325000,134560,1400
0,551157760,0,1,0,first_write,414488372,14607000,399861000,134560,539512
0,551157760,0,1,0,refill,48182306,48138000,44000,0,539512
0,551157760,0,1,0,drop,35332244,2519000,32811000,0,539512
0,1653473280,0,1,0,acquire,37682,34000,0,7,828
0,1653473280,0,1,0,first_read,367332096,213869000,153443000,403680,1400
0,1653473280,0,1,0,first_write,1106732009,86410000,1020224000,403680,1615992
0,1653473280,0,1,0,refill,100521350,100239000,280000,0,1615992
0,1653473280,0,1,0,drop,82464488,365000,82095000,0,1615992
0,2204631040,0,1,0,acquire,33332,30000,0,7,828
0,2204631040,0,1,0,first_read,489136530,268525000,220537000,538240,1400
0,2204631040,0,1,0,first_write,2026291629,111235000,1914862000,538240,2154104
0,2204631040,0,1,0,refill,129196962,128201000,991000,0,2154104
0,2204631040,0,1,0,drop,115455499,0,115448000,0,2154104
0,0,0,1,1,acquire,14821,11000,0,4,828
0,0,0,1,1,first_read,690,1000,0,0,1084
0,0,0,1,1,first_write,580,1000,0,0,1084
0,0,0,1,1,refill,550,0,0,0,1084
0,0,0,1,1,drop,750,1000,0,0,1084
0,64,0,1,1,acquire,15751,12000,0,4,828
0,64,0,1,1,first_read,890,0,0,0,1084
0,64,0,1,1,first_write,730,0,0,0,1084
0,64,0,1,1,refill,670,1000,0,0,1084
0,64,0,1,1,drop,770,1000,0,0,1084
0,1048576,0,1,1,acquire,34881,32000,0,7,828
0,1048576,0,1,1,first_read,226601,227000,0,256,1400
0,1048576,0,1,1,first_write,496795,0,497000,256,2424
0,1048576,0,1,1,refill,37862,0,38000,0,2424
0,1048576,0,1,1,drop,72944,0,73000,0,2424
0,1048576,165,1,1,acquire,341127,338000,0,264,2108
0,1048576,165,1,1,first_read,121967,123000,0,0,2424
0,1048576,165,1,1,first_write,24601,25000,0,0,2424
0,1048576,165,1,1,refill,16631,17000,0,0,2424
0,1048576,165,1,1,drop,48942,49000,0,0,2424
0,1048576,0,4096,1,acquire,387459,384000,0,264,2108
0,1048576,0,4096,1,first_read,103495,104000,0,0,2424
0,1048576,0,4096,1,first_write,19561,20000,0,0,2424
0,1048576,0,4096,1,refill,17971,18000,0,0,2424
0,1048576,0,4096,1,drop,62003,62000,0,0,2424
1,1048576,0,1,1,acquire,23871,20000,0,7,828
1,1048576,0,1,1,first_read,225642,226000,0,256,1400
1,1048576,0,1,1,first_write,391079,391000,0,256,2424
1,1048576,0,1,1,refill,31002,32000,0,0,2424
1,1048576,0,1,1,drop,66263,66000,0,0,2424
0,551157760,0,1,1,acquire,26842,24000,0,7,828
0,551157760,0,1,1,first_read,122532871,79004000,43508000,134560,1400
0,551157760,0,1,1,first_write,223579968,8431000,215137000,134560,539512
0,551157760,0,1,1,refill,36820902,36139000,682000,0,539512
0,551157760,0,1,1,drop,34643619,2566000,32076000,0,539512
0,1653473280,0,1,1,acquire,36342,32000,0,7,828
0,1653473280,0,1,1,first_read,362448416,215015000,147416000,403680,1400
0,1653473280,0,1,1,first_write,649798667,48933000,600830000,403680,1615992
0,1653473280,0,1,1,refill,106011397,106008000,0,0,1615992
0,1653473280,0,1,1,drop,100123384,1873000,98245000,0,1615992
0,2204631040,0,1,1,acquire,25231,22000,0,7,828
0,2204631040,0,1,1,first_read,484503507,288220000,196219000,538240,1400
0,2204631040,0,1,1,first_write,1914567011,111482000,1802823000,538240,2154360
0,2204631040,0,1,1,refill,126461699,124457000,1969000,0,2154360
0,2204631040,0,1,1,drop,111275740,1099000,110170000,0,2154360
0,0,0,1,2,acquire,18891,14000,0,4,828
0,0,0,1,2,first_read,900,1000,0,0,1084
0,0,0,1,2,first_write,780,1000,0,0,1084
0,0,0,1,2,refill,730,1000,0,0,1084
0,0,0,1,2,drop,880,1000,0,0,1084
0,64,0,1,2,acquire,13161,10000,0,4,828
0,64,0,1,2,first_read,730,0,0,0,1084
0,64,0,1,2,first_write,570,1000,0,0,1084
0,64,0,1,2,refill,540,0,0,0,1084
0,64,0,1,2,drop,600,1000,0,0,1084
0,1048576,0,1,2,acquire,73633,70000,0,7,828
0,1048576,0,1,2,first_read,222701,223000,0,256,1400
0,1048576,0,1,2,first_write,404170,404000,0,256,2424
0,1048576,0,1,2,refill,26452,26000,0,0,2424
0,1048576,0,1,2,drop,63643,64000,0,0,2424
0,1048576,165,1,2,acquire,366559,363000,0,264,2108
0,1048576,165,1,2,first_read,101515,102000,0,0,2424
0,1048576,165,1,2,first_write,15051,15000,0,0,2424
0,1048576,165,1,2,refill,14281,14000,0,0,2424
0,1048576,165,1,2,drop,53813,54000,0,0,2424
0,1048576,0,4096,2,acquire,384130,381000,0,264,2108
0,1048576,0,4096,2,first_read,104296,104000,0,0,2424
0,1048576,0,4096,2,first_write,19811,20000,0,0,2424
0,1048576,0,4096,2,refill,18111,18000,0,0,2424
0,1048576,0,4096,2,drop,68564,69000,0,0,2424
1,1048576,0,1,2,acquire,24472,21000,0,7,828
1,1048576,0,1,2,first_read,222762,223000,0,256,1400
1,1048576,0,1,2,first_write,391750,392000,0,256,2424
1,1048576,0,1,2,refill,25231,26000,0,0,2424
1,1048576,0,1,2,drop,59323,59000,0,0,2424
0,551157760,0,1,2,acquire,21321,19000,0,7,828
0,551157760,0,1,2,first_read,120455176,88296000,32142000,134560,1400
0,551157760,0,1,2,first_write,366398600,15373000,351007000,134560,539512
0,551157760,0,1,2,refill,49935926,48474000,1462000,0,539512
0,551157760,0,1,2,drop,35543806,807000,34734000,0,539512
0,1653473280,0,1,2,acquire,31372,28000,0,7,828
0,1653473280,0,1,2,first_read,356176240,208038000,148119000,403680,1400
0,1653473280,0,1,2,first_write,596915230,84184000,512681000,403680,1615992
0,1653473280,0,1,2,refill,96475144,96249000,223000,0,1615992
0,1653473280,0,1,2,drop,88892537,1056000,86452000,0,1615992
0,2204631040,0,1,2,acquire,36662,33000,0,7,828
0,2204631040,0,1,2,first_read,478204291,278869000,199286000,538240,1400
0,2204631040,0,1,2,first_write,1291450698,69323000,1222045000,538240,2154360
0,2204631040,0,1,2,refill,126426392,126409000,0,0,2154360
0,2204631040,0,1,2,drop,117696685,216000,117473000,0,2154360
