revision,cycle,case,capacity,reuse,lossy,trial,calls,observed_bytes,ns_per_call
baseline,0,0,16,false,false,0,10000,130000,2660.350
baseline,0,0,16,false,false,1,10000,130000,3225.467
baseline,0,0,16,false,false,2,10000,130000,3378.183
baseline,0,0,16,false,false,3,10000,130000,3339.121
baseline,0,0,16,false,false,4,10000,130000,3439.729
baseline,0,0,16,false,false,5,10000,130000,3267.167
baseline,0,0,16,false,false,6,10000,130000,3419.654
candidate,0,0,16,false,false,0,10000,130000,262.121
candidate,0,0,16,false,false,1,10000,130000,262.096
candidate,0,0,16,false,false,2,10000,130000,265.067
candidate,0,0,16,false,false,3,10000,130000,266.733
candidate,0,0,16,false,false,4,10000,130000,264.354
candidate,0,0,16,false,false,5,10000,130000,266.904
candidate,0,0,16,false,false,6,10000,130000,265.196
candidate,0,1,16,false,true,0,10000,110000,201.304
candidate,0,1,16,false,true,1,10000,110000,199.258
candidate,0,1,16,false,true,2,10000,110000,198.863
candidate,0,1,16,false,true,3,10000,110000,197.579
candidate,0,1,16,false,true,4,10000,110000,199.354
candidate,0,1,16,false,true,5,10000,110000,197.546
candidate,0,1,16,false,true,6,10000,110000,200.008
baseline,0,1,16,false,true,0,10000,110000,3398.904
baseline,0,1,16,false,true,1,10000,110000,3250.608
baseline,0,1,16,false,true,2,10000,110000,3279.450
baseline,0,1,16,false,true,3,10000,110000,3269.371
baseline,0,1,16,false,true,4,10000,110000,3254.254
baseline,0,1,16,false,true,5,10000,110000,2548.229
baseline,0,1,16,false,true,6,10000,110000,2954.488
baseline,0,2,16,true,false,0,50000,650000,239.677
baseline,0,2,16,true,false,1,50000,650000,239.041
baseline,0,2,16,true,false,2,50000,650000,236.697
baseline,0,2,16,true,false,3,50000,650000,241.496
baseline,0,2,16,true,false,4,50000,650000,239.078
baseline,0,2,16,true,false,5,50000,650000,238.804
baseline,0,2,16,true,false,6,50000,650000,236.911
candidate,0,2,16,true,false,0,50000,650000,220.563
candidate,0,2,16,true,false,1,50000,650000,221.153
candidate,0,2,16,true,false,2,50000,650000,220.559
candidate,0,2,16,true,false,3,50000,650000,222.371
candidate,0,2,16,true,false,4,50000,650000,221.022
candidate,0,2,16,true,false,5,50000,650000,220.973
candidate,0,2,16,true,false,6,50000,650000,223.777
candidate,0,3,16,true,true,0,50000,550000,156.069
candidate,0,3,16,true,true,1,50000,550000,157.149
candidate,0,3,16,true,true,2,50000,550000,158.762
candidate,0,3,16,true,true,3,50000,550000,156.185
candidate,0,3,16,true,true,4,50000,550000,156.162
candidate,0,3,16,true,true,5,50000,550000,155.792
candidate,0,3,16,true,true,6,50000,550000,156.737
baseline,0,3,16,true,true,0,50000,550000,170.240
baseline,0,3,16,true,true,1,50000,550000,171.995
baseline,0,3,16,true,true,2,50000,550000,171.281
baseline,0,3,16,true,true,3,50000,550000,170.935
baseline,0,3,16,true,true,4,50000,550000,173.555
baseline,0,3,16,true,true,5,50000,550000,170.930
baseline,0,3,16,true,true,6,50000,550000,170.343
baseline,0,4,1024,false,false,0,10000,130000,3480.992
baseline,0,4,1024,false,false,1,10000,130000,3463.200
baseline,0,4,1024,false,false,2,10000,130000,2580.829
baseline,0,4,1024,false,false,3,10000,130000,2625.588
baseline,0,4,1024,false,false,4,10000,130000,3041.092
baseline,0,4,1024,false,false,5,10000,130000,3438.658
baseline,0,4,1024,false,false,6,10000,130000,3373.604
candidate,0,4,1024,false,false,0,10000,130000,263.458
candidate,0,4,1024,false,false,1,10000,130000,262.500
candidate,0,4,1024,false,false,2,10000,130000,263.717
candidate,0,4,1024,false,false,3,10000,130000,264.004
candidate,0,4,1024,false,false,4,10000,130000,262.962
candidate,0,4,1024,false,false,5,10000,130000,261.833
candidate,0,4,1024,false,false,6,10000,130000,267.183
candidate,0,5,1024,false,true,0,10000,110000,196.771
candidate,0,5,1024,false,true,1,10000,110000,203.363
candidate,0,5,1024,false,true,2,10000,110000,201.858
candidate,0,5,1024,false,true,3,10000,110000,202.325
candidate,0,5,1024,false,true,4,10000,110000,202.767
candidate,0,5,1024,false,true,5,10000,110000,204.521
candidate,0,5,1024,false,true,6,10000,110000,201.975
baseline,0,5,1024,false,true,0,10000,110000,3291.925
baseline,0,5,1024,false,true,1,10000,110000,3174.771
baseline,0,5,1024,false,true,2,10000,110000,3369.604
baseline,0,5,1024,false,true,3,10000,110000,3601.842
baseline,0,5,1024,false,true,4,10000,110000,3318.846
baseline,0,5,1024,false,true,5,10000,110000,3390.354
baseline,0,5,1024,false,true,6,10000,110000,2691.529
baseline,0,6,1024,true,false,0,50000,650000,237.231
baseline,0,6,1024,true,false,1,50000,650000,236.677
baseline,0,6,1024,true,false,2,50000,650000,236.984
baseline,0,6,1024,true,false,3,50000,650000,235.965
baseline,0,6,1024,true,false,4,50000,650000,237.452
baseline,0,6,1024,true,false,5,50000,650000,237.916
baseline,0,6,1024,true,false,6,50000,650000,238.950
candidate,0,6,1024,true,false,0,50000,650000,221.171
candidate,0,6,1024,true,false,1,50000,650000,224.056
candidate,0,6,1024,true,false,2,50000,650000,225.212
candidate,0,6,1024,true,false,3,50000,650000,224.652
candidate,0,6,1024,true,false,4,50000,650000,224.014
candidate,0,6,1024,true,false,5,50000,650000,226.152
candidate,0,6,1024,true,false,6,50000,650000,223.737
candidate,0,7,1024,true,true,0,50000,550000,157.094
candidate,0,7,1024,true,true,1,50000,550000,157.635
candidate,0,7,1024,true,true,2,50000,550000,156.138
candidate,0,7,1024,true,true,3,50000,550000,157.464
candidate,0,7,1024,true,true,4,50000,550000,154.632
candidate,0,7,1024,true,true,5,50000,550000,156.251
candidate,0,7,1024,true,true,6,50000,550000,154.803
baseline,0,7,1024,true,true,0,50000,550000,172.769
baseline,0,7,1024,true,true,1,50000,550000,170.899
baseline,0,7,1024,true,true,2,50000,550000,170.534
baseline,0,7,1024,true,true,3,50000,550000,170.012
baseline,0,7,1024,true,true,4,50000,550000,180.523
baseline,0,7,1024,true,true,5,50000,550000,173.833
baseline,0,7,1024,true,true,6,50000,550000,169.596
baseline,0,8,65536,false,false,0,10000,130000,4151.821
baseline,0,8,65536,false,false,1,10000,130000,4194.696
baseline,0,8,65536,false,false,2,10000,130000,3417.387
baseline,0,8,65536,false,false,3,10000,130000,3252.379
baseline,0,8,65536,false,false,4,10000,130000,3222.488
baseline,0,8,65536,false,false,5,10000,130000,3184.229
baseline,0,8,65536,false,false,6,10000,130000,3886.367
candidate,0,8,65536,false,false,0,10000,130000,283.050
candidate,0,8,65536,false,false,1,10000,130000,267.583
candidate,0,8,65536,false,false,2,10000,130000,266.158
candidate,0,8,65536,false,false,3,10000,130000,264.021
candidate,0,8,65536,false,false,4,10000,130000,264.250
candidate,0,8,65536,false,false,5,10000,130000,264.254
candidate,0,8,65536,false,false,6,10000,130000,265.746
candidate,0,9,65536,false,true,0,10000,110000,200.600
candidate,0,9,65536,false,true,1,10000,110000,207.325
candidate,0,9,65536,false,true,2,10000,110000,201.342
candidate,0,9,65536,false,true,3,10000,110000,202.925
candidate,0,9,65536,false,true,4,10000,110000,201.771
candidate,0,9,65536,false,true,5,10000,110000,200.567
candidate,0,9,65536,false,true,6,10000,110000,202.279
baseline,0,9,65536,false,true,0,10000,110000,4042.667
baseline,0,9,65536,false,true,1,10000,110000,4491.775
baseline,0,9,65536,false,true,2,10000,110000,4031.463
baseline,0,9,65536,false,true,3,10000,110000,4279.304
baseline,0,9,65536,false,true,4,10000,110000,4048.683
baseline,0,9,65536,false,true,5,10000,110000,4070.354
baseline,0,9,65536,false,true,6,10000,110000,4048.879
baseline,0,10,65536,true,false,0,50000,650000,237.370
baseline,0,10,65536,true,false,1,50000,650000,236.316
baseline,0,10,65536,true,false,2,50000,650000,239.327
baseline,0,10,65536,true,false,3,50000,650000,238.803
baseline,0,10,65536,true,false,4,50000,650000,239.280
baseline,0,10,65536,true,false,5,50000,650000,240.927
baseline,0,10,65536,true,false,6,50000,650000,239.912
candidate,0,10,65536,true,false,0,50000,650000,219.325
candidate,0,10,65536,true,false,1,50000,650000,221.119
candidate,0,10,65536,true,false,2,50000,650000,219.810
candidate,0,10,65536,true,false,3,50000,650000,222.043
candidate,0,10,65536,true,false,4,50000,650000,222.319
candidate,0,10,65536,true,false,5,50000,650000,219.404
candidate,0,10,65536,true,false,6,50000,650000,219.243
candidate,0,11,65536,true,true,0,50000,550000,156.252
candidate,0,11,65536,true,true,1,50000,550000,154.073
candidate,0,11,65536,true,true,2,50000,550000,154.928
candidate,0,11,65536,true,true,3,50000,550000,154.900
candidate,0,11,65536,true,true,4,50000,550000,156.581
candidate,0,11,65536,true,true,5,50000,550000,154.837
candidate,0,11,65536,true,true,6,50000,550000,154.903
baseline,0,11,65536,true,true,0,50000,550000,172.653
baseline,0,11,65536,true,true,1,50000,550000,181.007
baseline,0,11,65536,true,true,2,50000,550000,174.056
baseline,0,11,65536,true,true,3,50000,550000,171.433
baseline,0,11,65536,true,true,4,50000,550000,182.093
baseline,0,11,65536,true,true,5,50000,550000,171.857
baseline,0,11,65536,true,true,6,50000,550000,172.847
candidate,1,0,16,false,false,0,10000,130000,266.988
candidate,1,0,16,false,false,1,10000,130000,265.596
candidate,1,0,16,false,false,2,10000,130000,267.271
candidate,1,0,16,false,false,3,10000,130000,265.733
candidate,1,0,16,false,false,4,10000,130000,267.979
candidate,1,0,16,false,false,5,10000,130000,275.000
candidate,1,0,16,false,false,6,10000,130000,269.258
baseline,1,0,16,false,false,0,10000,130000,3290.821
baseline,1,0,16,false,false,1,10000,130000,3351.650
baseline,1,0,16,false,false,2,10000,130000,3231.729
baseline,1,0,16,false,false,3,10000,130000,3500.992
baseline,1,0,16,false,false,4,10000,130000,3420.004
baseline,1,0,16,false,false,5,10000,130000,3354.967
baseline,1,0,16,false,false,6,10000,130000,3273.188
baseline,1,1,16,false,true,0,10000,110000,3380.688
baseline,1,1,16,false,true,1,10000,110000,3330.096
baseline,1,1,16,false,true,2,10000,110000,3404.767
baseline,1,1,16,false,true,3,10000,110000,3272.338
baseline,1,1,16,false,true,4,10000,110000,3353.692
baseline,1,1,16,false,true,5,10000,110000,3331.204
baseline,1,1,16,false,true,6,10000,110000,3257.412
candidate,1,1,16,false,true,0,10000,110000,201.433
candidate,1,1,16,false,true,1,10000,110000,202.079
candidate,1,1,16,false,true,2,10000,110000,199.458
candidate,1,1,16,false,true,3,10000,110000,202.058
candidate,1,1,16,false,true,4,10000,110000,201.083
candidate,1,1,16,false,true,5,10000,110000,200.113
candidate,1,1,16,false,true,6,10000,110000,201.512
candidate,1,2,16,true,false,0,50000,650000,219.142
candidate,1,2,16,true,false,1,50000,650000,221.128
candidate,1,2,16,true,false,2,50000,650000,221.148
candidate,1,2,16,true,false,3,50000,650000,219.193
candidate,1,2,16,true,false,4,50000,650000,222.675
candidate,1,2,16,true,false,5,50000,650000,221.684
candidate,1,2,16,true,false,6,50000,650000,221.552
baseline,1,2,16,true,false,0,50000,650000,241.660
baseline,1,2,16,true,false,1,50000,650000,235.618
baseline,1,2,16,true,false,2,50000,650000,240.371
baseline,1,2,16,true,false,3,50000,650000,239.938
baseline,1,2,16,true,false,4,50000,650000,237.178
baseline,1,2,16,true,false,5,50000,650000,241.471
baseline,1,2,16,true,false,6,50000,650000,238.356
baseline,1,3,16,true,true,0,50000,550000,170.997
baseline,1,3,16,true,true,1,50000,550000,171.206
baseline,1,3,16,true,true,2,50000,550000,173.743
baseline,1,3,16,true,true,3,50000,550000,171.274
baseline,1,3,16,true,true,4,50000,550000,172.182
baseline,1,3,16,true,true,5,50000,550000,177.230
baseline,1,3,16,true,true,6,50000,550000,178.947
candidate,1,3,16,true,true,0,50000,550000,155.197
candidate,1,3,16,true,true,1,50000,550000,154.346
candidate,1,3,16,true,true,2,50000,550000,156.836
candidate,1,3,16,true,true,3,50000,550000,158.726
candidate,1,3,16,true,true,4,50000,550000,158.031
candidate,1,3,16,true,true,5,50000,550000,157.236
candidate,1,3,16,true,true,6,50000,550000,157.567
candidate,1,4,1024,false,false,0,10000,130000,274.358
candidate,1,4,1024,false,false,1,10000,130000,273.262
candidate,1,4,1024,false,false,2,10000,130000,265.829
candidate,1,4,1024,false,false,3,10000,130000,265.046
candidate,1,4,1024,false,false,4,10000,130000,265.100
candidate,1,4,1024,false,false,5,10000,130000,272.538
candidate,1,4,1024,false,false,6,10000,130000,266.800
baseline,1,4,1024,false,false,0,10000,130000,2641.642
baseline,1,4,1024,false,false,1,10000,130000,3246.079
baseline,1,4,1024,false,false,2,10000,130000,3382.867
baseline,1,4,1024,false,false,3,10000,130000,3293.425
baseline,1,4,1024,false,false,4,10000,130000,3241.233
baseline,1,4,1024,false,false,5,10000,130000,2589.942
baseline,1,4,1024,false,false,6,10000,130000,2646.871
baseline,1,5,1024,false,true,0,10000,110000,3522.833
baseline,1,5,1024,false,true,1,10000,110000,3354.071
baseline,1,5,1024,false,true,2,10000,110000,3275.258
baseline,1,5,1024,false,true,3,10000,110000,3262.192
baseline,1,5,1024,false,true,4,10000,110000,3442.821
baseline,1,5,1024,false,true,5,10000,110000,2698.838
baseline,1,5,1024,false,true,6,10000,110000,2589.300
candidate,1,5,1024,false,true,0,10000,110000,202.713
candidate,1,5,1024,false,true,1,10000,110000,201.642
candidate,1,5,1024,false,true,2,10000,110000,237.875
candidate,1,5,1024,false,true,3,10000,110000,222.121
candidate,1,5,1024,false,true,4,10000,110000,231.987
candidate,1,5,1024,false,true,5,10000,110000,216.037
candidate,1,5,1024,false,true,6,10000,110000,222.592
candidate,1,6,1024,true,false,0,50000,650000,229.067
candidate,1,6,1024,true,false,1,50000,650000,222.247
candidate,1,6,1024,true,false,2,50000,650000,229.208
candidate,1,6,1024,true,false,3,50000,650000,231.394
candidate,1,6,1024,true,false,4,50000,650000,222.588
candidate,1,6,1024,true,false,5,50000,650000,225.583
candidate,1,6,1024,true,false,6,50000,650000,237.698
baseline,1,6,1024,true,false,0,50000,650000,236.777
baseline,1,6,1024,true,false,1,50000,650000,239.773
baseline,1,6,1024,true,false,2,50000,650000,239.621
baseline,1,6,1024,true,false,3,50000,650000,235.859
baseline,1,6,1024,true,false,4,50000,650000,238.247
baseline,1,6,1024,true,false,5,50000,650000,236.721
baseline,1,6,1024,true,false,6,50000,650000,234.980
baseline,1,7,1024,true,true,0,50000,550000,172.144
baseline,1,7,1024,true,true,1,50000,550000,172.107
baseline,1,7,1024,true,true,2,50000,550000,173.127
baseline,1,7,1024,true,true,3,50000,550000,172.848
baseline,1,7,1024,true,true,4,50000,550000,172.361
baseline,1,7,1024,true,true,5,50000,550000,171.348
baseline,1,7,1024,true,true,6,50000,550000,171.615
candidate,1,7,1024,true,true,0,50000,550000,153.876
candidate,1,7,1024,true,true,1,50000,550000,158.083
candidate,1,7,1024,true,true,2,50000,550000,155.185
candidate,1,7,1024,true,true,3,50000,550000,155.428
candidate,1,7,1024,true,true,4,50000,550000,158.381
candidate,1,7,1024,true,true,5,50000,550000,159.218
candidate,1,7,1024,true,true,6,50000,550000,156.656
candidate,1,8,65536,false,false,0,10000,130000,267.675
candidate,1,8,65536,false,false,1,10000,130000,267.808
candidate,1,8,65536,false,false,2,10000,130000,268.592
candidate,1,8,65536,false,false,3,10000,130000,267.133
candidate,1,8,65536,false,false,4,10000,130000,271.762
candidate,1,8,65536,false,false,5,10000,130000,270.800
candidate,1,8,65536,false,false,6,10000,130000,268.579
baseline,1,8,65536,false,false,0,10000,130000,3375.700
baseline,1,8,65536,false,false,1,10000,130000,4046.062
baseline,1,8,65536,false,false,2,10000,130000,4152.221
baseline,1,8,65536,false,false,3,10000,130000,4281.717
baseline,1,8,65536,false,false,4,10000,130000,4218.075
baseline,1,8,65536,false,false,5,10000,130000,4147.792
baseline,1,8,65536,false,false,6,10000,130000,4120.837
baseline,1,9,65536,false,true,0,10000,110000,4025.571
baseline,1,9,65536,false,true,1,10000,110000,4104.613
baseline,1,9,65536,false,true,2,10000,110000,3963.200
baseline,1,9,65536,false,true,3,10000,110000,4106.567
baseline,1,9,65536,false,true,4,10000,110000,4048.650
baseline,1,9,65536,false,true,5,10000,110000,3937.417
baseline,1,9,65536,false,true,6,10000,110000,4351.629
candidate,1,9,65536,false,true,0,10000,110000,201.779
candidate,1,9,65536,false,true,1,10000,110000,202.108
candidate,1,9,65536,false,true,2,10000,110000,200.550
candidate,1,9,65536,false,true,3,10000,110000,200.779
candidate,1,9,65536,false,true,4,10000,110000,200.529
candidate,1,9,65536,false,true,5,10000,110000,200.471
candidate,1,9,65536,false,true,6,10000,110000,200.742
candidate,1,10,65536,true,false,0,50000,650000,219.850
candidate,1,10,65536,true,false,1,50000,650000,224.391
candidate,1,10,65536,true,false,2,50000,650000,221.771
candidate,1,10,65536,true,false,3,50000,650000,225.678
candidate,1,10,65536,true,false,4,50000,650000,224.371
candidate,1,10,65536,true,false,5,50000,650000,225.220
candidate,1,10,65536,true,false,6,50000,650000,219.955
baseline,1,10,65536,true,false,0,50000,650000,237.768
baseline,1,10,65536,true,false,1,50000,650000,239.404
baseline,1,10,65536,true,false,2,50000,650000,239.164
baseline,1,10,65536,true,false,3,50000,650000,239.053
baseline,1,10,65536,true,false,4,50000,650000,239.256
baseline,1,10,65536,true,false,5,50000,650000,240.718
baseline,1,10,65536,true,false,6,50000,650000,239.158
baseline,1,11,65536,true,true,0,50000,550000,173.901
baseline,1,11,65536,true,true,1,50000,550000,170.621
baseline,1,11,65536,true,true,2,50000,550000,172.572
baseline,1,11,65536,true,true,3,50000,550000,175.097
baseline,1,11,65536,true,true,4,50000,550000,174.146
baseline,1,11,65536,true,true,5,50000,550000,173.223
baseline,1,11,65536,true,true,6,50000,550000,172.716
candidate,1,11,65536,true,true,0,50000,550000,156.865
candidate,1,11,65536,true,true,1,50000,550000,158.433
candidate,1,11,65536,true,true,2,50000,550000,155.872
candidate,1,11,65536,true,true,3,50000,550000,158.149
candidate,1,11,65536,true,true,4,50000,550000,156.657
candidate,1,11,65536,true,true,5,50000,550000,157.266
candidate,1,11,65536,true,true,6,50000,550000,157.129
