run,arm,input,input_bytes,form,trial,calls,output_bytes,ns_per_call
0,baseline,plain,0,0,0,32768,0,15.8
0,baseline,plain,0,0,1,32768,0,15.8
0,baseline,plain,0,0,2,32768,0,15.8
0,baseline,plain,0,0,3,32768,0,15.8
0,baseline,plain,0,0,4,32768,0,15.8
0,baseline,plain,0,0,5,32768,0,15.9
0,baseline,plain,0,0,6,32768,0,15.9
0,baseline,plain,0,1,0,32768,0,15.5
0,baseline,plain,0,1,1,32768,0,15.5
0,baseline,plain,0,1,2,32768,0,15.5
0,baseline,plain,0,1,3,32768,0,15.6
0,baseline,plain,0,1,4,32768,0,15.6
0,baseline,plain,0,1,5,32768,0,15.5
0,baseline,plain,0,1,6,32768,0,15.5
0,baseline,plain,30,0,0,22310,669300,49.2
0,baseline,plain,30,0,1,22310,669300,49.8
0,baseline,plain,30,0,2,22310,669300,49.6
0,baseline,plain,30,0,3,22310,669300,49.7
0,baseline,plain,30,0,4,22310,669300,49.8
0,baseline,plain,30,0,5,22310,669300,49.3
0,baseline,plain,30,0,6,22310,669300,49.5
0,baseline,plain,30,1,0,22310,669300,51.8
0,baseline,plain,30,1,1,22310,669300,51.2
0,baseline,plain,30,1,2,22310,669300,51.2
0,baseline,plain,30,1,3,22310,669300,51.2
0,baseline,plain,30,1,4,22310,669300,51.2
0,baseline,plain,30,1,5,22310,669300,51.8
0,baseline,plain,30,1,6,22310,669300,52.0
0,baseline,plain,90,0,0,13617,1225530,100.1
0,baseline,plain,90,0,1,13617,1225530,100.2
0,baseline,plain,90,0,2,13617,1225530,100.5
0,baseline,plain,90,0,3,13617,1225530,101.6
0,baseline,plain,90,0,4,13617,1225530,100.8
0,baseline,plain,90,0,5,13617,1225530,100.2
0,baseline,plain,90,0,6,13617,1225530,100.0
0,baseline,plain,90,1,0,13617,1225530,102.2
0,baseline,plain,90,1,1,13617,1225530,102.1
0,baseline,plain,90,1,2,13617,1225530,102.4
0,baseline,plain,90,1,3,13617,1225530,103.8
0,baseline,plain,90,1,4,13617,1225530,104.1
0,baseline,plain,90,1,5,13617,1225530,103.3
0,baseline,plain,90,1,6,13617,1225530,102.3
0,baseline,plain,4110,0,0,502,2063220,2633.5
0,baseline,plain,4110,0,1,502,2063220,2647.4
0,baseline,plain,4110,0,2,502,2063220,2697.2
0,baseline,plain,4110,0,3,502,2063220,2639.4
0,baseline,plain,4110,0,4,502,2063220,2635.5
0,baseline,plain,4110,0,5,502,2063220,2635.5
0,baseline,plain,4110,0,6,502,2063220,2633.5
0,baseline,plain,4110,1,0,502,2063220,2806.8
0,baseline,plain,4110,1,1,502,2063220,2846.6
0,baseline,plain,4110,1,2,502,2063220,2794.8
0,baseline,plain,4110,1,3,502,2063220,2794.8
0,baseline,plain,4110,1,4,502,2063220,2796.8
0,baseline,plain,4110,1,5,502,2063220,2794.8
0,baseline,plain,4110,1,6,502,2063220,2794.8
0,baseline,plain,65550,0,0,64,4195200,41156.2
0,baseline,plain,65550,0,1,64,4195200,41359.4
0,baseline,plain,65550,0,2,64,4195200,42593.8
0,baseline,plain,65550,0,3,64,4195200,42359.4
0,baseline,plain,65550,0,4,64,4195200,41937.5
0,baseline,plain,65550,0,5,64,4195200,41953.1
0,baseline,plain,65550,0,6,64,4195200,42109.4
0,baseline,plain,65550,1,0,64,4195200,44937.5
0,baseline,plain,65550,1,1,64,4195200,44765.6
0,baseline,plain,65550,1,2,64,4195200,44515.6
0,baseline,plain,65550,1,3,64,4195200,44656.2
0,baseline,plain,65550,1,4,64,4195200,45390.6
0,baseline,plain,65550,1,5,64,4195200,44906.2
0,baseline,plain,65550,1,6,64,4195200,44578.1
0,baseline,sparse,53,0,0,17924,914124,66.1
0,baseline,sparse,53,0,1,17924,914124,65.9
0,baseline,sparse,53,0,2,17924,914124,65.8
0,baseline,sparse,53,0,3,17924,914124,65.8
0,baseline,sparse,53,0,4,17924,914124,67.2
0,baseline,sparse,53,0,5,17924,914124,66.7
0,baseline,sparse,53,0,6,17924,914124,67.3
0,baseline,sparse,53,1,0,17924,914124,67.0
0,baseline,sparse,53,1,1,17924,914124,68.0
0,baseline,sparse,53,1,2,17924,914124,68.8
0,baseline,sparse,53,1,3,17924,914124,67.9
0,baseline,sparse,53,1,4,17924,914124,67.9
0,baseline,sparse,53,1,5,17924,914124,67.1
0,baseline,sparse,53,1,6,17924,914124,67.1
0,baseline,sparse,106,0,0,12336,1258272,106.9
0,baseline,sparse,106,0,1,12336,1258272,106.9
0,baseline,sparse,106,0,2,12336,1258272,106.9
0,baseline,sparse,106,0,3,12336,1258272,106.8
0,baseline,sparse,106,0,4,12336,1258272,107.5
0,baseline,sparse,106,0,5,12336,1258272,109.9
0,baseline,sparse,106,0,6,12336,1258272,108.0
0,baseline,sparse,106,1,0,12336,1258272,107.4
0,baseline,sparse,106,1,1,12336,1258272,107.4
0,baseline,sparse,106,1,2,12336,1258272,107.2
0,baseline,sparse,106,1,3,12336,1258272,107.4
0,baseline,sparse,106,1,4,12336,1258272,107.7
0,baseline,sparse,106,1,5,12336,1258272,107.3
0,baseline,sparse,106,1,6,12336,1258272,107.3
0,baseline,sparse,4134,0,0,499,1985022,2671.3
0,baseline,sparse,4134,0,1,499,1985022,2725.5
0,baseline,sparse,4134,0,2,499,1985022,2661.3
0,baseline,sparse,4134,0,3,499,1985022,2677.4
0,baseline,sparse,4134,0,4,499,1985022,2679.4
0,baseline,sparse,4134,0,5,499,1985022,2667.3
0,baseline,sparse,4134,0,6,499,1985022,2661.3
0,baseline,sparse,4134,1,0,499,1985022,2803.6
0,baseline,sparse,4134,1,1,499,1985022,2785.6
0,baseline,sparse,4134,1,2,499,1985022,2923.8
0,baseline,sparse,4134,1,3,499,1985022,2783.6
0,baseline,sparse,4134,1,4,499,1985022,2741.5
0,baseline,sparse,4134,1,5,499,1985022,2745.5
0,baseline,sparse,4134,1,6,499,1985022,2791.6
0,baseline,sparse,65561,0,0,64,4037568,42296.9
0,baseline,sparse,65561,0,1,64,4037568,42656.2
0,baseline,sparse,65561,0,2,64,4037568,42468.8
0,baseline,sparse,65561,0,3,64,4037568,42546.9
0,baseline,sparse,65561,0,4,64,4037568,42296.9
0,baseline,sparse,65561,0,5,64,4037568,42296.9
0,baseline,sparse,65561,0,6,64,4037568,42296.9
0,baseline,sparse,65561,1,0,64,4037568,43578.1
0,baseline,sparse,65561,1,1,64,4037568,43500.0
0,baseline,sparse,65561,1,2,64,4037568,43437.5
0,baseline,sparse,65561,1,3,64,4037568,43468.8
0,baseline,sparse,65561,1,4,64,4037568,43437.5
0,baseline,sparse,65561,1,5,64,4037568,43968.8
0,baseline,sparse,65561,1,6,64,4037568,44406.2
0,baseline,dense,12,0,0,27594,110376,36.0
0,baseline,dense,12,0,1,27594,110376,36.1
0,baseline,dense,12,0,2,27594,110376,36.1
0,baseline,dense,12,0,3,27594,110376,36.1
0,baseline,dense,12,0,4,27594,110376,36.0
0,baseline,dense,12,0,5,27594,110376,36.0
0,baseline,dense,12,0,6,27594,110376,36.1
0,baseline,dense,12,1,0,27594,110376,35.9
0,baseline,dense,12,1,1,27594,110376,36.1
0,baseline,dense,12,1,2,27594,110376,36.0
0,baseline,dense,12,1,3,27594,110376,36.3
0,baseline,dense,12,1,4,27594,110376,36.4
0,baseline,dense,12,1,5,27594,110376,36.1
0,baseline,dense,12,1,6,27594,110376,36.3
0,baseline,dense,72,0,0,15420,370080,74.0
0,baseline,dense,72,0,1,15420,370080,74.0
0,baseline,dense,72,0,2,15420,370080,74.4
0,baseline,dense,72,0,3,15420,370080,73.8
0,baseline,dense,72,0,4,15420,370080,74.0
0,baseline,dense,72,0,5,15420,370080,73.8
0,baseline,dense,72,0,6,15420,370080,73.8
0,baseline,dense,72,1,0,15420,370080,81.1
0,baseline,dense,72,1,1,15420,370080,80.8
0,baseline,dense,72,1,2,15420,370080,81.1
0,baseline,dense,72,1,3,15420,370080,80.8
0,baseline,dense,72,1,4,15420,370080,80.8
0,baseline,dense,72,1,5,15420,370080,80.9
0,baseline,dense,72,1,6,15420,370080,80.8
0,baseline,dense,4104,0,0,503,688104,2505.0
0,baseline,dense,4104,0,1,503,688104,2507.0
0,baseline,dense,4104,0,2,503,688104,2530.8
0,baseline,dense,4104,0,3,503,688104,2532.8
0,baseline,dense,4104,0,4,503,688104,2508.9
0,baseline,dense,4104,0,5,503,688104,2552.7
0,baseline,dense,4104,0,6,503,688104,2507.0
0,baseline,dense,4104,1,0,503,688104,2827.0
0,baseline,dense,4104,1,1,503,688104,2831.0
0,baseline,dense,4104,1,2,503,688104,2846.9
0,baseline,dense,4104,1,3,503,688104,2858.8
0,baseline,dense,4104,1,4,503,688104,2831.0
0,baseline,dense,4104,1,5,503,688104,2835.0
0,baseline,dense,4104,1,6,503,688104,2827.0
0,baseline,dense,65544,0,0,64,1398272,39812.5
0,baseline,dense,65544,0,1,64,1398272,39390.6
0,baseline,dense,65544,0,2,64,1398272,39359.4
0,baseline,dense,65544,0,3,64,1398272,39343.8
0,baseline,dense,65544,0,4,64,1398272,40656.2
0,baseline,dense,65544,0,5,64,1398272,40687.5
0,baseline,dense,65544,0,6,64,1398272,40734.4
0,baseline,dense,65544,1,0,64,1398272,46359.4
0,baseline,dense,65544,1,1,64,1398272,45296.9
0,baseline,dense,65544,1,2,64,1398272,44781.2
0,baseline,dense,65544,1,3,64,1398272,44875.0
0,baseline,dense,65544,1,4,64,1398272,44750.0
0,baseline,dense,65544,1,5,64,1398272,44921.9
0,baseline,dense,65544,1,6,64,1398272,44890.6
0,baseline,plus,8,0,0,29127,233016,34.0
0,baseline,plus,8,0,1,29127,233016,34.0
0,baseline,plus,8,0,2,29127,233016,34.0
0,baseline,plus,8,0,3,29127,233016,34.0
0,baseline,plus,8,0,4,29127,233016,34.2
0,baseline,plus,8,0,5,29127,233016,34.4
0,baseline,plus,8,0,6,29127,233016,34.6
0,baseline,plus,8,1,0,29127,233016,36.4
0,baseline,plus,8,1,1,29127,233016,34.5
0,baseline,plus,8,1,2,29127,233016,34.0
0,baseline,plus,8,1,3,29127,233016,34.0
0,baseline,plus,8,1,4,29127,233016,34.1
0,baseline,plus,8,1,5,29127,233016,34.0
0,baseline,plus,8,1,6,29127,233016,35.4
0,baseline,plus,64,0,0,16384,1048576,77.1
0,baseline,plus,64,0,1,16384,1048576,78.3
0,baseline,plus,64,0,2,16384,1048576,77.0
0,baseline,plus,64,0,3,16384,1048576,77.9
0,baseline,plus,64,0,4,16384,1048576,77.6
0,baseline,plus,64,0,5,16384,1048576,76.9
0,baseline,plus,64,0,6,16384,1048576,77.1
0,baseline,plus,64,1,0,16384,1048576,85.1
0,baseline,plus,64,1,1,16384,1048576,80.0
0,baseline,plus,64,1,2,16384,1048576,76.9
0,baseline,plus,64,1,3,16384,1048576,76.7
0,baseline,plus,64,1,4,16384,1048576,76.6
0,baseline,plus,64,1,5,16384,1048576,76.5
0,baseline,plus,64,1,6,16384,1048576,76.8
0,baseline,plus,4096,0,0,504,2064384,2634.9
0,baseline,plus,4096,0,1,504,2064384,2619.0
0,baseline,plus,4096,0,2,504,2064384,2617.1
0,baseline,plus,4096,0,3,504,2064384,2623.0
0,baseline,plus,4096,0,4,504,2064384,2623.0
0,baseline,plus,4096,0,5,504,2064384,2621.0
0,baseline,plus,4096,0,6,504,2064384,2621.0
0,baseline,plus,4096,1,0,504,2064384,2994.0
0,baseline,plus,4096,1,1,504,2064384,2992.1
0,baseline,plus,4096,1,2,504,2064384,2996.0
0,baseline,plus,4096,1,3,504,2064384,2994.0
0,baseline,plus,4096,1,4,504,2064384,2994.0
0,baseline,plus,4096,1,5,504,2064384,3002.0
0,baseline,plus,4096,1,6,504,2064384,2994.0
0,baseline,plus,65536,0,0,64,4194304,41953.1
0,baseline,plus,65536,0,1,64,4194304,41906.2
0,baseline,plus,65536,0,2,64,4194304,41890.6
0,baseline,plus,65536,0,3,64,4194304,42390.6
0,baseline,plus,65536,0,4,64,4194304,41453.1
0,baseline,plus,65536,0,5,64,4194304,41125.0
0,baseline,plus,65536,0,6,64,4194304,41546.9
0,baseline,plus,65536,1,0,64,4194304,46343.8
0,baseline,plus,65536,1,1,64,4194304,46359.4
0,baseline,plus,65536,1,2,64,4194304,46390.6
0,baseline,plus,65536,1,3,64,4194304,46500.0
0,baseline,plus,65536,1,4,64,4194304,46937.5
0,baseline,plus,65536,1,5,64,4194304,46828.1
0,baseline,plus,65536,1,6,64,4194304,46421.9
0,baseline,mixed,10,0,0,28339,170034,35.3
0,baseline,mixed,10,0,1,28339,170034,35.4
0,baseline,mixed,10,0,2,28339,170034,35.3
0,baseline,mixed,10,0,3,28339,170034,35.3
0,baseline,mixed,10,0,4,28339,170034,35.3
0,baseline,mixed,10,0,5,28339,170034,35.3
0,baseline,mixed,10,0,6,28339,170034,35.3
0,baseline,mixed,10,1,0,28339,170034,36.6
0,baseline,mixed,10,1,1,28339,170034,35.5
0,baseline,mixed,10,1,2,28339,170034,35.2
0,baseline,mixed,10,1,3,28339,170034,35.4
0,baseline,mixed,10,1,4,28339,170034,35.4
0,baseline,mixed,10,1,5,28339,170034,35.7
0,baseline,mixed,10,1,6,28339,170034,34.0
0,baseline,mixed,70,0,0,15650,657300,82.5
0,baseline,mixed,70,0,1,15650,657300,81.3
0,baseline,mixed,70,0,2,15650,657300,81.0
0,baseline,mixed,70,0,3,15650,657300,81.1
0,baseline,mixed,70,0,4,15650,657300,81.0
0,baseline,mixed,70,0,5,15650,657300,80.8
0,baseline,mixed,70,0,6,15650,657300,80.8
0,baseline,mixed,70,1,0,15650,657300,81.1
0,baseline,mixed,70,1,1,15650,657300,80.3
0,baseline,mixed,70,1,2,15650,657300,80.3
0,baseline,mixed,70,1,3,15650,657300,80.3
0,baseline,mixed,70,1,4,15650,657300,80.3
0,baseline,mixed,70,1,5,15650,657300,80.3
0,baseline,mixed,70,1,6,15650,657300,80.4
0,baseline,mixed,4100,0,0,503,1237380,3192.8
0,baseline,mixed,4100,0,1,503,1237380,3220.7
0,baseline,mixed,4100,0,2,503,1237380,3391.7
0,baseline,mixed,4100,0,3,503,1237380,3437.4
0,baseline,mixed,4100,0,4,503,1237380,3131.2
0,baseline,mixed,4100,0,5,503,1237380,3133.2
0,baseline,mixed,4100,0,6,503,1237380,3127.2
0,baseline,mixed,4100,1,0,503,1237380,2902.6
0,baseline,mixed,4100,1,1,503,1237380,2958.3
0,baseline,mixed,4100,1,2,503,1237380,2884.7
0,baseline,mixed,4100,1,3,503,1237380,2872.8
0,baseline,mixed,4100,1,4,503,1237380,2870.8
0,baseline,mixed,4100,1,5,503,1237380,2870.8
0,baseline,mixed,4100,1,6,503,1237380,2870.8
0,baseline,mixed,65540,0,0,64,2516736,49296.9
0,baseline,mixed,65540,0,1,64,2516736,49296.9
0,baseline,mixed,65540,0,2,64,2516736,49515.6
0,baseline,mixed,65540,0,3,64,2516736,49796.9
0,baseline,mixed,65540,0,4,64,2516736,49484.4
0,baseline,mixed,65540,0,5,64,2516736,49328.1
0,baseline,mixed,65540,0,6,64,2516736,49265.6
0,baseline,mixed,65540,1,0,64,2516736,46828.1
0,baseline,mixed,65540,1,1,64,2516736,48125.0
0,baseline,mixed,65540,1,2,64,2516736,46906.2
0,baseline,mixed,65540,1,3,64,2516736,47078.1
0,baseline,mixed,65540,1,4,64,2516736,46234.4
0,baseline,mixed,65540,1,5,64,2516736,45781.2
0,baseline,mixed,65540,1,6,64,2516736,45359.4
1,candidate,plain,0,0,0,32768,0,16.7
1,candidate,plain,0,0,1,32768,0,16.3
1,candidate,plain,0,0,2,32768,0,16.3
1,candidate,plain,0,0,3,32768,0,16.2
1,candidate,plain,0,0,4,32768,0,16.2
1,candidate,plain,0,0,5,32768,0,16.2
1,candidate,plain,0,0,6,32768,0,16.2
1,candidate,plain,0,1,0,32768,0,15.9
1,candidate,plain,0,1,1,32768,0,15.9
1,candidate,plain,0,1,2,32768,0,16.1
1,candidate,plain,0,1,3,32768,0,16.2
1,candidate,plain,0,1,4,32768,0,16.5
1,candidate,plain,0,1,5,32768,0,16.3
1,candidate,plain,0,1,6,32768,0,16.6
1,candidate,plain,30,0,0,22310,669300,50.5
1,candidate,plain,30,0,1,22310,669300,50.8
1,candidate,plain,30,0,2,22310,669300,52.6
1,candidate,plain,30,0,3,22310,669300,51.2
1,candidate,plain,30,0,4,22310,669300,49.3
1,candidate,plain,30,0,5,22310,669300,49.3
1,candidate,plain,30,0,6,22310,669300,49.3
1,candidate,plain,30,1,0,22310,669300,51.7
1,candidate,plain,30,1,1,22310,669300,51.6
1,candidate,plain,30,1,2,22310,669300,51.6
1,candidate,plain,30,1,3,22310,669300,51.6
1,candidate,plain,30,1,4,22310,669300,51.6
1,candidate,plain,30,1,5,22310,669300,52.9
1,candidate,plain,30,1,6,22310,669300,52.7
1,candidate,plain,90,0,0,13617,1225530,99.1
1,candidate,plain,90,0,1,13617,1225530,100.1
1,candidate,plain,90,0,2,13617,1225530,100.7
1,candidate,plain,90,0,3,13617,1225530,99.9
1,candidate,plain,90,0,4,13617,1225530,96.8
1,candidate,plain,90,0,5,13617,1225530,97.2
1,candidate,plain,90,0,6,13617,1225530,95.7
1,candidate,plain,90,1,0,13617,1225530,99.1
1,candidate,plain,90,1,1,13617,1225530,99.2
1,candidate,plain,90,1,2,13617,1225530,100.6
1,candidate,plain,90,1,3,13617,1225530,101.7
1,candidate,plain,90,1,4,13617,1225530,98.9
1,candidate,plain,90,1,5,13617,1225530,98.9
1,candidate,plain,90,1,6,13617,1225530,99.0
1,candidate,plain,4110,0,0,502,2063220,2631.5
1,candidate,plain,4110,0,1,502,2063220,2631.5
1,candidate,plain,4110,0,2,502,2063220,2639.4
1,candidate,plain,4110,0,3,502,2063220,2641.4
1,candidate,plain,4110,0,4,502,2063220,2627.5
1,candidate,plain,4110,0,5,502,2063220,2631.5
1,candidate,plain,4110,0,6,502,2063220,2683.3
1,candidate,plain,4110,1,0,502,2063220,2796.8
1,candidate,plain,4110,1,1,502,2063220,2792.8
1,candidate,plain,4110,1,2,502,2063220,2840.6
1,candidate,plain,4110,1,3,502,2063220,2800.8
1,candidate,plain,4110,1,4,502,2063220,2844.6
1,candidate,plain,4110,1,5,502,2063220,2798.8
1,candidate,plain,4110,1,6,502,2063220,2804.8
1,candidate,plain,65550,0,0,64,4195200,41125.0
1,candidate,plain,65550,0,1,64,4195200,41296.9
1,candidate,plain,65550,0,2,64,4195200,41328.1
1,candidate,plain,65550,0,3,64,4195200,41234.4
1,candidate,plain,65550,0,4,64,4195200,41140.6
1,candidate,plain,65550,0,5,64,4195200,41156.2
1,candidate,plain,65550,0,6,64,4195200,41125.0
1,candidate,plain,65550,1,0,64,4195200,44781.2
1,candidate,plain,65550,1,1,64,4195200,45031.2
1,candidate,plain,65550,1,2,64,4195200,43843.8
1,candidate,plain,65550,1,3,64,4195200,44046.9
1,candidate,plain,65550,1,4,64,4195200,44328.1
1,candidate,plain,65550,1,5,64,4195200,43750.0
1,candidate,plain,65550,1,6,64,4195200,43703.1
1,candidate,sparse,53,0,0,17924,914124,64.2
1,candidate,sparse,53,0,1,17924,914124,64.4
1,candidate,sparse,53,0,2,17924,914124,64.2
1,candidate,sparse,53,0,3,17924,914124,64.2
1,candidate,sparse,53,0,4,17924,914124,64.3
1,candidate,sparse,53,0,5,17924,914124,65.6
1,candidate,sparse,53,0,6,17924,914124,64.8
1,candidate,sparse,53,1,0,17924,914124,68.6
1,candidate,sparse,53,1,1,17924,914124,69.8
1,candidate,sparse,53,1,2,17924,914124,66.8
1,candidate,sparse,53,1,3,17924,914124,68.1
1,candidate,sparse,53,1,4,17924,914124,66.9
1,candidate,sparse,53,1,5,17924,914124,66.8
1,candidate,sparse,53,1,6,17924,914124,66.7
1,candidate,sparse,106,0,0,12336,1258272,104.8
1,candidate,sparse,106,0,1,12336,1258272,105.4
1,candidate,sparse,106,0,2,12336,1258272,103.1
1,candidate,sparse,106,0,3,12336,1258272,100.1
1,candidate,sparse,106,0,4,12336,1258272,100.5
1,candidate,sparse,106,0,5,12336,1258272,102.4
1,candidate,sparse,106,0,6,12336,1258272,103.4
1,candidate,sparse,106,1,0,12336,1258272,107.4
1,candidate,sparse,106,1,1,12336,1258272,106.4
1,candidate,sparse,106,1,2,12336,1258272,106.3
1,candidate,sparse,106,1,3,12336,1258272,106.4
1,candidate,sparse,106,1,4,12336,1258272,106.4
1,candidate,sparse,106,1,5,12336,1258272,106.7
1,candidate,sparse,106,1,6,12336,1258272,106.3
1,candidate,sparse,4134,0,0,499,1985022,2637.3
1,candidate,sparse,4134,0,1,499,1985022,2611.2
1,candidate,sparse,4134,0,2,499,1985022,2675.4
1,candidate,sparse,4134,0,3,499,1985022,2705.4
1,candidate,sparse,4134,0,4,499,1985022,2709.4
1,candidate,sparse,4134,0,5,499,1985022,2691.4
1,candidate,sparse,4134,0,6,499,1985022,2695.4
1,candidate,sparse,4134,1,0,499,1985022,2737.5
1,candidate,sparse,4134,1,1,499,1985022,2737.5
1,candidate,sparse,4134,1,2,499,1985022,2737.5
1,candidate,sparse,4134,1,3,499,1985022,2737.5
1,candidate,sparse,4134,1,4,499,1985022,2747.5
1,candidate,sparse,4134,1,5,499,1985022,2741.5
1,candidate,sparse,4134,1,6,499,1985022,2743.5
1,candidate,sparse,65561,0,0,64,4037568,41562.5
1,candidate,sparse,65561,0,1,64,4037568,41515.6
1,candidate,sparse,65561,0,2,64,4037568,42015.6
1,candidate,sparse,65561,0,3,64,4037568,42437.5
1,candidate,sparse,65561,0,4,64,4037568,41609.4
1,candidate,sparse,65561,0,5,64,4037568,41765.6
1,candidate,sparse,65561,0,6,64,4037568,41562.5
1,candidate,sparse,65561,1,0,64,4037568,42890.6
1,candidate,sparse,65561,1,1,64,4037568,42875.0
1,candidate,sparse,65561,1,2,64,4037568,42734.4
1,candidate,sparse,65561,1,3,64,4037568,42984.4
1,candidate,sparse,65561,1,4,64,4037568,42593.8
1,candidate,sparse,65561,1,5,64,4037568,42593.8
1,candidate,sparse,65561,1,6,64,4037568,43406.2
1,candidate,dense,12,0,0,27594,110376,33.7
1,candidate,dense,12,0,1,27594,110376,33.3
1,candidate,dense,12,0,2,27594,110376,33.0
1,candidate,dense,12,0,3,27594,110376,33.4
1,candidate,dense,12,0,4,27594,110376,33.7
1,candidate,dense,12,0,5,27594,110376,33.7
1,candidate,dense,12,0,6,27594,110376,33.6
1,candidate,dense,12,1,0,27594,110376,32.3
1,candidate,dense,12,1,1,27594,110376,32.3
1,candidate,dense,12,1,2,27594,110376,32.3
1,candidate,dense,12,1,3,27594,110376,32.3
1,candidate,dense,12,1,4,27594,110376,32.3
1,candidate,dense,12,1,5,27594,110376,32.3
1,candidate,dense,12,1,6,27594,110376,32.3
1,candidate,dense,72,0,0,15420,370080,56.0
1,candidate,dense,72,0,1,15420,370080,55.9
1,candidate,dense,72,0,2,15420,370080,56.0
1,candidate,dense,72,0,3,15420,370080,56.0
1,candidate,dense,72,0,4,15420,370080,56.0
1,candidate,dense,72,0,5,15420,370080,56.0
1,candidate,dense,72,0,6,15420,370080,56.0
1,candidate,dense,72,1,0,15420,370080,56.0
1,candidate,dense,72,1,1,15420,370080,56.0
1,candidate,dense,72,1,2,15420,370080,56.0
1,candidate,dense,72,1,3,15420,370080,56.0
1,candidate,dense,72,1,4,15420,370080,56.0
1,candidate,dense,72,1,5,15420,370080,56.0
1,candidate,dense,72,1,6,15420,370080,56.0
1,candidate,dense,4104,0,0,503,688104,1505.0
1,candidate,dense,4104,0,1,503,688104,1497.0
1,candidate,dense,4104,0,2,503,688104,1497.0
1,candidate,dense,4104,0,3,503,688104,1497.0
1,candidate,dense,4104,0,4,503,688104,1497.0
1,candidate,dense,4104,0,5,503,688104,1499.0
1,candidate,dense,4104,0,6,503,688104,1499.0
1,candidate,dense,4104,1,0,503,688104,1505.0
1,candidate,dense,4104,1,1,503,688104,1505.0
1,candidate,dense,4104,1,2,503,688104,1503.0
1,candidate,dense,4104,1,3,503,688104,1507.0
1,candidate,dense,4104,1,4,503,688104,1505.0
1,candidate,dense,4104,1,5,503,688104,1507.0
1,candidate,dense,4104,1,6,503,688104,1505.0
1,candidate,dense,65544,0,0,64,1398272,23218.8
1,candidate,dense,65544,0,1,64,1398272,23343.8
1,candidate,dense,65544,0,2,64,1398272,23546.9
1,candidate,dense,65544,0,3,64,1398272,23625.0
1,candidate,dense,65544,0,4,64,1398272,23671.9
1,candidate,dense,65544,0,5,64,1398272,24781.2
1,candidate,dense,65544,0,6,64,1398272,24031.2
1,candidate,dense,65544,1,0,64,1398272,23625.0
1,candidate,dense,65544,1,1,64,1398272,23906.2
1,candidate,dense,65544,1,2,64,1398272,23984.4
1,candidate,dense,65544,1,3,64,1398272,24328.1
1,candidate,dense,65544,1,4,64,1398272,23984.4
1,candidate,dense,65544,1,5,64,1398272,23718.8
1,candidate,dense,65544,1,6,64,1398272,23609.4
1,candidate,plus,8,0,0,29127,233016,33.4
1,candidate,plus,8,0,1,29127,233016,33.4
1,candidate,plus,8,0,2,29127,233016,33.4
1,candidate,plus,8,0,3,29127,233016,33.5
1,candidate,plus,8,0,4,29127,233016,33.5
1,candidate,plus,8,0,5,29127,233016,33.5
1,candidate,plus,8,0,6,29127,233016,33.4
1,candidate,plus,8,1,0,29127,233016,35.3
1,candidate,plus,8,1,1,29127,233016,35.2
1,candidate,plus,8,1,2,29127,233016,34.8
1,candidate,plus,8,1,3,29127,233016,35.5
1,candidate,plus,8,1,4,29127,233016,34.8
1,candidate,plus,8,1,5,29127,233016,34.9
1,candidate,plus,8,1,6,29127,233016,34.8
1,candidate,plus,64,0,0,16384,1048576,79.3
1,candidate,plus,64,0,1,16384,1048576,79.3
1,candidate,plus,64,0,2,16384,1048576,79.2
1,candidate,plus,64,0,3,16384,1048576,75.4
1,candidate,plus,64,0,4,16384,1048576,78.2
1,candidate,plus,64,0,5,16384,1048576,77.0
1,candidate,plus,64,0,6,16384,1048576,76.8
1,candidate,plus,64,1,0,16384,1048576,76.5
1,candidate,plus,64,1,1,16384,1048576,75.2
1,candidate,plus,64,1,2,16384,1048576,75.7
1,candidate,plus,64,1,3,16384,1048576,76.0
1,candidate,plus,64,1,4,16384,1048576,75.4
1,candidate,plus,64,1,5,16384,1048576,75.5
1,candidate,plus,64,1,6,16384,1048576,75.4
1,candidate,plus,4096,0,0,504,2064384,2674.6
1,candidate,plus,4096,0,1,504,2064384,2664.7
1,candidate,plus,4096,0,2,504,2064384,2664.7
1,candidate,plus,4096,0,3,504,2064384,2698.4
1,candidate,plus,4096,0,4,504,2064384,2664.7
1,candidate,plus,4096,0,5,504,2064384,2690.5
1,candidate,plus,4096,0,6,504,2064384,2670.6
1,candidate,plus,4096,1,0,504,2064384,3041.7
1,candidate,plus,4096,1,1,504,2064384,3055.6
1,candidate,plus,4096,1,2,504,2064384,3002.0
1,candidate,plus,4096,1,3,504,2064384,3015.9
1,candidate,plus,4096,1,4,504,2064384,2994.0
1,candidate,plus,4096,1,5,504,2064384,2994.0
1,candidate,plus,4096,1,6,504,2064384,2992.1
1,candidate,plus,65536,0,0,64,4194304,41140.6
1,candidate,plus,65536,0,1,64,4194304,41218.8
1,candidate,plus,65536,0,2,64,4194304,41140.6
1,candidate,plus,65536,0,3,64,4194304,43734.4
1,candidate,plus,65536,0,4,64,4194304,42578.1
1,candidate,plus,65536,0,5,64,4194304,42125.0
1,candidate,plus,65536,0,6,64,4194304,42265.6
1,candidate,plus,65536,1,0,64,4194304,49687.5
1,candidate,plus,65536,1,1,64,4194304,47609.4
1,candidate,plus,65536,1,2,64,4194304,47515.6
1,candidate,plus,65536,1,3,64,4194304,47328.1
1,candidate,plus,65536,1,4,64,4194304,47500.0
1,candidate,plus,65536,1,5,64,4194304,47187.5
1,candidate,plus,65536,1,6,64,4194304,46859.4
1,candidate,mixed,10,0,0,28339,170034,33.1
1,candidate,mixed,10,0,1,28339,170034,33.1
1,candidate,mixed,10,0,2,28339,170034,33.1
1,candidate,mixed,10,0,3,28339,170034,35.1
1,candidate,mixed,10,0,4,28339,170034,34.4
1,candidate,mixed,10,0,5,28339,170034,34.3
1,candidate,mixed,10,0,6,28339,170034,33.7
1,candidate,mixed,10,1,0,28339,170034,33.5
1,candidate,mixed,10,1,1,28339,170034,33.4
1,candidate,mixed,10,1,2,28339,170034,33.4
1,candidate,mixed,10,1,3,28339,170034,34.7
1,candidate,mixed,10,1,4,28339,170034,33.4
1,candidate,mixed,10,1,5,28339,170034,33.4
1,candidate,mixed,10,1,6,28339,170034,33.3
1,candidate,mixed,70,0,0,15650,657300,69.4
1,candidate,mixed,70,0,1,15650,657300,67.7
1,candidate,mixed,70,0,2,15650,657300,67.9
1,candidate,mixed,70,0,3,15650,657300,68.7
1,candidate,mixed,70,0,4,15650,657300,69.1
1,candidate,mixed,70,0,5,15650,657300,67.7
1,candidate,mixed,70,0,6,15650,657300,67.7
1,candidate,mixed,70,1,0,15650,657300,64.7
1,candidate,mixed,70,1,1,15650,657300,64.7
1,candidate,mixed,70,1,2,15650,657300,64.5
1,candidate,mixed,70,1,3,15650,657300,64.7
1,candidate,mixed,70,1,4,15650,657300,64.8
1,candidate,mixed,70,1,5,15650,657300,65.4
1,candidate,mixed,70,1,6,15650,657300,64.5
1,candidate,mixed,4100,0,0,503,1237380,2353.9
1,candidate,mixed,4100,0,1,503,1237380,2361.8
1,candidate,mixed,4100,0,2,503,1237380,2361.8
1,candidate,mixed,4100,0,3,503,1237380,2365.8
1,candidate,mixed,4100,0,4,503,1237380,2361.8
1,candidate,mixed,4100,0,5,503,1237380,2361.8
1,candidate,mixed,4100,0,6,503,1237380,2355.9
1,candidate,mixed,4100,1,0,503,1237380,2165.0
1,candidate,mixed,4100,1,1,503,1237380,2151.1
1,candidate,mixed,4100,1,2,503,1237380,2206.8
1,candidate,mixed,4100,1,3,503,1237380,2151.1
1,candidate,mixed,4100,1,4,503,1237380,2149.1
1,candidate,mixed,4100,1,5,503,1237380,2161.0
1,candidate,mixed,4100,1,6,503,1237380,2176.9
1,candidate,mixed,65540,0,0,64,2516736,36984.4
1,candidate,mixed,65540,0,1,64,2516736,36984.4
1,candidate,mixed,65540,0,2,64,2516736,37218.8
1,candidate,mixed,65540,0,3,64,2516736,38437.5
1,candidate,mixed,65540,0,4,64,2516736,37937.5
1,candidate,mixed,65540,0,5,64,2516736,37093.8
1,candidate,mixed,65540,0,6,64,2516736,37187.5
1,candidate,mixed,65540,1,0,64,2516736,34093.8
1,candidate,mixed,65540,1,1,64,2516736,33875.0
1,candidate,mixed,65540,1,2,64,2516736,33531.2
1,candidate,mixed,65540,1,3,64,2516736,32937.5
1,candidate,mixed,65540,1,4,64,2516736,33140.6
1,candidate,mixed,65540,1,5,64,2516736,32906.2
1,candidate,mixed,65540,1,6,64,2516736,32906.2
2,candidate,plain,0,0,0,32768,0,15.9
2,candidate,plain,0,0,1,32768,0,15.9
2,candidate,plain,0,0,2,32768,0,16.1
2,candidate,plain,0,0,3,32768,0,16.2
2,candidate,plain,0,0,4,32768,0,16.0
2,candidate,plain,0,0,5,32768,0,15.9
2,candidate,plain,0,0,6,32768,0,15.9
2,candidate,plain,0,1,0,32768,0,15.7
2,candidate,plain,0,1,1,32768,0,15.7
2,candidate,plain,0,1,2,32768,0,15.9
2,candidate,plain,0,1,3,32768,0,15.7
2,candidate,plain,0,1,4,32768,0,15.7
2,candidate,plain,0,1,5,32768,0,15.7
2,candidate,plain,0,1,6,32768,0,15.7
2,candidate,plain,30,0,0,22310,669300,51.1
2,candidate,plain,30,0,1,22310,669300,49.7
2,candidate,plain,30,0,2,22310,669300,49.6
2,candidate,plain,30,0,3,22310,669300,48.8
2,candidate,plain,30,0,4,22310,669300,47.6
2,candidate,plain,30,0,5,22310,669300,49.6
2,candidate,plain,30,0,6,22310,669300,50.9
2,candidate,plain,30,1,0,22310,669300,52.9
2,candidate,plain,30,1,1,22310,669300,52.4
2,candidate,plain,30,1,2,22310,669300,51.7
2,candidate,plain,30,1,3,22310,669300,52.4
2,candidate,plain,30,1,4,22310,669300,51.7
2,candidate,plain,30,1,5,22310,669300,51.7
2,candidate,plain,30,1,6,22310,669300,51.7
2,candidate,plain,90,0,0,13617,1225530,99.9
2,candidate,plain,90,0,1,13617,1225530,99.1
2,candidate,plain,90,0,2,13617,1225530,99.4
2,candidate,plain,90,0,3,13617,1225530,99.0
2,candidate,plain,90,0,4,13617,1225530,98.9
2,candidate,plain,90,0,5,13617,1225530,99.1
2,candidate,plain,90,0,6,13617,1225530,98.9
2,candidate,plain,90,1,0,13617,1225530,100.0
2,candidate,plain,90,1,1,13617,1225530,98.8
2,candidate,plain,90,1,2,13617,1225530,98.8
2,candidate,plain,90,1,3,13617,1225530,99.1
2,candidate,plain,90,1,4,13617,1225530,100.1
2,candidate,plain,90,1,5,13617,1225530,98.8
2,candidate,plain,90,1,6,13617,1225530,98.8
2,candidate,plain,4110,0,0,502,2063220,2677.3
2,candidate,plain,4110,0,1,502,2063220,2697.2
2,candidate,plain,4110,0,2,502,2063220,2681.3
2,candidate,plain,4110,0,3,502,2063220,2677.3
2,candidate,plain,4110,0,4,502,2063220,2677.3
2,candidate,plain,4110,0,5,502,2063220,2677.3
2,candidate,plain,4110,0,6,502,2063220,2677.3
2,candidate,plain,4110,1,0,502,2063220,2850.6
2,candidate,plain,4110,1,1,502,2063220,2846.6
2,candidate,plain,4110,1,2,502,2063220,2846.6
2,candidate,plain,4110,1,3,502,2063220,2886.5
2,candidate,plain,4110,1,4,502,2063220,2996.0
2,candidate,plain,4110,1,5,502,2063220,2912.4
2,candidate,plain,4110,1,6,502,2063220,2854.6
2,candidate,plain,65550,0,0,64,4195200,41328.1
2,candidate,plain,65550,0,1,64,4195200,42875.0
2,candidate,plain,65550,0,2,64,4195200,43781.2
2,candidate,plain,65550,0,3,64,4195200,41984.4
2,candidate,plain,65550,0,4,64,4195200,41187.5
2,candidate,plain,65550,0,5,64,4195200,41703.1
2,candidate,plain,65550,0,6,64,4195200,41296.9
2,candidate,plain,65550,1,0,64,4195200,44593.8
2,candidate,plain,65550,1,1,64,4195200,44562.5
2,candidate,plain,65550,1,2,64,4195200,45031.2
2,candidate,plain,65550,1,3,64,4195200,44546.9
2,candidate,plain,65550,1,4,64,4195200,44546.9
2,candidate,plain,65550,1,5,64,4195200,44546.9
2,candidate,plain,65550,1,6,64,4195200,45156.2
2,candidate,sparse,53,0,0,17924,914124,61.3
2,candidate,sparse,53,0,1,17924,914124,61.3
2,candidate,sparse,53,0,2,17924,914124,61.4
2,candidate,sparse,53,0,3,17924,914124,61.3
2,candidate,sparse,53,0,4,17924,914124,61.3
2,candidate,sparse,53,0,5,17924,914124,61.5
2,candidate,sparse,53,0,6,17924,914124,61.3
2,candidate,sparse,53,1,0,17924,914124,67.8
2,candidate,sparse,53,1,1,17924,914124,66.7
2,candidate,sparse,53,1,2,17924,914124,66.8
2,candidate,sparse,53,1,3,17924,914124,69.0
2,candidate,sparse,53,1,4,17924,914124,66.8
2,candidate,sparse,53,1,5,17924,914124,67.8
2,candidate,sparse,53,1,6,17924,914124,66.8
2,candidate,sparse,106,0,0,12336,1258272,106.4
2,candidate,sparse,106,0,1,12336,1258272,106.7
2,candidate,sparse,106,0,2,12336,1258272,103.8
2,candidate,sparse,106,0,3,12336,1258272,103.4
2,candidate,sparse,106,0,4,12336,1258272,102.3
2,candidate,sparse,106,0,5,12336,1258272,103.2
2,candidate,sparse,106,0,6,12336,1258272,102.3
2,candidate,sparse,106,1,0,12336,1258272,110.1
2,candidate,sparse,106,1,1,12336,1258272,106.9
2,candidate,sparse,106,1,2,12336,1258272,108.1
2,candidate,sparse,106,1,3,12336,1258272,104.8
2,candidate,sparse,106,1,4,12336,1258272,107.4
2,candidate,sparse,106,1,5,12336,1258272,104.1
2,candidate,sparse,106,1,6,12336,1258272,106.1
2,candidate,sparse,4134,0,0,499,1985022,2665.3
2,candidate,sparse,4134,0,1,499,1985022,2683.4
2,candidate,sparse,4134,0,2,499,1985022,2721.4
2,candidate,sparse,4134,0,3,499,1985022,2673.3
2,candidate,sparse,4134,0,4,499,1985022,2719.4
2,candidate,sparse,4134,0,5,499,1985022,2665.3
2,candidate,sparse,4134,0,6,499,1985022,2665.3
2,candidate,sparse,4134,1,0,499,1985022,2739.5
2,candidate,sparse,4134,1,1,499,1985022,2743.5
2,candidate,sparse,4134,1,2,499,1985022,2739.5
2,candidate,sparse,4134,1,3,499,1985022,2737.5
2,candidate,sparse,4134,1,4,499,1985022,2739.5
2,candidate,sparse,4134,1,5,499,1985022,2739.5
2,candidate,sparse,4134,1,6,499,1985022,2739.5
2,candidate,sparse,65561,0,0,64,4037568,41531.2
2,candidate,sparse,65561,0,1,64,4037568,41562.5
2,candidate,sparse,65561,0,2,64,4037568,41546.9
2,candidate,sparse,65561,0,3,64,4037568,41796.9
2,candidate,sparse,65561,0,4,64,4037568,41562.5
2,candidate,sparse,65561,0,5,64,4037568,41562.5
2,candidate,sparse,65561,0,6,64,4037568,41546.9
2,candidate,sparse,65561,1,0,64,4037568,43421.9
2,candidate,sparse,65561,1,1,64,4037568,44296.9
2,candidate,sparse,65561,1,2,64,4037568,43828.1
2,candidate,sparse,65561,1,3,64,4037568,43500.0
2,candidate,sparse,65561,1,4,64,4037568,43750.0
2,candidate,sparse,65561,1,5,64,4037568,42859.4
2,candidate,sparse,65561,1,6,64,4037568,42687.5
2,candidate,dense,12,0,0,27594,110376,33.7
2,candidate,dense,12,0,1,27594,110376,32.5
2,candidate,dense,12,0,2,27594,110376,33.2
2,candidate,dense,12,0,3,27594,110376,32.6
2,candidate,dense,12,0,4,27594,110376,32.7
2,candidate,dense,12,0,5,27594,110376,32.6
2,candidate,dense,12,0,6,27594,110376,32.5
2,candidate,dense,12,1,0,27594,110376,33.5
2,candidate,dense,12,1,1,27594,110376,32.4
2,candidate,dense,12,1,2,27594,110376,33.5
2,candidate,dense,12,1,3,27594,110376,32.8
2,candidate,dense,12,1,4,27594,110376,32.4
2,candidate,dense,12,1,5,27594,110376,32.4
2,candidate,dense,12,1,6,27594,110376,32.7
2,candidate,dense,72,0,0,15420,370080,56.1
2,candidate,dense,72,0,1,15420,370080,56.0
2,candidate,dense,72,0,2,15420,370080,56.0
2,candidate,dense,72,0,3,15420,370080,56.0
2,candidate,dense,72,0,4,15420,370080,56.2
2,candidate,dense,72,0,5,15420,370080,56.2
2,candidate,dense,72,0,6,15420,370080,56.0
2,candidate,dense,72,1,0,15420,370080,55.3
2,candidate,dense,72,1,1,15420,370080,55.2
2,candidate,dense,72,1,2,15420,370080,55.0
2,candidate,dense,72,1,3,15420,370080,54.9
2,candidate,dense,72,1,4,15420,370080,55.1
2,candidate,dense,72,1,5,15420,370080,54.9
2,candidate,dense,72,1,6,15420,370080,54.9
2,candidate,dense,4104,0,0,503,688104,1526.8
2,candidate,dense,4104,0,1,503,688104,1526.8
2,candidate,dense,4104,0,2,503,688104,1528.8
2,candidate,dense,4104,0,3,503,688104,1526.8
2,candidate,dense,4104,0,4,503,688104,1526.8
2,candidate,dense,4104,0,5,503,688104,1526.8
2,candidate,dense,4104,0,6,503,688104,1530.8
2,candidate,dense,4104,1,0,503,688104,1580.5
2,candidate,dense,4104,1,1,503,688104,1534.8
2,candidate,dense,4104,1,2,503,688104,1544.7
2,candidate,dense,4104,1,3,503,688104,1568.6
2,candidate,dense,4104,1,4,503,688104,1542.7
2,candidate,dense,4104,1,5,503,688104,1534.8
2,candidate,dense,4104,1,6,503,688104,1538.8
2,candidate,dense,65544,0,0,64,1398272,23187.5
2,candidate,dense,65544,0,1,64,1398272,23328.1
2,candidate,dense,65544,0,2,64,1398272,23203.1
2,candidate,dense,65544,0,3,64,1398272,23187.5
2,candidate,dense,65544,0,4,64,1398272,23203.1
2,candidate,dense,65544,0,5,64,1398272,23187.5
2,candidate,dense,65544,0,6,64,1398272,23203.1
2,candidate,dense,65544,1,0,64,1398272,23187.5
2,candidate,dense,65544,1,1,64,1398272,23187.5
2,candidate,dense,65544,1,2,64,1398272,23250.0
2,candidate,dense,65544,1,3,64,1398272,23187.5
2,candidate,dense,65544,1,4,64,1398272,23187.5
2,candidate,dense,65544,1,5,64,1398272,23578.1
2,candidate,dense,65544,1,6,64,1398272,23312.5
2,candidate,plus,8,0,0,29127,233016,34.2
2,candidate,plus,8,0,1,29127,233016,34.2
2,candidate,plus,8,0,2,29127,233016,34.7
2,candidate,plus,8,0,3,29127,233016,34.2
2,candidate,plus,8,0,4,29127,233016,34.2
2,candidate,plus,8,0,5,29127,233016,34.2
2,candidate,plus,8,0,6,29127,233016,34.2
2,candidate,plus,8,1,0,29127,233016,34.9
2,candidate,plus,8,1,1,29127,233016,35.1
2,candidate,plus,8,1,2,29127,233016,35.2
2,candidate,plus,8,1,3,29127,233016,35.0
2,candidate,plus,8,1,4,29127,233016,34.9
2,candidate,plus,8,1,5,29127,233016,34.9
2,candidate,plus,8,1,6,29127,233016,34.9
2,candidate,plus,64,0,0,16384,1048576,81.3
2,candidate,plus,64,0,1,16384,1048576,79.3
2,candidate,plus,64,0,2,16384,1048576,78.4
2,candidate,plus,64,0,3,16384,1048576,78.4
2,candidate,plus,64,0,4,16384,1048576,78.7
2,candidate,plus,64,0,5,16384,1048576,78.5
2,candidate,plus,64,0,6,16384,1048576,78.3
2,candidate,plus,64,1,0,16384,1048576,76.2
2,candidate,plus,64,1,1,16384,1048576,76.7
2,candidate,plus,64,1,2,16384,1048576,76.8
2,candidate,plus,64,1,3,16384,1048576,76.6
2,candidate,plus,64,1,4,16384,1048576,76.7
2,candidate,plus,64,1,5,16384,1048576,76.8
2,candidate,plus,64,1,6,16384,1048576,78.0
2,candidate,plus,4096,0,0,504,2064384,2710.3
2,candidate,plus,4096,0,1,504,2064384,2722.2
2,candidate,plus,4096,0,2,504,2064384,2682.5
2,candidate,plus,4096,0,3,504,2064384,2710.3
2,candidate,plus,4096,0,4,504,2064384,2619.0
2,candidate,plus,4096,0,5,504,2064384,2619.0
2,candidate,plus,4096,0,6,504,2064384,2654.8
2,candidate,plus,4096,1,0,504,2064384,3047.6
2,candidate,plus,4096,1,1,504,2064384,3065.5
2,candidate,plus,4096,1,2,504,2064384,3073.4
2,candidate,plus,4096,1,3,504,2064384,3031.7
2,candidate,plus,4096,1,4,504,2064384,3021.8
2,candidate,plus,4096,1,5,504,2064384,3011.9
2,candidate,plus,4096,1,6,504,2064384,3007.9
2,candidate,plus,65536,0,0,64,4194304,42046.9
2,candidate,plus,65536,0,1,64,4194304,42765.6
2,candidate,plus,65536,0,2,64,4194304,42546.9
2,candidate,plus,65536,0,3,64,4194304,42046.9
2,candidate,plus,65536,0,4,64,4194304,42093.8
2,candidate,plus,65536,0,5,64,4194304,42093.8
2,candidate,plus,65536,0,6,64,4194304,41921.9
2,candidate,plus,65536,1,0,64,4194304,47140.6
2,candidate,plus,65536,1,1,64,4194304,47468.8
2,candidate,plus,65536,1,2,64,4194304,47140.6
2,candidate,plus,65536,1,3,64,4194304,47203.1
2,candidate,plus,65536,1,4,64,4194304,47171.9
2,candidate,plus,65536,1,5,64,4194304,47140.6
2,candidate,plus,65536,1,6,64,4194304,47140.6
2,candidate,mixed,10,0,0,28339,170034,36.0
2,candidate,mixed,10,0,1,28339,170034,34.0
2,candidate,mixed,10,0,2,28339,170034,34.3
2,candidate,mixed,10,0,3,28339,170034,34.3
2,candidate,mixed,10,0,4,28339,170034,33.6
2,candidate,mixed,10,0,5,28339,170034,33.2
2,candidate,mixed,10,0,6,28339,170034,33.3
2,candidate,mixed,10,1,0,28339,170034,33.5
2,candidate,mixed,10,1,1,28339,170034,33.5
2,candidate,mixed,10,1,2,28339,170034,33.5
2,candidate,mixed,10,1,3,28339,170034,35.0
2,candidate,mixed,10,1,4,28339,170034,35.8
2,candidate,mixed,10,1,5,28339,170034,34.6
2,candidate,mixed,10,1,6,28339,170034,35.7
2,candidate,mixed,70,0,0,15650,657300,67.8
2,candidate,mixed,70,0,1,15650,657300,67.9
2,candidate,mixed,70,0,2,15650,657300,67.8
2,candidate,mixed,70,0,3,15650,657300,67.8
2,candidate,mixed,70,0,4,15650,657300,67.8
2,candidate,mixed,70,0,5,15650,657300,67.8
2,candidate,mixed,70,0,6,15650,657300,67.9
2,candidate,mixed,70,1,0,15650,657300,65.9
2,candidate,mixed,70,1,1,15650,657300,65.9
2,candidate,mixed,70,1,2,15650,657300,65.9
2,candidate,mixed,70,1,3,15650,657300,65.9
2,candidate,mixed,70,1,4,15650,657300,65.9
2,candidate,mixed,70,1,5,15650,657300,65.9
2,candidate,mixed,70,1,6,15650,657300,65.9
2,candidate,mixed,4100,0,0,503,1237380,2397.6
2,candidate,mixed,4100,0,1,503,1237380,2391.7
2,candidate,mixed,4100,0,2,503,1237380,2357.9
2,candidate,mixed,4100,0,3,503,1237380,2357.9
2,candidate,mixed,4100,0,4,503,1237380,2375.7
2,candidate,mixed,4100,0,5,503,1237380,2359.8
2,candidate,mixed,4100,0,6,503,1237380,2355.9
2,candidate,mixed,4100,1,0,503,1237380,2282.3
2,candidate,mixed,4100,1,1,503,1237380,2276.3
2,candidate,mixed,4100,1,2,503,1237380,2391.7
2,candidate,mixed,4100,1,3,503,1237380,2216.7
2,candidate,mixed,4100,1,4,503,1237380,2763.4
2,candidate,mixed,4100,1,5,503,1237380,2294.2
2,candidate,mixed,4100,1,6,503,1237380,2288.3
2,candidate,mixed,65540,0,0,64,2516736,37031.2
2,candidate,mixed,65540,0,1,64,2516736,36984.4
2,candidate,mixed,65540,0,2,64,2516736,37546.9
2,candidate,mixed,65540,0,3,64,2516736,37031.2
2,candidate,mixed,65540,0,4,64,2516736,37015.6
2,candidate,mixed,65540,0,5,64,2516736,37125.0
2,candidate,mixed,65540,0,6,64,2516736,37328.1
2,candidate,mixed,65540,1,0,64,2516736,33546.9
2,candidate,mixed,65540,1,1,64,2516736,33546.9
2,candidate,mixed,65540,1,2,64,2516736,33921.9
2,candidate,mixed,65540,1,3,64,2516736,33546.9
2,candidate,mixed,65540,1,4,64,2516736,33609.4
2,candidate,mixed,65540,1,5,64,2516736,33562.5
2,candidate,mixed,65540,1,6,64,2516736,33656.2
3,baseline,plain,0,0,0,32768,0,15.5
3,baseline,plain,0,0,1,32768,0,15.8
3,baseline,plain,0,0,2,32768,0,15.9
3,baseline,plain,0,0,3,32768,0,16.1
3,baseline,plain,0,0,4,32768,0,16.1
3,baseline,plain,0,0,5,32768,0,15.8
3,baseline,plain,0,0,6,32768,0,15.9
3,baseline,plain,0,1,0,32768,0,15.5
3,baseline,plain,0,1,1,32768,0,15.7
3,baseline,plain,0,1,2,32768,0,15.6
3,baseline,plain,0,1,3,32768,0,15.5
3,baseline,plain,0,1,4,32768,0,15.6
3,baseline,plain,0,1,5,32768,0,15.6
3,baseline,plain,0,1,6,32768,0,15.5
3,baseline,plain,30,0,0,22310,669300,50.2
3,baseline,plain,30,0,1,22310,669300,50.2
3,baseline,plain,30,0,2,22310,669300,50.4
3,baseline,plain,30,0,3,22310,669300,50.3
3,baseline,plain,30,0,4,22310,669300,50.2
3,baseline,plain,30,0,5,22310,669300,50.2
3,baseline,plain,30,0,6,22310,669300,50.6
3,baseline,plain,30,1,0,22310,669300,52.3
3,baseline,plain,30,1,1,22310,669300,52.3
3,baseline,plain,30,1,2,22310,669300,52.3
3,baseline,plain,30,1,3,22310,669300,52.3
3,baseline,plain,30,1,4,22310,669300,52.8
3,baseline,plain,30,1,5,22310,669300,52.4
3,baseline,plain,30,1,6,22310,669300,52.4
3,baseline,plain,90,0,0,13617,1225530,99.0
3,baseline,plain,90,0,1,13617,1225530,99.1
3,baseline,plain,90,0,2,13617,1225530,100.7
3,baseline,plain,90,0,3,13617,1225530,99.1
3,baseline,plain,90,0,4,13617,1225530,99.1
3,baseline,plain,90,0,5,13617,1225530,99.0
3,baseline,plain,90,0,6,13617,1225530,99.0
3,baseline,plain,90,1,0,13617,1225530,101.9
3,baseline,plain,90,1,1,13617,1225530,100.7
3,baseline,plain,90,1,2,13617,1225530,100.4
3,baseline,plain,90,1,3,13617,1225530,100.4
3,baseline,plain,90,1,4,13617,1225530,99.2
3,baseline,plain,90,1,5,13617,1225530,98.6
3,baseline,plain,90,1,6,13617,1225530,100.4
3,baseline,plain,4110,0,0,502,2063220,2687.3
3,baseline,plain,4110,0,1,502,2063220,2689.2
3,baseline,plain,4110,0,2,502,2063220,2687.3
3,baseline,plain,4110,0,3,502,2063220,2687.3
3,baseline,plain,4110,0,4,502,2063220,2689.2
3,baseline,plain,4110,0,5,502,2063220,2691.2
3,baseline,plain,4110,0,6,502,2063220,2691.2
3,baseline,plain,4110,1,0,502,2063220,2798.8
3,baseline,plain,4110,1,1,502,2063220,2798.8
3,baseline,plain,4110,1,2,502,2063220,2808.8
3,baseline,plain,4110,1,3,502,2063220,2804.8
3,baseline,plain,4110,1,4,502,2063220,2798.8
3,baseline,plain,4110,1,5,502,2063220,2798.8
3,baseline,plain,4110,1,6,502,2063220,2800.8
3,baseline,plain,65550,0,0,64,4195200,43312.5
3,baseline,plain,65550,0,1,64,4195200,42031.2
3,baseline,plain,65550,0,2,64,4195200,42046.9
3,baseline,plain,65550,0,3,64,4195200,41171.9
3,baseline,plain,65550,0,4,64,4195200,41171.9
3,baseline,plain,65550,0,5,64,4195200,41296.9
3,baseline,plain,65550,0,6,64,4195200,41156.2
3,baseline,plain,65550,1,0,64,4195200,45250.0
3,baseline,plain,65550,1,1,64,4195200,44062.5
3,baseline,plain,65550,1,2,64,4195200,44046.9
3,baseline,plain,65550,1,3,64,4195200,44000.0
3,baseline,plain,65550,1,4,64,4195200,44828.1
3,baseline,plain,65550,1,5,64,4195200,44343.8
3,baseline,plain,65550,1,6,64,4195200,43968.8
3,baseline,sparse,53,0,0,17924,914124,65.0
3,baseline,sparse,53,0,1,17924,914124,64.7
3,baseline,sparse,53,0,2,17924,914124,64.7
3,baseline,sparse,53,0,3,17924,914124,64.9
3,baseline,sparse,53,0,4,17924,914124,64.9
3,baseline,sparse,53,0,5,17924,914124,64.7
3,baseline,sparse,53,0,6,17924,914124,64.8
3,baseline,sparse,53,1,0,17924,914124,66.1
3,baseline,sparse,53,1,1,17924,914124,66.0
3,baseline,sparse,53,1,2,17924,914124,73.9
3,baseline,sparse,53,1,3,17924,914124,75.1
3,baseline,sparse,53,1,4,17924,914124,74.9
3,baseline,sparse,53,1,5,17924,914124,69.5
3,baseline,sparse,53,1,6,17924,914124,75.0
3,baseline,sparse,106,0,0,12336,1258272,103.8
3,baseline,sparse,106,0,1,12336,1258272,103.4
3,baseline,sparse,106,0,2,12336,1258272,104.4
3,baseline,sparse,106,0,3,12336,1258272,104.3
3,baseline,sparse,106,0,4,12336,1258272,104.2
3,baseline,sparse,106,0,5,12336,1258272,103.6
3,baseline,sparse,106,0,6,12336,1258272,102.7
3,baseline,sparse,106,1,0,12336,1258272,107.5
3,baseline,sparse,106,1,1,12336,1258272,108.9
3,baseline,sparse,106,1,2,12336,1258272,107.2
3,baseline,sparse,106,1,3,12336,1258272,109.6
3,baseline,sparse,106,1,4,12336,1258272,107.9
3,baseline,sparse,106,1,5,12336,1258272,105.1
3,baseline,sparse,106,1,6,12336,1258272,106.7
3,baseline,sparse,4134,0,0,499,1985022,2769.5
3,baseline,sparse,4134,0,1,499,1985022,2717.4
3,baseline,sparse,4134,0,2,499,1985022,2737.5
3,baseline,sparse,4134,0,3,499,1985022,2677.4
3,baseline,sparse,4134,0,4,499,1985022,2691.4
3,baseline,sparse,4134,0,5,499,1985022,2741.5
3,baseline,sparse,4134,0,6,499,1985022,2723.4
3,baseline,sparse,4134,1,0,499,1985022,2787.6
3,baseline,sparse,4134,1,1,499,1985022,2789.6
3,baseline,sparse,4134,1,2,499,1985022,2789.6
3,baseline,sparse,4134,1,3,499,1985022,2795.6
3,baseline,sparse,4134,1,4,499,1985022,2787.6
3,baseline,sparse,4134,1,5,499,1985022,2789.6
3,baseline,sparse,4134,1,6,499,1985022,2793.6
3,baseline,sparse,65561,0,0,64,4037568,42312.5
3,baseline,sparse,65561,0,1,64,4037568,42312.5
3,baseline,sparse,65561,0,2,64,4037568,42421.9
3,baseline,sparse,65561,0,3,64,4037568,42437.5
3,baseline,sparse,65561,0,4,64,4037568,42328.1
3,baseline,sparse,65561,0,5,64,4037568,42312.5
3,baseline,sparse,65561,0,6,64,4037568,42343.8
3,baseline,sparse,65561,1,0,64,4037568,43468.8
3,baseline,sparse,65561,1,1,64,4037568,43484.4
3,baseline,sparse,65561,1,2,64,4037568,43578.1
3,baseline,sparse,65561,1,3,64,4037568,44359.4
3,baseline,sparse,65561,1,4,64,4037568,44125.0
3,baseline,sparse,65561,1,5,64,4037568,43578.1
3,baseline,sparse,65561,1,6,64,4037568,44031.2
3,baseline,dense,12,0,0,27594,110376,36.4
3,baseline,dense,12,0,1,27594,110376,37.0
3,baseline,dense,12,0,2,27594,110376,36.1
3,baseline,dense,12,0,3,27594,110376,36.1
3,baseline,dense,12,0,4,27594,110376,36.1
3,baseline,dense,12,0,5,27594,110376,36.1
3,baseline,dense,12,0,6,27594,110376,36.2
3,baseline,dense,12,1,0,27594,110376,35.3
3,baseline,dense,12,1,1,27594,110376,35.3
3,baseline,dense,12,1,2,27594,110376,35.3
3,baseline,dense,12,1,3,27594,110376,35.3
3,baseline,dense,12,1,4,27594,110376,35.4
3,baseline,dense,12,1,5,27594,110376,35.3
3,baseline,dense,12,1,6,27594,110376,35.3
3,baseline,dense,72,0,0,15420,370080,75.2
3,baseline,dense,72,0,1,15420,370080,74.3
3,baseline,dense,72,0,2,15420,370080,74.1
3,baseline,dense,72,0,3,15420,370080,73.9
3,baseline,dense,72,0,4,15420,370080,74.0
3,baseline,dense,72,0,5,15420,370080,73.9
3,baseline,dense,72,0,6,15420,370080,73.9
3,baseline,dense,72,1,0,15420,370080,84.9
3,baseline,dense,72,1,1,15420,370080,84.8
3,baseline,dense,72,1,2,15420,370080,83.7
3,baseline,dense,72,1,3,15420,370080,82.9
3,baseline,dense,72,1,4,15420,370080,85.2
3,baseline,dense,72,1,5,15420,370080,82.9
3,baseline,dense,72,1,6,15420,370080,83.3
3,baseline,dense,4104,0,0,503,688104,2608.3
3,baseline,dense,4104,0,1,503,688104,2644.1
3,baseline,dense,4104,0,2,503,688104,2620.3
3,baseline,dense,4104,0,3,503,688104,2697.8
3,baseline,dense,4104,0,4,503,688104,2660.0
3,baseline,dense,4104,0,5,503,688104,2705.8
3,baseline,dense,4104,0,6,503,688104,2648.1
3,baseline,dense,4104,1,0,503,688104,2884.7
3,baseline,dense,4104,1,1,503,688104,2882.7
3,baseline,dense,4104,1,2,503,688104,2908.5
3,baseline,dense,4104,1,3,503,688104,2882.7
3,baseline,dense,4104,1,4,503,688104,2880.7
3,baseline,dense,4104,1,5,503,688104,2882.7
3,baseline,dense,4104,1,6,503,688104,2882.7
3,baseline,dense,65544,0,0,64,1398272,39640.6
3,baseline,dense,65544,0,1,64,1398272,39406.2
3,baseline,dense,65544,0,2,64,1398272,39406.2
3,baseline,dense,65544,0,3,64,1398272,40296.9
3,baseline,dense,65544,0,4,64,1398272,40296.9
3,baseline,dense,65544,0,5,64,1398272,39406.2
3,baseline,dense,65544,0,6,64,1398272,39390.6
3,baseline,dense,65544,1,0,64,1398272,45359.4
3,baseline,dense,65544,1,1,64,1398272,45406.2
3,baseline,dense,65544,1,2,64,1398272,45390.6
3,baseline,dense,65544,1,3,64,1398272,45390.6
3,baseline,dense,65544,1,4,64,1398272,45453.1
3,baseline,dense,65544,1,5,64,1398272,46484.4
3,baseline,dense,65544,1,6,64,1398272,45703.1
3,baseline,plus,8,0,0,29127,233016,34.2
3,baseline,plus,8,0,1,29127,233016,34.1
3,baseline,plus,8,0,2,29127,233016,34.1
3,baseline,plus,8,0,3,29127,233016,34.0
3,baseline,plus,8,0,4,29127,233016,34.1
3,baseline,plus,8,0,5,29127,233016,34.1
3,baseline,plus,8,0,6,29127,233016,34.1
3,baseline,plus,8,1,0,29127,233016,34.8
3,baseline,plus,8,1,1,29127,233016,34.9
3,baseline,plus,8,1,2,29127,233016,36.3
3,baseline,plus,8,1,3,29127,233016,34.9
3,baseline,plus,8,1,4,29127,233016,35.0
3,baseline,plus,8,1,5,29127,233016,34.8
3,baseline,plus,8,1,6,29127,233016,34.1
3,baseline,plus,64,0,0,16384,1048576,77.6
3,baseline,plus,64,0,1,16384,1048576,78.1
3,baseline,plus,64,0,2,16384,1048576,78.7
3,baseline,plus,64,0,3,16384,1048576,77.5
3,baseline,plus,64,0,4,16384,1048576,77.6
3,baseline,plus,64,0,5,16384,1048576,77.6
3,baseline,plus,64,0,6,16384,1048576,77.5
3,baseline,plus,64,1,0,16384,1048576,75.9
3,baseline,plus,64,1,1,16384,1048576,74.7
3,baseline,plus,64,1,2,16384,1048576,74.5
3,baseline,plus,64,1,3,16384,1048576,73.9
3,baseline,plus,64,1,4,16384,1048576,74.4
3,baseline,plus,64,1,5,16384,1048576,75.3
3,baseline,plus,64,1,6,16384,1048576,75.3
3,baseline,plus,4096,0,0,504,2064384,2674.6
3,baseline,plus,4096,0,1,504,2064384,2670.6
3,baseline,plus,4096,0,2,504,2064384,2672.6
3,baseline,plus,4096,0,3,504,2064384,2670.6
3,baseline,plus,4096,0,4,504,2064384,2668.7
3,baseline,plus,4096,0,5,504,2064384,2670.6
3,baseline,plus,4096,0,6,504,2064384,2670.6
3,baseline,plus,4096,1,0,504,2064384,2942.5
3,baseline,plus,4096,1,1,504,2064384,2944.4
3,baseline,plus,4096,1,2,504,2064384,2938.5
3,baseline,plus,4096,1,3,504,2064384,2944.4
3,baseline,plus,4096,1,4,504,2064384,2940.5
3,baseline,plus,4096,1,5,504,2064384,3053.6
3,baseline,plus,4096,1,6,504,2064384,2952.4
3,baseline,plus,65536,0,0,64,4194304,41937.5
3,baseline,plus,65536,0,1,64,4194304,41937.5
3,baseline,plus,65536,0,2,64,4194304,41921.9
3,baseline,plus,65536,0,3,64,4194304,41984.4
3,baseline,plus,65536,0,4,64,4194304,41937.5
3,baseline,plus,65536,0,5,64,4194304,42328.1
3,baseline,plus,65536,0,6,64,4194304,41921.9
3,baseline,plus,65536,1,0,64,4194304,46265.6
3,baseline,plus,65536,1,1,64,4194304,46312.5
3,baseline,plus,65536,1,2,64,4194304,46265.6
3,baseline,plus,65536,1,3,64,4194304,46265.6
3,baseline,plus,65536,1,4,64,4194304,46640.6
3,baseline,plus,65536,1,5,64,4194304,46265.6
3,baseline,plus,65536,1,6,64,4194304,46265.6
3,baseline,mixed,10,0,0,28339,170034,35.3
3,baseline,mixed,10,0,1,28339,170034,35.4
3,baseline,mixed,10,0,2,28339,170034,35.4
3,baseline,mixed,10,0,3,28339,170034,35.4
3,baseline,mixed,10,0,4,28339,170034,35.3
3,baseline,mixed,10,0,5,28339,170034,35.4
3,baseline,mixed,10,0,6,28339,170034,35.3
3,baseline,mixed,10,1,0,28339,170034,34.8
3,baseline,mixed,10,1,1,28339,170034,34.4
3,baseline,mixed,10,1,2,28339,170034,34.2
3,baseline,mixed,10,1,3,28339,170034,34.2
3,baseline,mixed,10,1,4,28339,170034,34.1
3,baseline,mixed,10,1,5,28339,170034,34.2
3,baseline,mixed,10,1,6,28339,170034,34.1
3,baseline,mixed,70,0,0,15650,657300,80.9
3,baseline,mixed,70,0,1,15650,657300,81.0
3,baseline,mixed,70,0,2,15650,657300,80.9
3,baseline,mixed,70,0,3,15650,657300,81.1
3,baseline,mixed,70,0,4,15650,657300,84.0
3,baseline,mixed,70,0,5,15650,657300,83.2
3,baseline,mixed,70,0,6,15650,657300,82.1
3,baseline,mixed,70,1,0,15650,657300,86.5
3,baseline,mixed,70,1,1,15650,657300,83.7
3,baseline,mixed,70,1,2,15650,657300,84.1
3,baseline,mixed,70,1,3,15650,657300,82.2
3,baseline,mixed,70,1,4,15650,657300,81.9
3,baseline,mixed,70,1,5,15650,657300,82.0
3,baseline,mixed,70,1,6,15650,657300,81.9
3,baseline,mixed,4100,0,0,503,1237380,3238.6
3,baseline,mixed,4100,0,1,503,1237380,3274.4
3,baseline,mixed,4100,0,2,503,1237380,3192.8
3,baseline,mixed,4100,0,3,503,1237380,3216.7
3,baseline,mixed,4100,0,4,503,1237380,3135.2
3,baseline,mixed,4100,0,5,503,1237380,3131.2
3,baseline,mixed,4100,0,6,503,1237380,3147.1
3,baseline,mixed,4100,1,0,503,1237380,2898.6
3,baseline,mixed,4100,1,1,503,1237380,2870.8
3,baseline,mixed,4100,1,2,503,1237380,2866.8
3,baseline,mixed,4100,1,3,503,1237380,2880.7
3,baseline,mixed,4100,1,4,503,1237380,2874.8
3,baseline,mixed,4100,1,5,503,1237380,2872.8
3,baseline,mixed,4100,1,6,503,1237380,2868.8
3,baseline,mixed,65540,0,0,64,2516736,49328.1
3,baseline,mixed,65540,0,1,64,2516736,49281.2
3,baseline,mixed,65540,0,2,64,2516736,49281.2
3,baseline,mixed,65540,0,3,64,2516736,49718.8
3,baseline,mixed,65540,0,4,64,2516736,49281.2
3,baseline,mixed,65540,0,5,64,2516736,49281.2
3,baseline,mixed,65540,0,6,64,2516736,49375.0
3,baseline,mixed,65540,1,0,64,2516736,45203.1
3,baseline,mixed,65540,1,1,64,2516736,45203.1
3,baseline,mixed,65540,1,2,64,2516736,45218.8
3,baseline,mixed,65540,1,3,64,2516736,47171.9
3,baseline,mixed,65540,1,4,64,2516736,52640.6
3,baseline,mixed,65540,1,5,64,2516736,46234.4
3,baseline,mixed,65540,1,6,64,2516736,45359.4
