arm,run,input,input_bytes,form,trial,calls,output_bytes,ns_per_call
baseline,0,plain,0,0,0,32768,0,15.6
baseline,0,plain,0,0,1,32768,0,15.6
baseline,0,plain,0,0,2,32768,0,15.6
baseline,0,plain,0,0,3,32768,0,15.6
baseline,0,plain,0,0,4,32768,0,15.6
baseline,0,plain,0,0,5,32768,0,15.6
baseline,0,plain,0,0,6,32768,0,15.6
baseline,0,plain,0,1,0,32768,0,15.6
baseline,0,plain,0,1,1,32768,0,15.6
baseline,0,plain,0,1,2,32768,0,15.9
baseline,0,plain,0,1,3,32768,0,15.8
baseline,0,plain,0,1,4,32768,0,15.6
baseline,0,plain,0,1,5,32768,0,15.7
baseline,0,plain,0,1,6,32768,0,15.7
baseline,0,plain,30,0,0,22310,669300,49.6
baseline,0,plain,30,0,1,22310,669300,47.6
baseline,0,plain,30,0,2,22310,669300,47.6
baseline,0,plain,30,0,3,22310,669300,48.3
baseline,0,plain,30,0,4,22310,669300,47.5
baseline,0,plain,30,0,5,22310,669300,47.6
baseline,0,plain,30,0,6,22310,669300,47.5
baseline,0,plain,30,1,0,22310,669300,51.2
baseline,0,plain,30,1,1,22310,669300,50.6
baseline,0,plain,30,1,2,22310,669300,50.7
baseline,0,plain,30,1,3,22310,669300,50.6
baseline,0,plain,30,1,4,22310,669300,50.6
baseline,0,plain,30,1,5,22310,669300,50.9
baseline,0,plain,30,1,6,22310,669300,50.6
baseline,0,plain,90,0,0,13617,1225530,96.2
baseline,0,plain,90,0,1,13617,1225530,96.1
baseline,0,plain,90,0,2,13617,1225530,96.6
baseline,0,plain,90,0,3,13617,1225530,96.3
baseline,0,plain,90,0,4,13617,1225530,96.1
baseline,0,plain,90,0,5,13617,1225530,96.1
baseline,0,plain,90,0,6,13617,1225530,96.1
baseline,0,plain,90,1,0,13617,1225530,99.4
baseline,0,plain,90,1,1,13617,1225530,99.3
baseline,0,plain,90,1,2,13617,1225530,99.4
baseline,0,plain,90,1,3,13617,1225530,99.7
baseline,0,plain,90,1,4,13617,1225530,99.6
baseline,0,plain,90,1,5,13617,1225530,99.1
baseline,0,plain,90,1,6,13617,1225530,98.4
baseline,0,plain,4110,0,0,502,2063220,2653.4
baseline,0,plain,4110,0,1,502,2063220,2683.3
baseline,0,plain,4110,0,2,502,2063220,2683.3
baseline,0,plain,4110,0,3,502,2063220,2683.3
baseline,0,plain,4110,0,4,502,2063220,2709.2
baseline,0,plain,4110,0,5,502,2063220,2683.3
baseline,0,plain,4110,0,6,502,2063220,2683.3
baseline,0,plain,4110,1,0,502,2063220,2846.6
baseline,0,plain,4110,1,1,502,2063220,2870.5
baseline,0,plain,4110,1,2,502,2063220,2866.5
baseline,0,plain,4110,1,3,502,2063220,2862.5
baseline,0,plain,4110,1,4,502,2063220,2856.6
baseline,0,plain,4110,1,5,502,2063220,2850.6
baseline,0,plain,4110,1,6,502,2063220,2842.6
baseline,0,plain,65550,0,0,64,4195200,41968.8
baseline,0,plain,65550,0,1,64,4195200,41921.9
baseline,0,plain,65550,0,2,64,4195200,41937.5
baseline,0,plain,65550,0,3,64,4195200,41906.2
baseline,0,plain,65550,0,4,64,4195200,41906.2
baseline,0,plain,65550,0,5,64,4195200,41953.1
baseline,0,plain,65550,0,6,64,4195200,41937.5
baseline,0,plain,65550,1,0,64,4195200,44546.9
baseline,0,plain,65550,1,1,64,4195200,44593.8
baseline,0,plain,65550,1,2,64,4195200,44515.6
baseline,0,plain,65550,1,3,64,4195200,44546.9
baseline,0,plain,65550,1,4,64,4195200,44578.1
baseline,0,plain,65550,1,5,64,4195200,44703.1
baseline,0,plain,65550,1,6,64,4195200,44578.1
baseline,0,sparse,53,0,0,17924,914124,64.2
baseline,0,sparse,53,0,1,17924,914124,64.9
baseline,0,sparse,53,0,2,17924,914124,64.6
baseline,0,sparse,53,0,3,17924,914124,63.6
baseline,0,sparse,53,0,4,17924,914124,61.3
baseline,0,sparse,53,0,5,17924,914124,61.3
baseline,0,sparse,53,0,6,17924,914124,61.2
baseline,0,sparse,53,1,0,17924,914124,65.8
baseline,0,sparse,53,1,1,17924,914124,65.7
baseline,0,sparse,53,1,2,17924,914124,66.5
baseline,0,sparse,53,1,3,17924,914124,65.7
baseline,0,sparse,53,1,4,17924,914124,65.9
baseline,0,sparse,53,1,5,17924,914124,65.7
baseline,0,sparse,53,1,6,17924,914124,65.6
baseline,0,sparse,106,0,0,12336,1258272,105.5
baseline,0,sparse,106,0,1,12336,1258272,105.4
baseline,0,sparse,106,0,2,12336,1258272,105.4
baseline,0,sparse,106,0,3,12336,1258272,105.5
baseline,0,sparse,106,0,4,12336,1258272,105.3
baseline,0,sparse,106,0,5,12336,1258272,105.4
baseline,0,sparse,106,0,6,12336,1258272,105.4
baseline,0,sparse,106,1,0,12336,1258272,109.0
baseline,0,sparse,106,1,1,12336,1258272,109.2
baseline,0,sparse,106,1,2,12336,1258272,107.7
baseline,0,sparse,106,1,3,12336,1258272,106.0
baseline,0,sparse,106,1,4,12336,1258272,105.8
baseline,0,sparse,106,1,5,12336,1258272,106.1
baseline,0,sparse,106,1,6,12336,1258272,105.9
baseline,0,sparse,4134,0,0,499,1985022,2663.3
baseline,0,sparse,4134,0,1,499,1985022,2663.3
baseline,0,sparse,4134,0,2,499,1985022,2669.3
baseline,0,sparse,4134,0,3,499,1985022,2663.3
baseline,0,sparse,4134,0,4,499,1985022,2663.3
baseline,0,sparse,4134,0,5,499,1985022,2663.3
baseline,0,sparse,4134,0,6,499,1985022,2663.3
baseline,0,sparse,4134,1,0,499,1985022,2783.6
baseline,0,sparse,4134,1,1,499,1985022,2787.6
baseline,0,sparse,4134,1,2,499,1985022,2789.6
baseline,0,sparse,4134,1,3,499,1985022,2783.6
baseline,0,sparse,4134,1,4,499,1985022,2785.6
baseline,0,sparse,4134,1,5,499,1985022,2783.6
baseline,0,sparse,4134,1,6,499,1985022,2785.6
baseline,0,sparse,65561,0,0,64,4037568,41515.6
baseline,0,sparse,65561,0,1,64,4037568,41562.5
baseline,0,sparse,65561,0,2,64,4037568,41593.8
baseline,0,sparse,65561,0,3,64,4037568,41515.6
baseline,0,sparse,65561,0,4,64,4037568,41671.9
baseline,0,sparse,65561,0,5,64,4037568,41546.9
baseline,0,sparse,65561,0,6,64,4037568,41531.2
baseline,0,sparse,65561,1,0,64,4037568,43468.8
baseline,0,sparse,65561,1,1,64,4037568,43500.0
baseline,0,sparse,65561,1,2,64,4037568,43437.5
baseline,0,sparse,65561,1,3,64,4037568,43421.9
baseline,0,sparse,65561,1,4,64,4037568,43390.6
baseline,0,sparse,65561,1,5,64,4037568,43421.9
baseline,0,sparse,65561,1,6,64,4037568,43421.9
baseline,0,dense,12,0,0,27594,110376,33.3
baseline,0,dense,12,0,1,27594,110376,33.1
baseline,0,dense,12,0,2,27594,110376,33.0
baseline,0,dense,12,0,3,27594,110376,33.1
baseline,0,dense,12,0,4,27594,110376,33.0
baseline,0,dense,12,0,5,27594,110376,33.1
baseline,0,dense,12,0,6,27594,110376,33.0
baseline,0,dense,12,1,0,27594,110376,33.2
baseline,0,dense,12,1,1,27594,110376,33.2
baseline,0,dense,12,1,2,27594,110376,33.2
baseline,0,dense,12,1,3,27594,110376,33.2
baseline,0,dense,12,1,4,27594,110376,33.2
baseline,0,dense,12,1,5,27594,110376,33.2
baseline,0,dense,12,1,6,27594,110376,33.2
baseline,0,dense,72,0,0,15420,370080,56.0
baseline,0,dense,72,0,1,15420,370080,56.0
baseline,0,dense,72,0,2,15420,370080,56.1
baseline,0,dense,72,0,3,15420,370080,56.0
baseline,0,dense,72,0,4,15420,370080,56.2
baseline,0,dense,72,0,5,15420,370080,56.0
baseline,0,dense,72,0,6,15420,370080,56.0
baseline,0,dense,72,1,0,15420,370080,59.0
baseline,0,dense,72,1,1,15420,370080,58.7
baseline,0,dense,72,1,2,15420,370080,58.7
baseline,0,dense,72,1,3,15420,370080,58.7
baseline,0,dense,72,1,4,15420,370080,58.8
baseline,0,dense,72,1,5,15420,370080,58.7
baseline,0,dense,72,1,6,15420,370080,58.7
baseline,0,dense,4104,0,0,503,688104,1526.8
baseline,0,dense,4104,0,1,503,688104,1524.9
baseline,0,dense,4104,0,2,503,688104,1526.8
baseline,0,dense,4104,0,3,503,688104,1524.9
baseline,0,dense,4104,0,4,503,688104,1532.8
baseline,0,dense,4104,0,5,503,688104,1526.8
baseline,0,dense,4104,0,6,503,688104,1524.9
baseline,0,dense,4104,1,0,503,688104,1793.2
baseline,0,dense,4104,1,1,503,688104,1793.2
baseline,0,dense,4104,1,2,503,688104,1799.2
baseline,0,dense,4104,1,3,503,688104,1803.2
baseline,0,dense,4104,1,4,503,688104,1795.2
baseline,0,dense,4104,1,5,503,688104,1793.2
baseline,0,dense,4104,1,6,503,688104,1793.2
baseline,0,dense,65544,0,0,64,1398272,23656.2
baseline,0,dense,65544,0,1,64,1398272,23625.0
baseline,0,dense,65544,0,2,64,1398272,23640.6
baseline,0,dense,65544,0,3,64,1398272,23625.0
baseline,0,dense,65544,0,4,64,1398272,23625.0
baseline,0,dense,65544,0,5,64,1398272,23609.4
baseline,0,dense,65544,0,6,64,1398272,23609.4
baseline,0,dense,65544,1,0,64,1398272,27984.4
baseline,0,dense,65544,1,1,64,1398272,28000.0
baseline,0,dense,65544,1,2,64,1398272,28031.2
baseline,0,dense,65544,1,3,64,1398272,28125.0
baseline,0,dense,65544,1,4,64,1398272,27984.4
baseline,0,dense,65544,1,5,64,1398272,27953.1
baseline,0,dense,65544,1,6,64,1398272,29437.5
baseline,0,plus,8,0,0,29127,233016,33.5
baseline,0,plus,8,0,1,29127,233016,33.5
baseline,0,plus,8,0,2,29127,233016,33.5
baseline,0,plus,8,0,3,29127,233016,33.5
baseline,0,plus,8,0,4,29127,233016,33.5
baseline,0,plus,8,0,5,29127,233016,33.5
baseline,0,plus,8,0,6,29127,233016,33.5
baseline,0,plus,8,1,0,29127,233016,34.9
baseline,0,plus,8,1,1,29127,233016,34.9
baseline,0,plus,8,1,2,29127,233016,34.9
baseline,0,plus,8,1,3,29127,233016,34.9
baseline,0,plus,8,1,4,29127,233016,34.9
baseline,0,plus,8,1,5,29127,233016,34.9
baseline,0,plus,8,1,6,29127,233016,34.9
baseline,0,plus,64,0,0,16384,1048576,79.6
baseline,0,plus,64,0,1,16384,1048576,79.5
baseline,0,plus,64,0,2,16384,1048576,79.7
baseline,0,plus,64,0,3,16384,1048576,79.5
baseline,0,plus,64,0,4,16384,1048576,79.5
baseline,0,plus,64,0,5,16384,1048576,79.5
baseline,0,plus,64,0,6,16384,1048576,79.5
baseline,0,plus,64,1,0,16384,1048576,76.7
baseline,0,plus,64,1,1,16384,1048576,76.7
baseline,0,plus,64,1,2,16384,1048576,76.7
baseline,0,plus,64,1,3,16384,1048576,76.7
baseline,0,plus,64,1,4,16384,1048576,76.7
baseline,0,plus,64,1,5,16384,1048576,76.4
baseline,0,plus,64,1,6,16384,1048576,76.7
baseline,0,plus,4096,0,0,504,2064384,2722.2
baseline,0,plus,4096,0,1,504,2064384,2756.0
baseline,0,plus,4096,0,2,504,2064384,2724.2
baseline,0,plus,4096,0,3,504,2064384,2668.7
baseline,0,plus,4096,0,4,504,2064384,2670.6
baseline,0,plus,4096,0,5,504,2064384,2666.7
baseline,0,plus,4096,0,6,504,2064384,2666.7
baseline,0,plus,4096,1,0,504,2064384,2940.5
baseline,0,plus,4096,1,1,504,2064384,2936.5
baseline,0,plus,4096,1,2,504,2064384,2936.5
baseline,0,plus,4096,1,3,504,2064384,2938.5
baseline,0,plus,4096,1,4,504,2064384,2936.5
baseline,0,plus,4096,1,5,504,2064384,2938.5
baseline,0,plus,4096,1,6,504,2064384,2940.5
baseline,0,plus,65536,0,0,64,4194304,41875.0
baseline,0,plus,65536,0,1,64,4194304,41890.6
baseline,0,plus,65536,0,2,64,4194304,41890.6
baseline,0,plus,65536,0,3,64,4194304,41937.5
baseline,0,plus,65536,0,4,64,4194304,42062.5
baseline,0,plus,65536,0,5,64,4194304,41906.2
baseline,0,plus,65536,0,6,64,4194304,41875.0
baseline,0,plus,65536,1,0,64,4194304,47140.6
baseline,0,plus,65536,1,1,64,4194304,47109.4
baseline,0,plus,65536,1,2,64,4194304,47156.2
baseline,0,plus,65536,1,3,64,4194304,47140.6
baseline,0,plus,65536,1,4,64,4194304,47109.4
baseline,0,plus,65536,1,5,64,4194304,47109.4
baseline,0,plus,65536,1,6,64,4194304,47156.2
baseline,0,mixed,10,0,0,28339,170034,33.8
baseline,0,mixed,10,0,1,28339,170034,33.8
baseline,0,mixed,10,0,2,28339,170034,33.8
baseline,0,mixed,10,0,3,28339,170034,33.8
baseline,0,mixed,10,0,4,28339,170034,33.8
baseline,0,mixed,10,0,5,28339,170034,33.8
baseline,0,mixed,10,0,6,28339,170034,33.8
baseline,0,mixed,10,1,0,28339,170034,34.2
baseline,0,mixed,10,1,1,28339,170034,34.3
baseline,0,mixed,10,1,2,28339,170034,34.3
baseline,0,mixed,10,1,3,28339,170034,34.2
baseline,0,mixed,10,1,4,28339,170034,34.2
baseline,0,mixed,10,1,5,28339,170034,34.2
baseline,0,mixed,10,1,6,28339,170034,34.3
baseline,0,mixed,70,0,0,15650,657300,69.0
baseline,0,mixed,70,0,1,15650,657300,69.0
baseline,0,mixed,70,0,2,15650,657300,69.1
baseline,0,mixed,70,0,3,15650,657300,69.0
baseline,0,mixed,70,0,4,15650,657300,69.0
baseline,0,mixed,70,0,5,15650,657300,69.1
baseline,0,mixed,70,0,6,15650,657300,69.0
baseline,0,mixed,70,1,0,15650,657300,69.3
baseline,0,mixed,70,1,1,15650,657300,69.3
baseline,0,mixed,70,1,2,15650,657300,69.5
baseline,0,mixed,70,1,3,15650,657300,69.3
baseline,0,mixed,70,1,4,15650,657300,69.4
baseline,0,mixed,70,1,5,15650,657300,69.3
baseline,0,mixed,70,1,6,15650,657300,69.3
baseline,0,mixed,4100,0,0,503,1237380,2401.6
baseline,0,mixed,4100,0,1,503,1237380,2399.6
baseline,0,mixed,4100,0,2,503,1237380,2399.6
baseline,0,mixed,4100,0,3,503,1237380,2407.6
baseline,0,mixed,4100,0,4,503,1237380,2403.6
baseline,0,mixed,4100,0,5,503,1237380,2399.6
baseline,0,mixed,4100,0,6,503,1237380,2399.6
baseline,0,mixed,4100,1,0,503,1237380,2401.6
baseline,0,mixed,4100,1,1,503,1237380,2401.6
baseline,0,mixed,4100,1,2,503,1237380,2401.6
baseline,0,mixed,4100,1,3,503,1237380,2401.6
baseline,0,mixed,4100,1,4,503,1237380,2421.5
baseline,0,mixed,4100,1,5,503,1237380,2411.5
baseline,0,mixed,4100,1,6,503,1237380,2405.6
baseline,0,mixed,65540,0,0,64,2516736,37687.5
baseline,0,mixed,65540,0,1,64,2516736,37859.4
baseline,0,mixed,65540,0,2,64,2516736,37734.4
baseline,0,mixed,65540,0,3,64,2516736,37734.4
baseline,0,mixed,65540,0,4,64,2516736,37671.9
baseline,0,mixed,65540,0,5,64,2516736,37703.1
baseline,0,mixed,65540,0,6,64,2516736,37687.5
baseline,0,mixed,65540,1,0,64,2516736,37687.5
baseline,0,mixed,65540,1,1,64,2516736,37687.5
baseline,0,mixed,65540,1,2,64,2516736,37765.6
baseline,0,mixed,65540,1,3,64,2516736,37703.1
baseline,0,mixed,65540,1,4,64,2516736,37687.5
baseline,0,mixed,65540,1,5,64,2516736,37734.4
baseline,0,mixed,65540,1,6,64,2516736,37687.5
baseline,0,late_escape,8,0,0,29127,174762,33.3
baseline,0,late_escape,8,0,1,29127,174762,33.3
baseline,0,late_escape,8,0,2,29127,174762,33.5
baseline,0,late_escape,8,0,3,29127,174762,33.9
baseline,0,late_escape,8,0,4,29127,174762,33.3
baseline,0,late_escape,8,0,5,29127,174762,33.3
baseline,0,late_escape,8,0,6,29127,174762,33.3
baseline,0,late_escape,8,1,0,29127,174762,33.9
baseline,0,late_escape,8,1,1,29127,174762,33.9
baseline,0,late_escape,8,1,2,29127,174762,34.0
baseline,0,late_escape,8,1,3,29127,174762,33.9
baseline,0,late_escape,8,1,4,29127,174762,34.0
baseline,0,late_escape,8,1,5,29127,174762,34.1
baseline,0,late_escape,8,1,6,29127,174762,34.0
baseline,0,late_escape,64,0,0,16384,1015808,79.8
baseline,0,late_escape,64,0,1,16384,1015808,79.8
baseline,0,late_escape,64,0,2,16384,1015808,79.8
baseline,0,late_escape,64,0,3,16384,1015808,79.7
baseline,0,late_escape,64,0,4,16384,1015808,79.7
baseline,0,late_escape,64,0,5,16384,1015808,79.9
baseline,0,late_escape,64,0,6,16384,1015808,77.5
baseline,0,late_escape,64,1,0,16384,1015808,81.1
baseline,0,late_escape,64,1,1,16384,1015808,81.2
baseline,0,late_escape,64,1,2,16384,1015808,81.1
baseline,0,late_escape,64,1,3,16384,1015808,81.8
baseline,0,late_escape,64,1,4,16384,1015808,81.1
baseline,0,late_escape,64,1,5,16384,1015808,81.1
baseline,0,late_escape,64,1,6,16384,1015808,81.2
baseline,0,late_escape,4096,0,0,504,2063376,2674.6
baseline,0,late_escape,4096,0,1,504,2063376,2668.7
baseline,0,late_escape,4096,0,2,504,2063376,2668.7
baseline,0,late_escape,4096,0,3,504,2063376,2666.7
baseline,0,late_escape,4096,0,4,504,2063376,2666.7
baseline,0,late_escape,4096,0,5,504,2063376,2666.7
baseline,0,late_escape,4096,0,6,504,2063376,2672.6
baseline,0,late_escape,4096,1,0,504,2063376,2837.3
baseline,0,late_escape,4096,1,1,504,2063376,2833.3
baseline,0,late_escape,4096,1,2,504,2063376,2829.4
baseline,0,late_escape,4096,1,3,504,2063376,2831.3
baseline,0,late_escape,4096,1,4,504,2063376,2835.3
baseline,0,late_escape,4096,1,5,504,2063376,2835.3
baseline,0,late_escape,4096,1,6,504,2063376,2831.3
baseline,0,late_escape,65536,0,0,64,4194176,41921.9
baseline,0,late_escape,65536,0,1,64,4194176,41937.5
baseline,0,late_escape,65536,0,2,64,4194176,41906.2
baseline,0,late_escape,65536,0,3,64,4194176,41953.1
baseline,0,late_escape,65536,0,4,64,4194176,41906.2
baseline,0,late_escape,65536,0,5,64,4194176,41921.9
baseline,0,late_escape,65536,0,6,64,4194176,41890.6
baseline,0,late_escape,65536,1,0,64,4194176,44515.6
baseline,0,late_escape,65536,1,1,64,4194176,44593.8
baseline,0,late_escape,65536,1,2,64,4194176,44500.0
baseline,0,late_escape,65536,1,3,64,4194176,44687.5
baseline,0,late_escape,65536,1,4,64,4194176,44531.2
baseline,0,late_escape,65536,1,5,64,4194176,44531.2
baseline,0,late_escape,65536,1,6,64,4194176,44515.6
candidate,1,plain,0,0,0,32768,0,15.6
candidate,1,plain,0,0,1,32768,0,15.6
candidate,1,plain,0,0,2,32768,0,15.7
candidate,1,plain,0,0,3,32768,0,15.7
candidate,1,plain,0,0,4,32768,0,15.6
candidate,1,plain,0,0,5,32768,0,15.6
candidate,1,plain,0,0,6,32768,0,15.6
candidate,1,plain,0,1,0,32768,0,16.0
candidate,1,plain,0,1,1,32768,0,15.9
candidate,1,plain,0,1,2,32768,0,16.0
candidate,1,plain,0,1,3,32768,0,15.9
candidate,1,plain,0,1,4,32768,0,16.0
candidate,1,plain,0,1,5,32768,0,16.0
candidate,1,plain,0,1,6,32768,0,16.0
candidate,1,plain,30,0,0,22310,669300,50.5
candidate,1,plain,30,0,1,22310,669300,50.5
candidate,1,plain,30,0,2,22310,669300,50.5
candidate,1,plain,30,0,3,22310,669300,50.6
candidate,1,plain,30,0,4,22310,669300,50.5
candidate,1,plain,30,0,5,22310,669300,50.5
candidate,1,plain,30,0,6,22310,669300,50.5
candidate,1,plain,30,1,0,22310,669300,51.9
candidate,1,plain,30,1,1,22310,669300,51.6
candidate,1,plain,30,1,2,22310,669300,51.6
candidate,1,plain,30,1,3,22310,669300,51.6
candidate,1,plain,30,1,4,22310,669300,51.9
candidate,1,plain,30,1,5,22310,669300,51.7
candidate,1,plain,30,1,6,22310,669300,51.7
candidate,1,plain,90,0,0,13617,1225530,37.3
candidate,1,plain,90,0,1,13617,1225530,37.3
candidate,1,plain,90,0,2,13617,1225530,37.3
candidate,1,plain,90,0,3,13617,1225530,37.3
candidate,1,plain,90,0,4,13617,1225530,37.3
candidate,1,plain,90,0,5,13617,1225530,37.3
candidate,1,plain,90,0,6,13617,1225530,37.5
candidate,1,plain,90,1,0,13617,1225530,39.0
candidate,1,plain,90,1,1,13617,1225530,38.9
candidate,1,plain,90,1,2,13617,1225530,39.1
candidate,1,plain,90,1,3,13617,1225530,38.9
candidate,1,plain,90,1,4,13617,1225530,38.9
candidate,1,plain,90,1,5,13617,1225530,38.8
candidate,1,plain,90,1,6,13617,1225530,38.8
candidate,1,plain,4110,0,0,502,2063220,155.4
candidate,1,plain,4110,0,1,502,2063220,153.4
candidate,1,plain,4110,0,2,502,2063220,155.4
candidate,1,plain,4110,0,3,502,2063220,155.4
candidate,1,plain,4110,0,4,502,2063220,155.4
candidate,1,plain,4110,0,5,502,2063220,153.4
candidate,1,plain,4110,0,6,502,2063220,153.4
candidate,1,plain,4110,1,0,502,2063220,199.2
candidate,1,plain,4110,1,1,502,2063220,199.2
candidate,1,plain,4110,1,2,502,2063220,199.2
candidate,1,plain,4110,1,3,502,2063220,199.2
candidate,1,plain,4110,1,4,502,2063220,199.2
candidate,1,plain,4110,1,5,502,2063220,201.2
candidate,1,plain,4110,1,6,502,2063220,201.2
candidate,1,plain,65550,0,0,64,4195200,1828.1
candidate,1,plain,65550,0,1,64,4195200,1781.2
candidate,1,plain,65550,0,2,64,4195200,1750.0
candidate,1,plain,65550,0,3,64,4195200,1750.0
candidate,1,plain,65550,0,4,64,4195200,1765.6
candidate,1,plain,65550,0,5,64,4195200,1765.6
candidate,1,plain,65550,0,6,64,4195200,1734.4
candidate,1,plain,65550,1,0,64,4195200,2437.5
candidate,1,plain,65550,1,1,64,4195200,2406.2
candidate,1,plain,65550,1,2,64,4195200,2406.2
candidate,1,plain,65550,1,3,64,4195200,2406.2
candidate,1,plain,65550,1,4,64,4195200,2406.2
candidate,1,plain,65550,1,5,64,4195200,2406.2
candidate,1,plain,65550,1,6,64,4195200,2406.2
candidate,1,sparse,53,0,0,17924,914124,65.6
candidate,1,sparse,53,0,1,17924,914124,65.5
candidate,1,sparse,53,0,2,17924,914124,65.7
candidate,1,sparse,53,0,3,17924,914124,65.6
candidate,1,sparse,53,0,4,17924,914124,65.7
candidate,1,sparse,53,0,5,17924,914124,65.5
candidate,1,sparse,53,0,6,17924,914124,65.5
candidate,1,sparse,53,1,0,17924,914124,66.9
candidate,1,sparse,53,1,1,17924,914124,66.7
candidate,1,sparse,53,1,2,17924,914124,66.7
candidate,1,sparse,53,1,3,17924,914124,66.8
candidate,1,sparse,53,1,4,17924,914124,66.7
candidate,1,sparse,53,1,5,17924,914124,66.7
candidate,1,sparse,53,1,6,17924,914124,66.7
candidate,1,sparse,106,0,0,12336,1258272,87.4
candidate,1,sparse,106,0,1,12336,1258272,87.4
candidate,1,sparse,106,0,2,12336,1258272,87.4
candidate,1,sparse,106,0,3,12336,1258272,87.4
candidate,1,sparse,106,0,4,12336,1258272,87.4
candidate,1,sparse,106,0,5,12336,1258272,87.5
candidate,1,sparse,106,0,6,12336,1258272,87.4
candidate,1,sparse,106,1,0,12336,1258272,91.3
candidate,1,sparse,106,1,1,12336,1258272,91.3
candidate,1,sparse,106,1,2,12336,1258272,91.3
candidate,1,sparse,106,1,3,12336,1258272,91.0
candidate,1,sparse,106,1,4,12336,1258272,91.6
candidate,1,sparse,106,1,5,12336,1258272,91.4
candidate,1,sparse,106,1,6,12336,1258272,91.6
candidate,1,sparse,4134,0,0,499,1985022,2655.3
candidate,1,sparse,4134,0,1,499,1985022,2655.3
candidate,1,sparse,4134,0,2,499,1985022,2655.3
candidate,1,sparse,4134,0,3,499,1985022,2657.3
candidate,1,sparse,4134,0,4,499,1985022,2659.3
candidate,1,sparse,4134,0,5,499,1985022,2655.3
candidate,1,sparse,4134,0,6,499,1985022,2659.3
candidate,1,sparse,4134,1,0,499,1985022,2783.6
candidate,1,sparse,4134,1,1,499,1985022,2773.5
candidate,1,sparse,4134,1,2,499,1985022,2773.5
candidate,1,sparse,4134,1,3,499,1985022,2773.5
candidate,1,sparse,4134,1,4,499,1985022,2773.5
candidate,1,sparse,4134,1,5,499,1985022,2779.6
candidate,1,sparse,4134,1,6,499,1985022,2773.5
candidate,1,sparse,65561,0,0,64,4037568,41515.6
candidate,1,sparse,65561,0,1,64,4037568,41578.1
candidate,1,sparse,65561,0,2,64,4037568,41671.9
candidate,1,sparse,65561,0,3,64,4037568,41500.0
candidate,1,sparse,65561,0,4,64,4037568,41546.9
candidate,1,sparse,65561,0,5,64,4037568,41500.0
candidate,1,sparse,65561,0,6,64,4037568,41562.5
candidate,1,sparse,65561,1,0,64,4037568,43406.2
candidate,1,sparse,65561,1,1,64,4037568,43515.6
candidate,1,sparse,65561,1,2,64,4037568,43375.0
candidate,1,sparse,65561,1,3,64,4037568,43359.4
candidate,1,sparse,65561,1,4,64,4037568,43437.5
candidate,1,sparse,65561,1,5,64,4037568,43375.0
candidate,1,sparse,65561,1,6,64,4037568,43421.9
candidate,1,dense,12,0,0,27594,110376,33.3
candidate,1,dense,12,0,1,27594,110376,33.3
candidate,1,dense,12,0,2,27594,110376,33.3
candidate,1,dense,12,0,3,27594,110376,33.3
candidate,1,dense,12,0,4,27594,110376,33.4
candidate,1,dense,12,0,5,27594,110376,33.3
candidate,1,dense,12,0,6,27594,110376,33.3
candidate,1,dense,12,1,0,27594,110376,33.3
candidate,1,dense,12,1,1,27594,110376,33.3
candidate,1,dense,12,1,2,27594,110376,33.3
candidate,1,dense,12,1,3,27594,110376,33.3
candidate,1,dense,12,1,4,27594,110376,33.3
candidate,1,dense,12,1,5,27594,110376,33.4
candidate,1,dense,12,1,6,27594,110376,33.3
candidate,1,dense,72,0,0,15420,370080,56.4
candidate,1,dense,72,0,1,15420,370080,56.2
candidate,1,dense,72,0,2,15420,370080,56.2
candidate,1,dense,72,0,3,15420,370080,56.2
candidate,1,dense,72,0,4,15420,370080,56.2
candidate,1,dense,72,0,5,15420,370080,56.2
candidate,1,dense,72,0,6,15420,370080,56.2
candidate,1,dense,72,1,0,15420,370080,56.1
candidate,1,dense,72,1,1,15420,370080,56.1
candidate,1,dense,72,1,2,15420,370080,56.2
candidate,1,dense,72,1,3,15420,370080,56.1
candidate,1,dense,72,1,4,15420,370080,56.1
candidate,1,dense,72,1,5,15420,370080,56.4
candidate,1,dense,72,1,6,15420,370080,56.2
candidate,1,dense,4104,0,0,503,688104,1534.8
candidate,1,dense,4104,0,1,503,688104,1530.8
candidate,1,dense,4104,0,2,503,688104,1534.8
candidate,1,dense,4104,0,3,503,688104,1534.8
candidate,1,dense,4104,0,4,503,688104,1532.8
candidate,1,dense,4104,0,5,503,688104,1534.8
candidate,1,dense,4104,0,6,503,688104,1532.8
candidate,1,dense,4104,1,0,503,688104,1530.8
candidate,1,dense,4104,1,1,503,688104,1538.8
candidate,1,dense,4104,1,2,503,688104,1534.8
candidate,1,dense,4104,1,3,503,688104,1536.8
candidate,1,dense,4104,1,4,503,688104,1534.8
candidate,1,dense,4104,1,5,503,688104,1532.8
candidate,1,dense,4104,1,6,503,688104,1540.8
candidate,1,dense,65544,0,0,64,1398272,23687.5
candidate,1,dense,65544,0,1,64,1398272,23609.4
candidate,1,dense,65544,0,2,64,1398272,23625.0
candidate,1,dense,65544,0,3,64,1398272,23640.6
candidate,1,dense,65544,0,4,64,1398272,23609.4
candidate,1,dense,65544,0,5,64,1398272,23781.2
candidate,1,dense,65544,0,6,64,1398272,23625.0
candidate,1,dense,65544,1,0,64,1398272,23609.4
candidate,1,dense,65544,1,1,64,1398272,23781.2
candidate,1,dense,65544,1,2,64,1398272,23625.0
candidate,1,dense,65544,1,3,64,1398272,23625.0
candidate,1,dense,65544,1,4,64,1398272,23609.4
candidate,1,dense,65544,1,5,64,1398272,23640.6
candidate,1,dense,65544,1,6,64,1398272,23625.0
candidate,1,plus,8,0,0,29127,233016,34.4
candidate,1,plus,8,0,1,29127,233016,34.4
candidate,1,plus,8,0,2,29127,233016,34.4
candidate,1,plus,8,0,3,29127,233016,34.4
candidate,1,plus,8,0,4,29127,233016,34.4
candidate,1,plus,8,0,5,29127,233016,34.4
candidate,1,plus,8,0,6,29127,233016,34.5
candidate,1,plus,8,1,0,29127,233016,35.1
candidate,1,plus,8,1,1,29127,233016,35.1
candidate,1,plus,8,1,2,29127,233016,35.1
candidate,1,plus,8,1,3,29127,233016,35.1
candidate,1,plus,8,1,4,29127,233016,35.2
candidate,1,plus,8,1,5,29127,233016,35.1
candidate,1,plus,8,1,6,29127,233016,35.1
candidate,1,plus,64,0,0,16384,1048576,35.5
candidate,1,plus,64,0,1,16384,1048576,35.5
candidate,1,plus,64,0,2,16384,1048576,35.5
candidate,1,plus,64,0,3,16384,1048576,35.6
candidate,1,plus,64,0,4,16384,1048576,35.5
candidate,1,plus,64,0,5,16384,1048576,35.5
candidate,1,plus,64,0,6,16384,1048576,35.5
candidate,1,plus,64,1,0,16384,1048576,76.8
candidate,1,plus,64,1,1,16384,1048576,76.8
candidate,1,plus,64,1,2,16384,1048576,77.0
candidate,1,plus,64,1,3,16384,1048576,76.8
candidate,1,plus,64,1,4,16384,1048576,77.0
candidate,1,plus,64,1,5,16384,1048576,76.8
candidate,1,plus,64,1,6,16384,1048576,76.8
candidate,1,plus,4096,0,0,504,2064384,148.8
candidate,1,plus,4096,0,1,504,2064384,148.8
candidate,1,plus,4096,0,2,504,2064384,148.8
candidate,1,plus,4096,0,3,504,2064384,148.8
candidate,1,plus,4096,0,4,504,2064384,146.8
candidate,1,plus,4096,0,5,504,2064384,148.8
candidate,1,plus,4096,0,6,504,2064384,148.8
candidate,1,plus,4096,1,0,504,2064384,2994.0
candidate,1,plus,4096,1,1,504,2064384,2998.0
candidate,1,plus,4096,1,2,504,2064384,2996.0
candidate,1,plus,4096,1,3,504,2064384,3002.0
candidate,1,plus,4096,1,4,504,2064384,2996.0
candidate,1,plus,4096,1,5,504,2064384,3009.9
candidate,1,plus,4096,1,6,504,2064384,2996.0
candidate,1,plus,65536,0,0,64,4194304,1718.8
candidate,1,plus,65536,0,1,64,4194304,1718.8
candidate,1,plus,65536,0,2,64,4194304,1734.4
candidate,1,plus,65536,0,3,64,4194304,1718.8
candidate,1,plus,65536,0,4,64,4194304,1734.4
candidate,1,plus,65536,0,5,64,4194304,1718.8
candidate,1,plus,65536,0,6,64,4194304,1734.4
candidate,1,plus,65536,1,0,64,4194304,47171.9
candidate,1,plus,65536,1,1,64,4194304,47187.5
candidate,1,plus,65536,1,2,64,4194304,47140.6
candidate,1,plus,65536,1,3,64,4194304,47125.0
candidate,1,plus,65536,1,4,64,4194304,47171.9
candidate,1,plus,65536,1,5,64,4194304,47187.5
candidate,1,plus,65536,1,6,64,4194304,47125.0
candidate,1,mixed,10,0,0,28339,170034,34.1
candidate,1,mixed,10,0,1,28339,170034,34.1
candidate,1,mixed,10,0,2,28339,170034,34.1
candidate,1,mixed,10,0,3,28339,170034,34.2
candidate,1,mixed,10,0,4,28339,170034,34.1
candidate,1,mixed,10,0,5,28339,170034,34.1
candidate,1,mixed,10,0,6,28339,170034,34.1
candidate,1,mixed,10,1,0,28339,170034,34.3
candidate,1,mixed,10,1,1,28339,170034,34.4
candidate,1,mixed,10,1,2,28339,170034,34.5
candidate,1,mixed,10,1,3,28339,170034,34.4
candidate,1,mixed,10,1,4,28339,170034,34.3
candidate,1,mixed,10,1,5,28339,170034,34.3
candidate,1,mixed,10,1,6,28339,170034,34.4
candidate,1,mixed,70,0,0,15650,657300,69.4
candidate,1,mixed,70,0,1,15650,657300,69.4
candidate,1,mixed,70,0,2,15650,657300,69.5
candidate,1,mixed,70,0,3,15650,657300,69.3
candidate,1,mixed,70,0,4,15650,657300,69.8
candidate,1,mixed,70,0,5,15650,657300,69.5
candidate,1,mixed,70,0,6,15650,657300,69.4
candidate,1,mixed,70,1,0,15650,657300,66.5
candidate,1,mixed,70,1,1,15650,657300,66.2
candidate,1,mixed,70,1,2,15650,657300,66.3
candidate,1,mixed,70,1,3,15650,657300,66.1
candidate,1,mixed,70,1,4,15650,657300,66.0
candidate,1,mixed,70,1,5,15650,657300,66.0
candidate,1,mixed,70,1,6,15650,657300,66.0
candidate,1,mixed,4100,0,0,503,1237380,2409.5
candidate,1,mixed,4100,0,1,503,1237380,2413.5
candidate,1,mixed,4100,0,2,503,1237380,2411.5
candidate,1,mixed,4100,0,3,503,1237380,2407.6
candidate,1,mixed,4100,0,4,503,1237380,2407.6
candidate,1,mixed,4100,0,5,503,1237380,2413.5
candidate,1,mixed,4100,0,6,503,1237380,2411.5
candidate,1,mixed,4100,1,0,503,1237380,2149.1
candidate,1,mixed,4100,1,1,503,1237380,2149.1
candidate,1,mixed,4100,1,2,503,1237380,2153.1
candidate,1,mixed,4100,1,3,503,1237380,2159.0
candidate,1,mixed,4100,1,4,503,1237380,2153.1
candidate,1,mixed,4100,1,5,503,1237380,2157.1
candidate,1,mixed,4100,1,6,503,1237380,2149.1
candidate,1,mixed,65540,0,0,64,2516736,37718.8
candidate,1,mixed,65540,0,1,64,2516736,37687.5
candidate,1,mixed,65540,0,2,64,2516736,37765.6
candidate,1,mixed,65540,0,3,64,2516736,37703.1
candidate,1,mixed,65540,0,4,64,2516736,37750.0
candidate,1,mixed,65540,0,5,64,2516736,37687.5
candidate,1,mixed,65540,0,6,64,2516736,37703.1
candidate,1,mixed,65540,1,0,64,2516736,33609.4
candidate,1,mixed,65540,1,1,64,2516736,33531.2
candidate,1,mixed,65540,1,2,64,2516736,33312.5
candidate,1,mixed,65540,1,3,64,2516736,32984.4
candidate,1,mixed,65540,1,4,64,2516736,33093.8
candidate,1,mixed,65540,1,5,64,2516736,32890.6
candidate,1,mixed,65540,1,6,64,2516736,33234.4
candidate,1,late_escape,8,0,0,29127,174762,33.7
candidate,1,late_escape,8,0,1,29127,174762,33.7
candidate,1,late_escape,8,0,2,29127,174762,33.7
candidate,1,late_escape,8,0,3,29127,174762,33.7
candidate,1,late_escape,8,0,4,29127,174762,34.1
candidate,1,late_escape,8,0,5,29127,174762,33.7
candidate,1,late_escape,8,0,6,29127,174762,33.7
candidate,1,late_escape,8,1,0,29127,174762,34.2
candidate,1,late_escape,8,1,1,29127,174762,34.2
candidate,1,late_escape,8,1,2,29127,174762,34.4
candidate,1,late_escape,8,1,3,29127,174762,34.5
candidate,1,late_escape,8,1,4,29127,174762,34.3
candidate,1,late_escape,8,1,5,29127,174762,34.4
candidate,1,late_escape,8,1,6,29127,174762,34.2
candidate,1,late_escape,64,0,0,16384,1015808,46.9
candidate,1,late_escape,64,0,1,16384,1015808,47.0
candidate,1,late_escape,64,0,2,16384,1015808,46.9
candidate,1,late_escape,64,0,3,16384,1015808,46.9
candidate,1,late_escape,64,0,4,16384,1015808,46.9
candidate,1,late_escape,64,0,5,16384,1015808,46.9
candidate,1,late_escape,64,0,6,16384,1015808,46.9
candidate,1,late_escape,64,1,0,16384,1015808,46.4
candidate,1,late_escape,64,1,1,16384,1015808,46.4
candidate,1,late_escape,64,1,2,16384,1015808,46.4
candidate,1,late_escape,64,1,3,16384,1015808,46.3
candidate,1,late_escape,64,1,4,16384,1015808,46.3
candidate,1,late_escape,64,1,5,16384,1015808,46.3
candidate,1,late_escape,64,1,6,16384,1015808,46.4
candidate,1,late_escape,4096,0,0,504,2063376,160.7
candidate,1,late_escape,4096,0,1,504,2063376,158.7
candidate,1,late_escape,4096,0,2,504,2063376,158.7
candidate,1,late_escape,4096,0,3,504,2063376,158.7
candidate,1,late_escape,4096,0,4,504,2063376,160.7
candidate,1,late_escape,4096,0,5,504,2063376,160.7
candidate,1,late_escape,4096,0,6,504,2063376,160.7
candidate,1,late_escape,4096,1,0,504,2063376,202.4
candidate,1,late_escape,4096,1,1,504,2063376,200.4
candidate,1,late_escape,4096,1,2,504,2063376,200.4
candidate,1,late_escape,4096,1,3,504,2063376,200.4
candidate,1,late_escape,4096,1,4,504,2063376,200.4
candidate,1,late_escape,4096,1,5,504,2063376,200.4
candidate,1,late_escape,4096,1,6,504,2063376,202.4
candidate,1,late_escape,65536,0,0,64,4194176,1718.8
candidate,1,late_escape,65536,0,1,64,4194176,1687.5
candidate,1,late_escape,65536,0,2,64,4194176,1671.9
candidate,1,late_escape,65536,0,3,64,4194176,1703.1
candidate,1,late_escape,65536,0,4,64,4194176,1687.5
candidate,1,late_escape,65536,0,5,64,4194176,1687.5
candidate,1,late_escape,65536,0,6,64,4194176,1703.1
candidate,1,late_escape,65536,1,0,64,4194176,2390.6
candidate,1,late_escape,65536,1,1,64,4194176,2406.2
candidate,1,late_escape,65536,1,2,64,4194176,2421.9
candidate,1,late_escape,65536,1,3,64,4194176,2406.2
candidate,1,late_escape,65536,1,4,64,4194176,2421.9
candidate,1,late_escape,65536,1,5,64,4194176,2390.6
candidate,1,late_escape,65536,1,6,64,4194176,2390.6
candidate,2,plain,0,0,0,32768,0,15.9
candidate,2,plain,0,0,1,32768,0,16.1
candidate,2,plain,0,0,2,32768,0,16.1
candidate,2,plain,0,0,3,32768,0,15.9
candidate,2,plain,0,0,4,32768,0,15.9
candidate,2,plain,0,0,5,32768,0,15.9
candidate,2,plain,0,0,6,32768,0,15.9
candidate,2,plain,0,1,0,32768,0,15.9
candidate,2,plain,0,1,1,32768,0,16.3
candidate,2,plain,0,1,2,32768,0,15.9
candidate,2,plain,0,1,3,32768,0,15.9
candidate,2,plain,0,1,4,32768,0,16.0
candidate,2,plain,0,1,5,32768,0,15.9
candidate,2,plain,0,1,6,32768,0,15.9
candidate,2,plain,30,0,0,22310,669300,50.6
candidate,2,plain,30,0,1,22310,669300,51.0
candidate,2,plain,30,0,2,22310,669300,50.5
candidate,2,plain,30,0,3,22310,669300,50.5
candidate,2,plain,30,0,4,22310,669300,50.5
candidate,2,plain,30,0,5,22310,669300,50.5
candidate,2,plain,30,0,6,22310,669300,49.8
candidate,2,plain,30,1,0,22310,669300,51.9
candidate,2,plain,30,1,1,22310,669300,51.6
candidate,2,plain,30,1,2,22310,669300,51.7
candidate,2,plain,30,1,3,22310,669300,51.6
candidate,2,plain,30,1,4,22310,669300,51.6
candidate,2,plain,30,1,5,22310,669300,51.6
candidate,2,plain,30,1,6,22310,669300,51.6
candidate,2,plain,90,0,0,13617,1225530,37.3
candidate,2,plain,90,0,1,13617,1225530,37.4
candidate,2,plain,90,0,2,13617,1225530,37.3
candidate,2,plain,90,0,3,13617,1225530,37.3
candidate,2,plain,90,0,4,13617,1225530,37.4
candidate,2,plain,90,0,5,13617,1225530,37.4
candidate,2,plain,90,0,6,13617,1225530,37.3
candidate,2,plain,90,1,0,13617,1225530,38.8
candidate,2,plain,90,1,1,13617,1225530,38.8
candidate,2,plain,90,1,2,13617,1225530,38.8
candidate,2,plain,90,1,3,13617,1225530,38.8
candidate,2,plain,90,1,4,13617,1225530,38.8
candidate,2,plain,90,1,5,13617,1225530,38.8
candidate,2,plain,90,1,6,13617,1225530,38.8
candidate,2,plain,4110,0,0,502,2063220,155.4
candidate,2,plain,4110,0,1,502,2063220,153.4
candidate,2,plain,4110,0,2,502,2063220,153.4
candidate,2,plain,4110,0,3,502,2063220,153.4
candidate,2,plain,4110,0,4,502,2063220,153.4
candidate,2,plain,4110,0,5,502,2063220,155.4
candidate,2,plain,4110,0,6,502,2063220,155.4
candidate,2,plain,4110,1,0,502,2063220,199.2
candidate,2,plain,4110,1,1,502,2063220,203.2
candidate,2,plain,4110,1,2,502,2063220,199.2
candidate,2,plain,4110,1,3,502,2063220,199.2
candidate,2,plain,4110,1,4,502,2063220,199.2
candidate,2,plain,4110,1,5,502,2063220,199.2
candidate,2,plain,4110,1,6,502,2063220,201.2
candidate,2,plain,65550,0,0,64,4195200,1812.5
candidate,2,plain,65550,0,1,64,4195200,1734.4
candidate,2,plain,65550,0,2,64,4195200,1796.9
candidate,2,plain,65550,0,3,64,4195200,1750.0
candidate,2,plain,65550,0,4,64,4195200,1765.6
candidate,2,plain,65550,0,5,64,4195200,1750.0
candidate,2,plain,65550,0,6,64,4195200,1750.0
candidate,2,plain,65550,1,0,64,4195200,2406.2
candidate,2,plain,65550,1,1,64,4195200,2421.9
candidate,2,plain,65550,1,2,64,4195200,2421.9
candidate,2,plain,65550,1,3,64,4195200,2421.9
candidate,2,plain,65550,1,4,64,4195200,2406.2
candidate,2,plain,65550,1,5,64,4195200,2421.9
candidate,2,plain,65550,1,6,64,4195200,2421.9
candidate,2,sparse,53,0,0,17924,914124,65.5
candidate,2,sparse,53,0,1,17924,914124,65.5
candidate,2,sparse,53,0,2,17924,914124,65.6
candidate,2,sparse,53,0,3,17924,914124,65.5
candidate,2,sparse,53,0,4,17924,914124,65.5
candidate,2,sparse,53,0,5,17924,914124,65.6
candidate,2,sparse,53,0,6,17924,914124,65.5
candidate,2,sparse,53,1,0,17924,914124,66.8
candidate,2,sparse,53,1,1,17924,914124,66.8
candidate,2,sparse,53,1,2,17924,914124,66.7
candidate,2,sparse,53,1,3,17924,914124,66.7
candidate,2,sparse,53,1,4,17924,914124,66.8
candidate,2,sparse,53,1,5,17924,914124,66.7
candidate,2,sparse,53,1,6,17924,914124,66.7
candidate,2,sparse,106,0,0,12336,1258272,91.7
candidate,2,sparse,106,0,1,12336,1258272,91.4
candidate,2,sparse,106,0,2,12336,1258272,90.8
candidate,2,sparse,106,0,3,12336,1258272,91.6
candidate,2,sparse,106,0,4,12336,1258272,91.5
candidate,2,sparse,106,0,5,12336,1258272,92.3
candidate,2,sparse,106,0,6,12336,1258272,92.3
candidate,2,sparse,106,1,0,12336,1258272,91.2
candidate,2,sparse,106,1,1,12336,1258272,91.3
candidate,2,sparse,106,1,2,12336,1258272,91.3
candidate,2,sparse,106,1,3,12336,1258272,91.3
candidate,2,sparse,106,1,4,12336,1258272,92.1
candidate,2,sparse,106,1,5,12336,1258272,91.1
candidate,2,sparse,106,1,6,12336,1258272,91.2
candidate,2,sparse,4134,0,0,499,1985022,2655.3
candidate,2,sparse,4134,0,1,499,1985022,2669.3
candidate,2,sparse,4134,0,2,499,1985022,2665.3
candidate,2,sparse,4134,0,3,499,1985022,2657.3
candidate,2,sparse,4134,0,4,499,1985022,2657.3
candidate,2,sparse,4134,0,5,499,1985022,2657.3
candidate,2,sparse,4134,0,6,499,1985022,2655.3
candidate,2,sparse,4134,1,0,499,1985022,2775.6
candidate,2,sparse,4134,1,1,499,1985022,2773.5
candidate,2,sparse,4134,1,2,499,1985022,2773.5
candidate,2,sparse,4134,1,3,499,1985022,2773.5
candidate,2,sparse,4134,1,4,499,1985022,2773.5
candidate,2,sparse,4134,1,5,499,1985022,2777.6
candidate,2,sparse,4134,1,6,499,1985022,2775.6
candidate,2,sparse,65561,0,0,64,4037568,41500.0
candidate,2,sparse,65561,0,1,64,4037568,41500.0
candidate,2,sparse,65561,0,2,64,4037568,41515.6
candidate,2,sparse,65561,0,3,64,4037568,41500.0
candidate,2,sparse,65561,0,4,64,4037568,41484.4
candidate,2,sparse,65561,0,5,64,4037568,41546.9
candidate,2,sparse,65561,0,6,64,4037568,41531.2
candidate,2,sparse,65561,1,0,64,4037568,43406.2
candidate,2,sparse,65561,1,1,64,4037568,43375.0
candidate,2,sparse,65561,1,2,64,4037568,43406.2
candidate,2,sparse,65561,1,3,64,4037568,43375.0
candidate,2,sparse,65561,1,4,64,4037568,43375.0
candidate,2,sparse,65561,1,5,64,4037568,43546.9
candidate,2,sparse,65561,1,6,64,4037568,43421.9
candidate,2,dense,12,0,0,27594,110376,33.3
candidate,2,dense,12,0,1,27594,110376,33.4
candidate,2,dense,12,0,2,27594,110376,33.5
candidate,2,dense,12,0,3,27594,110376,33.3
candidate,2,dense,12,0,4,27594,110376,33.3
candidate,2,dense,12,0,5,27594,110376,33.3
candidate,2,dense,12,0,6,27594,110376,33.3
candidate,2,dense,12,1,0,27594,110376,33.2
candidate,2,dense,12,1,1,27594,110376,33.3
candidate,2,dense,12,1,2,27594,110376,33.2
candidate,2,dense,12,1,3,27594,110376,33.3
candidate,2,dense,12,1,4,27594,110376,33.2
candidate,2,dense,12,1,5,27594,110376,33.3
candidate,2,dense,12,1,6,27594,110376,33.3
candidate,2,dense,72,0,0,15420,370080,56.5
candidate,2,dense,72,0,1,15420,370080,56.3
candidate,2,dense,72,0,2,15420,370080,56.2
candidate,2,dense,72,0,3,15420,370080,56.4
candidate,2,dense,72,0,4,15420,370080,56.3
candidate,2,dense,72,0,5,15420,370080,56.4
candidate,2,dense,72,0,6,15420,370080,56.2
candidate,2,dense,72,1,0,15420,370080,56.2
candidate,2,dense,72,1,1,15420,370080,56.2
candidate,2,dense,72,1,2,15420,370080,56.2
candidate,2,dense,72,1,3,15420,370080,56.2
candidate,2,dense,72,1,4,15420,370080,56.2
candidate,2,dense,72,1,5,15420,370080,56.1
candidate,2,dense,72,1,6,15420,370080,56.1
candidate,2,dense,4104,0,0,503,688104,1540.8
candidate,2,dense,4104,0,1,503,688104,1534.8
candidate,2,dense,4104,0,2,503,688104,1540.8
candidate,2,dense,4104,0,3,503,688104,1536.8
candidate,2,dense,4104,0,4,503,688104,1536.8
candidate,2,dense,4104,0,5,503,688104,1538.8
candidate,2,dense,4104,0,6,503,688104,1534.8
candidate,2,dense,4104,1,0,503,688104,1536.8
candidate,2,dense,4104,1,1,503,688104,1534.8
candidate,2,dense,4104,1,2,503,688104,1534.8
candidate,2,dense,4104,1,3,503,688104,1534.8
candidate,2,dense,4104,1,4,503,688104,1532.8
candidate,2,dense,4104,1,5,503,688104,1532.8
candidate,2,dense,4104,1,6,503,688104,1534.8
candidate,2,dense,65544,0,0,64,1398272,23625.0
candidate,2,dense,65544,0,1,64,1398272,23609.4
candidate,2,dense,65544,0,2,64,1398272,23640.6
candidate,2,dense,65544,0,3,64,1398272,23609.4
candidate,2,dense,65544,0,4,64,1398272,23609.4
candidate,2,dense,65544,0,5,64,1398272,23625.0
candidate,2,dense,65544,0,6,64,1398272,23625.0
candidate,2,dense,65544,1,0,64,1398272,23640.6
candidate,2,dense,65544,1,1,64,1398272,23609.4
candidate,2,dense,65544,1,2,64,1398272,23640.6
candidate,2,dense,65544,1,3,64,1398272,23625.0
candidate,2,dense,65544,1,4,64,1398272,23609.4
candidate,2,dense,65544,1,5,64,1398272,23625.0
candidate,2,dense,65544,1,6,64,1398272,23625.0
candidate,2,plus,8,0,0,29127,233016,34.4
candidate,2,plus,8,0,1,29127,233016,34.4
candidate,2,plus,8,0,2,29127,233016,34.5
candidate,2,plus,8,0,3,29127,233016,34.4
candidate,2,plus,8,0,4,29127,233016,34.4
candidate,2,plus,8,0,5,29127,233016,34.4
candidate,2,plus,8,0,6,29127,233016,34.4
candidate,2,plus,8,1,0,29127,233016,35.1
candidate,2,plus,8,1,1,29127,233016,35.2
candidate,2,plus,8,1,2,29127,233016,35.1
candidate,2,plus,8,1,3,29127,233016,35.1
candidate,2,plus,8,1,4,29127,233016,35.1
candidate,2,plus,8,1,5,29127,233016,35.1
candidate,2,plus,8,1,6,29127,233016,35.2
candidate,2,plus,64,0,0,16384,1048576,36.0
candidate,2,plus,64,0,1,16384,1048576,36.1
candidate,2,plus,64,0,2,16384,1048576,36.2
candidate,2,plus,64,0,3,16384,1048576,36.2
candidate,2,plus,64,0,4,16384,1048576,36.3
candidate,2,plus,64,0,5,16384,1048576,36.1
candidate,2,plus,64,0,6,16384,1048576,36.2
candidate,2,plus,64,1,0,16384,1048576,76.8
candidate,2,plus,64,1,1,16384,1048576,76.8
candidate,2,plus,64,1,2,16384,1048576,77.1
candidate,2,plus,64,1,3,16384,1048576,76.8
candidate,2,plus,64,1,4,16384,1048576,77.0
candidate,2,plus,64,1,5,16384,1048576,76.9
candidate,2,plus,64,1,6,16384,1048576,76.8
candidate,2,plus,4096,0,0,504,2064384,148.8
candidate,2,plus,4096,0,1,504,2064384,148.8
candidate,2,plus,4096,0,2,504,2064384,148.8
candidate,2,plus,4096,0,3,504,2064384,148.8
candidate,2,plus,4096,0,4,504,2064384,146.8
candidate,2,plus,4096,0,5,504,2064384,148.8
candidate,2,plus,4096,0,6,504,2064384,148.8
candidate,2,plus,4096,1,0,504,2064384,2992.1
candidate,2,plus,4096,1,1,504,2064384,3000.0
candidate,2,plus,4096,1,2,504,2064384,2996.0
candidate,2,plus,4096,1,3,504,2064384,2992.1
candidate,2,plus,4096,1,4,504,2064384,2994.0
candidate,2,plus,4096,1,5,504,2064384,2996.0
candidate,2,plus,4096,1,6,504,2064384,2992.1
candidate,2,plus,65536,0,0,64,4194304,1765.6
candidate,2,plus,65536,0,1,64,4194304,1718.8
candidate,2,plus,65536,0,2,64,4194304,1734.4
candidate,2,plus,65536,0,3,64,4194304,1718.8
candidate,2,plus,65536,0,4,64,4194304,1718.8
candidate,2,plus,65536,0,5,64,4194304,1734.4
candidate,2,plus,65536,0,6,64,4194304,1734.4
candidate,2,plus,65536,1,0,64,4194304,47109.4
candidate,2,plus,65536,1,1,64,4194304,47234.4
candidate,2,plus,65536,1,2,64,4194304,47390.6
candidate,2,plus,65536,1,3,64,4194304,47359.4
candidate,2,plus,65536,1,4,64,4194304,47140.6
candidate,2,plus,65536,1,5,64,4194304,47140.6
candidate,2,plus,65536,1,6,64,4194304,47125.0
candidate,2,mixed,10,0,0,28339,170034,34.1
candidate,2,mixed,10,0,1,28339,170034,34.1
candidate,2,mixed,10,0,2,28339,170034,34.1
candidate,2,mixed,10,0,3,28339,170034,34.1
candidate,2,mixed,10,0,4,28339,170034,34.1
candidate,2,mixed,10,0,5,28339,170034,34.1
candidate,2,mixed,10,0,6,28339,170034,34.1
candidate,2,mixed,10,1,0,28339,170034,34.3
candidate,2,mixed,10,1,1,28339,170034,34.4
candidate,2,mixed,10,1,2,28339,170034,34.3
candidate,2,mixed,10,1,3,28339,170034,34.4
candidate,2,mixed,10,1,4,28339,170034,34.3
candidate,2,mixed,10,1,5,28339,170034,34.3
candidate,2,mixed,10,1,6,28339,170034,34.3
candidate,2,mixed,70,0,0,15650,657300,69.3
candidate,2,mixed,70,0,1,15650,657300,69.5
candidate,2,mixed,70,0,2,15650,657300,69.3
candidate,2,mixed,70,0,3,15650,657300,69.5
candidate,2,mixed,70,0,4,15650,657300,69.3
candidate,2,mixed,70,0,5,15650,657300,69.3
candidate,2,mixed,70,0,6,15650,657300,69.4
candidate,2,mixed,70,1,0,15650,657300,65.9
candidate,2,mixed,70,1,1,15650,657300,66.0
candidate,2,mixed,70,1,2,15650,657300,66.0
candidate,2,mixed,70,1,3,15650,657300,66.1
candidate,2,mixed,70,1,4,15650,657300,66.0
candidate,2,mixed,70,1,5,15650,657300,66.0
candidate,2,mixed,70,1,6,15650,657300,66.0
candidate,2,mixed,4100,0,0,503,1237380,2407.6
candidate,2,mixed,4100,0,1,503,1237380,2413.5
candidate,2,mixed,4100,0,2,503,1237380,2407.6
candidate,2,mixed,4100,0,3,503,1237380,2405.6
candidate,2,mixed,4100,0,4,503,1237380,2407.6
candidate,2,mixed,4100,0,5,503,1237380,2413.5
candidate,2,mixed,4100,0,6,503,1237380,2407.6
candidate,2,mixed,4100,1,0,503,1237380,2151.1
candidate,2,mixed,4100,1,1,503,1237380,2151.1
candidate,2,mixed,4100,1,2,503,1237380,2153.1
candidate,2,mixed,4100,1,3,503,1237380,2151.1
candidate,2,mixed,4100,1,4,503,1237380,2151.1
candidate,2,mixed,4100,1,5,503,1237380,2178.9
candidate,2,mixed,4100,1,6,503,1237380,2149.1
candidate,2,mixed,65540,0,0,64,2516736,37718.8
candidate,2,mixed,65540,0,1,64,2516736,37687.5
candidate,2,mixed,65540,0,2,64,2516736,37687.5
candidate,2,mixed,65540,0,3,64,2516736,37718.8
candidate,2,mixed,65540,0,4,64,2516736,37687.5
candidate,2,mixed,65540,0,5,64,2516736,37890.6
candidate,2,mixed,65540,0,6,64,2516736,37687.5
candidate,2,mixed,65540,1,0,64,2516736,35375.0
candidate,2,mixed,65540,1,1,64,2516736,34890.6
candidate,2,mixed,65540,1,2,64,2516736,34562.5
candidate,2,mixed,65540,1,3,64,2516736,34250.0
candidate,2,mixed,65540,1,4,64,2516736,34718.8
candidate,2,mixed,65540,1,5,64,2516736,34562.5
candidate,2,mixed,65540,1,6,64,2516736,34875.0
candidate,2,late_escape,8,0,0,29127,174762,33.7
candidate,2,late_escape,8,0,1,29127,174762,33.7
candidate,2,late_escape,8,0,2,29127,174762,33.7
candidate,2,late_escape,8,0,3,29127,174762,33.7
candidate,2,late_escape,8,0,4,29127,174762,33.7
candidate,2,late_escape,8,0,5,29127,174762,33.8
candidate,2,late_escape,8,0,6,29127,174762,33.7
candidate,2,late_escape,8,1,0,29127,174762,34.2
candidate,2,late_escape,8,1,1,29127,174762,34.2
candidate,2,late_escape,8,1,2,29127,174762,34.2
candidate,2,late_escape,8,1,3,29127,174762,34.2
candidate,2,late_escape,8,1,4,29127,174762,34.2
candidate,2,late_escape,8,1,5,29127,174762,34.3
candidate,2,late_escape,8,1,6,29127,174762,34.2
candidate,2,late_escape,64,0,0,16384,1015808,46.8
candidate,2,late_escape,64,0,1,16384,1015808,47.0
candidate,2,late_escape,64,0,2,16384,1015808,46.9
candidate,2,late_escape,64,0,3,16384,1015808,46.9
candidate,2,late_escape,64,0,4,16384,1015808,47.1
candidate,2,late_escape,64,0,5,16384,1015808,46.9
candidate,2,late_escape,64,0,6,16384,1015808,46.8
candidate,2,late_escape,64,1,0,16384,1015808,47.3
candidate,2,late_escape,64,1,1,16384,1015808,47.4
candidate,2,late_escape,64,1,2,16384,1015808,47.2
candidate,2,late_escape,64,1,3,16384,1015808,47.5
candidate,2,late_escape,64,1,4,16384,1015808,47.2
candidate,2,late_escape,64,1,5,16384,1015808,47.2
candidate,2,late_escape,64,1,6,16384,1015808,47.4
candidate,2,late_escape,4096,0,0,504,2063376,160.7
candidate,2,late_escape,4096,0,1,504,2063376,160.7
candidate,2,late_escape,4096,0,2,504,2063376,160.7
candidate,2,late_escape,4096,0,3,504,2063376,160.7
candidate,2,late_escape,4096,0,4,504,2063376,160.7
candidate,2,late_escape,4096,0,5,504,2063376,160.7
candidate,2,late_escape,4096,0,6,504,2063376,158.7
candidate,2,late_escape,4096,1,0,504,2063376,204.4
candidate,2,late_escape,4096,1,1,504,2063376,204.4
candidate,2,late_escape,4096,1,2,504,2063376,206.3
candidate,2,late_escape,4096,1,3,504,2063376,206.3
candidate,2,late_escape,4096,1,4,504,2063376,206.3
candidate,2,late_escape,4096,1,5,504,2063376,206.3
candidate,2,late_escape,4096,1,6,504,2063376,206.3
candidate,2,late_escape,65536,0,0,64,4194176,1765.6
candidate,2,late_escape,65536,0,1,64,4194176,1734.4
candidate,2,late_escape,65536,0,2,64,4194176,1718.8
candidate,2,late_escape,65536,0,3,64,4194176,1703.1
candidate,2,late_escape,65536,0,4,64,4194176,1718.8
candidate,2,late_escape,65536,0,5,64,4194176,1718.8
candidate,2,late_escape,65536,0,6,64,4194176,1718.8
candidate,2,late_escape,65536,1,0,64,4194176,2437.5
candidate,2,late_escape,65536,1,1,64,4194176,2437.5
candidate,2,late_escape,65536,1,2,64,4194176,2437.5
candidate,2,late_escape,65536,1,3,64,4194176,2421.9
candidate,2,late_escape,65536,1,4,64,4194176,2421.9
candidate,2,late_escape,65536,1,5,64,4194176,2500.0
candidate,2,late_escape,65536,1,6,64,4194176,2500.0
baseline,3,plain,0,0,0,32768,0,16.0
baseline,3,plain,0,0,1,32768,0,16.0
baseline,3,plain,0,0,2,32768,0,16.0
baseline,3,plain,0,0,3,32768,0,15.9
baseline,3,plain,0,0,4,32768,0,15.9
baseline,3,plain,0,0,5,32768,0,15.9
baseline,3,plain,0,0,6,32768,0,15.9
baseline,3,plain,0,1,0,32768,0,15.9
baseline,3,plain,0,1,1,32768,0,15.9
baseline,3,plain,0,1,2,32768,0,15.9
baseline,3,plain,0,1,3,32768,0,15.9
baseline,3,plain,0,1,4,32768,0,16.0
baseline,3,plain,0,1,5,32768,0,15.9
baseline,3,plain,0,1,6,32768,0,15.9
baseline,3,plain,30,0,0,22310,669300,50.6
baseline,3,plain,30,0,1,22310,669300,50.5
baseline,3,plain,30,0,2,22310,669300,50.6
baseline,3,plain,30,0,3,22310,669300,50.6
baseline,3,plain,30,0,4,22310,669300,50.6
baseline,3,plain,30,0,5,22310,669300,50.6
baseline,3,plain,30,0,6,22310,669300,50.6
baseline,3,plain,30,1,0,22310,669300,51.8
baseline,3,plain,30,1,1,22310,669300,51.7
baseline,3,plain,30,1,2,22310,669300,51.7
baseline,3,plain,30,1,3,22310,669300,51.7
baseline,3,plain,30,1,4,22310,669300,51.7
baseline,3,plain,30,1,5,22310,669300,51.7
baseline,3,plain,30,1,6,22310,669300,51.7
baseline,3,plain,90,0,0,13617,1225530,98.6
baseline,3,plain,90,0,1,13617,1225530,98.6
baseline,3,plain,90,0,2,13617,1225530,98.6
baseline,3,plain,90,0,3,13617,1225530,98.9
baseline,3,plain,90,0,4,13617,1225530,98.6
baseline,3,plain,90,0,5,13617,1225530,98.6
baseline,3,plain,90,0,6,13617,1225530,98.6
baseline,3,plain,90,1,0,13617,1225530,100.9
baseline,3,plain,90,1,1,13617,1225530,101.0
baseline,3,plain,90,1,2,13617,1225530,100.8
baseline,3,plain,90,1,3,13617,1225530,100.9
baseline,3,plain,90,1,4,13617,1225530,100.8
baseline,3,plain,90,1,5,13617,1225530,100.8
baseline,3,plain,90,1,6,13617,1225530,100.8
baseline,3,plain,4110,0,0,502,2063220,2689.2
baseline,3,plain,4110,0,1,502,2063220,2685.3
baseline,3,plain,4110,0,2,502,2063220,2683.3
baseline,3,plain,4110,0,3,502,2063220,2681.3
baseline,3,plain,4110,0,4,502,2063220,2681.3
baseline,3,plain,4110,0,5,502,2063220,2685.3
baseline,3,plain,4110,0,6,502,2063220,2683.3
baseline,3,plain,4110,1,0,502,2063220,2846.6
baseline,3,plain,4110,1,1,502,2063220,2852.6
baseline,3,plain,4110,1,2,502,2063220,2848.6
baseline,3,plain,4110,1,3,502,2063220,2856.6
baseline,3,plain,4110,1,4,502,2063220,2860.6
baseline,3,plain,4110,1,5,502,2063220,2852.6
baseline,3,plain,4110,1,6,502,2063220,2850.6
baseline,3,plain,65550,0,0,64,4195200,41765.6
baseline,3,plain,65550,0,1,64,4195200,41953.1
baseline,3,plain,65550,0,2,64,4195200,41906.2
baseline,3,plain,65550,0,3,64,4195200,41921.9
baseline,3,plain,65550,0,4,64,4195200,41921.9
baseline,3,plain,65550,0,5,64,4195200,41921.9
baseline,3,plain,65550,0,6,64,4195200,41906.2
baseline,3,plain,65550,1,0,64,4195200,44515.6
baseline,3,plain,65550,1,1,64,4195200,44546.9
baseline,3,plain,65550,1,2,64,4195200,44546.9
baseline,3,plain,65550,1,3,64,4195200,44515.6
baseline,3,plain,65550,1,4,64,4195200,44546.9
baseline,3,plain,65550,1,5,64,4195200,44546.9
baseline,3,plain,65550,1,6,64,4195200,44515.6
baseline,3,sparse,53,0,0,17924,914124,65.4
baseline,3,sparse,53,0,1,17924,914124,65.4
baseline,3,sparse,53,0,2,17924,914124,65.6
baseline,3,sparse,53,0,3,17924,914124,65.5
baseline,3,sparse,53,0,4,17924,914124,65.4
baseline,3,sparse,53,0,5,17924,914124,65.4
baseline,3,sparse,53,0,6,17924,914124,66.1
baseline,3,sparse,53,1,0,17924,914124,66.9
baseline,3,sparse,53,1,1,17924,914124,66.9
baseline,3,sparse,53,1,2,17924,914124,66.9
baseline,3,sparse,53,1,3,17924,914124,67.5
baseline,3,sparse,53,1,4,17924,914124,66.9
baseline,3,sparse,53,1,5,17924,914124,67.0
baseline,3,sparse,53,1,6,17924,914124,66.9
baseline,3,sparse,106,0,0,12336,1258272,105.2
baseline,3,sparse,106,0,1,12336,1258272,106.0
baseline,3,sparse,106,0,2,12336,1258272,105.2
baseline,3,sparse,106,0,3,12336,1258272,105.2
baseline,3,sparse,106,0,4,12336,1258272,105.2
baseline,3,sparse,106,0,5,12336,1258272,105.5
baseline,3,sparse,106,0,6,12336,1258272,105.2
baseline,3,sparse,106,1,0,12336,1258272,108.8
baseline,3,sparse,106,1,1,12336,1258272,109.0
baseline,3,sparse,106,1,2,12336,1258272,109.0
baseline,3,sparse,106,1,3,12336,1258272,108.7
baseline,3,sparse,106,1,4,12336,1258272,113.8
baseline,3,sparse,106,1,5,12336,1258272,108.8
baseline,3,sparse,106,1,6,12336,1258272,109.2
baseline,3,sparse,4134,0,0,499,1985022,2663.3
baseline,3,sparse,4134,0,1,499,1985022,2661.3
baseline,3,sparse,4134,0,2,499,1985022,2663.3
baseline,3,sparse,4134,0,3,499,1985022,2661.3
baseline,3,sparse,4134,0,4,499,1985022,2661.3
baseline,3,sparse,4134,0,5,499,1985022,2661.3
baseline,3,sparse,4134,0,6,499,1985022,2669.3
baseline,3,sparse,4134,1,0,499,1985022,2789.6
baseline,3,sparse,4134,1,1,499,1985022,2787.6
baseline,3,sparse,4134,1,2,499,1985022,2797.6
baseline,3,sparse,4134,1,3,499,1985022,2797.6
baseline,3,sparse,4134,1,4,499,1985022,2789.6
baseline,3,sparse,4134,1,5,499,1985022,2787.6
baseline,3,sparse,4134,1,6,499,1985022,2787.6
baseline,3,sparse,65561,0,0,64,4037568,41515.6
baseline,3,sparse,65561,0,1,64,4037568,41562.5
baseline,3,sparse,65561,0,2,64,4037568,41500.0
baseline,3,sparse,65561,0,3,64,4037568,41515.6
baseline,3,sparse,65561,0,4,64,4037568,41515.6
baseline,3,sparse,65561,0,5,64,4037568,41546.9
baseline,3,sparse,65561,0,6,64,4037568,41500.0
baseline,3,sparse,65561,1,0,64,4037568,43421.9
baseline,3,sparse,65561,1,1,64,4037568,43390.6
baseline,3,sparse,65561,1,2,64,4037568,43593.8
baseline,3,sparse,65561,1,3,64,4037568,43421.9
baseline,3,sparse,65561,1,4,64,4037568,43375.0
baseline,3,sparse,65561,1,5,64,4037568,43390.6
baseline,3,sparse,65561,1,6,64,4037568,43390.6
baseline,3,dense,12,0,0,27594,110376,33.3
baseline,3,dense,12,0,1,27594,110376,33.2
baseline,3,dense,12,0,2,27594,110376,33.2
baseline,3,dense,12,0,3,27594,110376,33.2
baseline,3,dense,12,0,4,27594,110376,33.2
baseline,3,dense,12,0,5,27594,110376,33.3
baseline,3,dense,12,0,6,27594,110376,33.3
baseline,3,dense,12,1,0,27594,110376,33.1
baseline,3,dense,12,1,1,27594,110376,33.2
baseline,3,dense,12,1,2,27594,110376,33.2
baseline,3,dense,12,1,3,27594,110376,33.2
baseline,3,dense,12,1,4,27594,110376,33.2
baseline,3,dense,12,1,5,27594,110376,33.2
baseline,3,dense,12,1,6,27594,110376,33.2
baseline,3,dense,72,0,0,15420,370080,56.0
baseline,3,dense,72,0,1,15420,370080,56.0
baseline,3,dense,72,0,2,15420,370080,56.0
baseline,3,dense,72,0,3,15420,370080,56.0
baseline,3,dense,72,0,4,15420,370080,56.0
baseline,3,dense,72,0,5,15420,370080,56.0
baseline,3,dense,72,0,6,15420,370080,56.0
baseline,3,dense,72,1,0,15420,370080,59.8
baseline,3,dense,72,1,1,15420,370080,60.0
baseline,3,dense,72,1,2,15420,370080,59.9
baseline,3,dense,72,1,3,15420,370080,59.9
baseline,3,dense,72,1,4,15420,370080,59.9
baseline,3,dense,72,1,5,15420,370080,59.9
baseline,3,dense,72,1,6,15420,370080,59.9
baseline,3,dense,4104,0,0,503,688104,1524.9
baseline,3,dense,4104,0,1,503,688104,1530.8
baseline,3,dense,4104,0,2,503,688104,1524.9
baseline,3,dense,4104,0,3,503,688104,1524.9
baseline,3,dense,4104,0,4,503,688104,1524.9
baseline,3,dense,4104,0,5,503,688104,1524.9
baseline,3,dense,4104,0,6,503,688104,1528.8
baseline,3,dense,4104,1,0,503,688104,1801.2
baseline,3,dense,4104,1,1,503,688104,1801.2
baseline,3,dense,4104,1,2,503,688104,1801.2
baseline,3,dense,4104,1,3,503,688104,1803.2
baseline,3,dense,4104,1,4,503,688104,1801.2
baseline,3,dense,4104,1,5,503,688104,1801.2
baseline,3,dense,4104,1,6,503,688104,1803.2
baseline,3,dense,65544,0,0,64,1398272,23625.0
baseline,3,dense,65544,0,1,64,1398272,23625.0
baseline,3,dense,65544,0,2,64,1398272,23656.2
baseline,3,dense,65544,0,3,64,1398272,23625.0
baseline,3,dense,65544,0,4,64,1398272,23609.4
baseline,3,dense,65544,0,5,64,1398272,23640.6
baseline,3,dense,65544,0,6,64,1398272,23625.0
baseline,3,dense,65544,1,0,64,1398272,27953.1
baseline,3,dense,65544,1,1,64,1398272,28000.0
baseline,3,dense,65544,1,2,64,1398272,27984.4
baseline,3,dense,65544,1,3,64,1398272,27953.1
baseline,3,dense,65544,1,4,64,1398272,27984.4
baseline,3,dense,65544,1,5,64,1398272,27953.1
baseline,3,dense,65544,1,6,64,1398272,28046.9
baseline,3,plus,8,0,0,29127,233016,34.2
baseline,3,plus,8,0,1,29127,233016,34.2
baseline,3,plus,8,0,2,29127,233016,34.5
baseline,3,plus,8,0,3,29127,233016,34.2
baseline,3,plus,8,0,4,29127,233016,34.2
baseline,3,plus,8,0,5,29127,233016,34.3
baseline,3,plus,8,0,6,29127,233016,34.7
baseline,3,plus,8,1,0,29127,233016,34.9
baseline,3,plus,8,1,1,29127,233016,34.9
baseline,3,plus,8,1,2,29127,233016,35.3
baseline,3,plus,8,1,3,29127,233016,34.9
baseline,3,plus,8,1,4,29127,233016,34.9
baseline,3,plus,8,1,5,29127,233016,34.9
baseline,3,plus,8,1,6,29127,233016,34.9
baseline,3,plus,64,0,0,16384,1048576,79.4
baseline,3,plus,64,0,1,16384,1048576,79.0
baseline,3,plus,64,0,2,16384,1048576,79.2
baseline,3,plus,64,0,3,16384,1048576,79.0
baseline,3,plus,64,0,4,16384,1048576,79.0
baseline,3,plus,64,0,5,16384,1048576,79.2
baseline,3,plus,64,0,6,16384,1048576,79.2
baseline,3,plus,64,1,0,16384,1048576,76.7
baseline,3,plus,64,1,1,16384,1048576,76.7
baseline,3,plus,64,1,2,16384,1048576,76.9
baseline,3,plus,64,1,3,16384,1048576,76.8
baseline,3,plus,64,1,4,16384,1048576,76.7
baseline,3,plus,64,1,5,16384,1048576,77.1
baseline,3,plus,64,1,6,16384,1048576,76.7
baseline,3,plus,4096,0,0,504,2064384,2664.7
baseline,3,plus,4096,0,1,504,2064384,2662.7
baseline,3,plus,4096,0,2,504,2064384,2666.7
baseline,3,plus,4096,0,3,504,2064384,2668.7
baseline,3,plus,4096,0,4,504,2064384,2664.7
baseline,3,plus,4096,0,5,504,2064384,2664.7
baseline,3,plus,4096,0,6,504,2064384,2668.7
baseline,3,plus,4096,1,0,504,2064384,2994.0
baseline,3,plus,4096,1,1,504,2064384,2996.0
baseline,3,plus,4096,1,2,504,2064384,2998.0
baseline,3,plus,4096,1,3,504,2064384,3000.0
baseline,3,plus,4096,1,4,504,2064384,2994.0
baseline,3,plus,4096,1,5,504,2064384,2998.0
baseline,3,plus,4096,1,6,504,2064384,2994.0
baseline,3,plus,65536,0,0,64,4194304,41906.2
baseline,3,plus,65536,0,1,64,4194304,41921.9
baseline,3,plus,65536,0,2,64,4194304,41906.2
baseline,3,plus,65536,0,3,64,4194304,41906.2
baseline,3,plus,65536,0,4,64,4194304,41968.8
baseline,3,plus,65536,0,5,64,4194304,42000.0
baseline,3,plus,65536,0,6,64,4194304,41984.4
baseline,3,plus,65536,1,0,64,4194304,47203.1
baseline,3,plus,65536,1,1,64,4194304,47218.8
baseline,3,plus,65536,1,2,64,4194304,47140.6
baseline,3,plus,65536,1,3,64,4194304,47125.0
baseline,3,plus,65536,1,4,64,4194304,47171.9
baseline,3,plus,65536,1,5,64,4194304,47140.6
baseline,3,plus,65536,1,6,64,4194304,47109.4
baseline,3,mixed,10,0,0,28339,170034,33.9
baseline,3,mixed,10,0,1,28339,170034,33.9
baseline,3,mixed,10,0,2,28339,170034,33.9
baseline,3,mixed,10,0,3,28339,170034,33.9
baseline,3,mixed,10,0,4,28339,170034,34.0
baseline,3,mixed,10,0,5,28339,170034,33.9
baseline,3,mixed,10,0,6,28339,170034,33.9
baseline,3,mixed,10,1,0,28339,170034,35.0
baseline,3,mixed,10,1,1,28339,170034,34.3
baseline,3,mixed,10,1,2,28339,170034,34.2
baseline,3,mixed,10,1,3,28339,170034,34.2
baseline,3,mixed,10,1,4,28339,170034,34.2
baseline,3,mixed,10,1,5,28339,170034,34.2
baseline,3,mixed,10,1,6,28339,170034,33.9
baseline,3,mixed,70,0,0,15650,657300,69.0
baseline,3,mixed,70,0,1,15650,657300,69.1
baseline,3,mixed,70,0,2,15650,657300,69.0
baseline,3,mixed,70,0,3,15650,657300,69.1
baseline,3,mixed,70,0,4,15650,657300,69.1
baseline,3,mixed,70,0,5,15650,657300,69.1
baseline,3,mixed,70,0,6,15650,657300,69.1
baseline,3,mixed,70,1,0,15650,657300,69.3
baseline,3,mixed,70,1,1,15650,657300,69.4
baseline,3,mixed,70,1,2,15650,657300,69.3
baseline,3,mixed,70,1,3,15650,657300,69.3
baseline,3,mixed,70,1,4,15650,657300,69.5
baseline,3,mixed,70,1,5,15650,657300,69.5
baseline,3,mixed,70,1,6,15650,657300,69.4
baseline,3,mixed,4100,0,0,503,1237380,2399.6
baseline,3,mixed,4100,0,1,503,1237380,2399.6
baseline,3,mixed,4100,0,2,503,1237380,2399.6
baseline,3,mixed,4100,0,3,503,1237380,2399.6
baseline,3,mixed,4100,0,4,503,1237380,2399.6
baseline,3,mixed,4100,0,5,503,1237380,2399.6
baseline,3,mixed,4100,0,6,503,1237380,2399.6
baseline,3,mixed,4100,1,0,503,1237380,2411.5
baseline,3,mixed,4100,1,1,503,1237380,2407.6
baseline,3,mixed,4100,1,2,503,1237380,2407.6
baseline,3,mixed,4100,1,3,503,1237380,2407.6
baseline,3,mixed,4100,1,4,503,1237380,2409.5
baseline,3,mixed,4100,1,5,503,1237380,2429.4
baseline,3,mixed,4100,1,6,503,1237380,2409.5
baseline,3,mixed,65540,0,0,64,2516736,37687.5
baseline,3,mixed,65540,0,1,64,2516736,37875.0
baseline,3,mixed,65540,0,2,64,2516736,37765.6
baseline,3,mixed,65540,0,3,64,2516736,37703.1
baseline,3,mixed,65540,0,4,64,2516736,37671.9
baseline,3,mixed,65540,0,5,64,2516736,37718.8
baseline,3,mixed,65540,0,6,64,2516736,37718.8
baseline,3,mixed,65540,1,0,64,2516736,37687.5
baseline,3,mixed,65540,1,1,64,2516736,37687.5
baseline,3,mixed,65540,1,2,64,2516736,37734.4
baseline,3,mixed,65540,1,3,64,2516736,37734.4
baseline,3,mixed,65540,1,4,64,2516736,37718.8
baseline,3,mixed,65540,1,5,64,2516736,37703.1
baseline,3,mixed,65540,1,6,64,2516736,37687.5
baseline,3,late_escape,8,0,0,29127,174762,33.4
baseline,3,late_escape,8,0,1,29127,174762,33.4
baseline,3,late_escape,8,0,2,29127,174762,33.4
baseline,3,late_escape,8,0,3,29127,174762,33.4
baseline,3,late_escape,8,0,4,29127,174762,33.4
baseline,3,late_escape,8,0,5,29127,174762,33.4
baseline,3,late_escape,8,0,6,29127,174762,33.4
baseline,3,late_escape,8,1,0,29127,174762,34.0
baseline,3,late_escape,8,1,1,29127,174762,34.0
baseline,3,late_escape,8,1,2,29127,174762,34.0
baseline,3,late_escape,8,1,3,29127,174762,34.0
baseline,3,late_escape,8,1,4,29127,174762,34.1
baseline,3,late_escape,8,1,5,29127,174762,34.0
baseline,3,late_escape,8,1,6,29127,174762,34.1
baseline,3,late_escape,64,0,0,16384,1015808,79.7
baseline,3,late_escape,64,0,1,16384,1015808,79.8
baseline,3,late_escape,64,0,2,16384,1015808,79.7
baseline,3,late_escape,64,0,3,16384,1015808,79.9
baseline,3,late_escape,64,0,4,16384,1015808,79.8
baseline,3,late_escape,64,0,5,16384,1015808,79.9
baseline,3,late_escape,64,0,6,16384,1015808,80.0
baseline,3,late_escape,64,1,0,16384,1015808,81.6
baseline,3,late_escape,64,1,1,16384,1015808,81.6
baseline,3,late_escape,64,1,2,16384,1015808,81.6
baseline,3,late_escape,64,1,3,16384,1015808,82.3
baseline,3,late_escape,64,1,4,16384,1015808,81.9
baseline,3,late_escape,64,1,5,16384,1015808,81.6
baseline,3,late_escape,64,1,6,16384,1015808,81.7
baseline,3,late_escape,4096,0,0,504,2063376,2668.7
baseline,3,late_escape,4096,0,1,504,2063376,2688.5
baseline,3,late_escape,4096,0,2,504,2063376,2664.7
baseline,3,late_escape,4096,0,3,504,2063376,2668.7
baseline,3,late_escape,4096,0,4,504,2063376,2676.6
baseline,3,late_escape,4096,0,5,504,2063376,2668.7
baseline,3,late_escape,4096,0,6,504,2063376,2672.6
baseline,3,late_escape,4096,1,0,504,2063376,2835.3
baseline,3,late_escape,4096,1,1,504,2063376,2837.3
baseline,3,late_escape,4096,1,2,504,2063376,2849.2
baseline,3,late_escape,4096,1,3,504,2063376,2835.3
baseline,3,late_escape,4096,1,4,504,2063376,2839.3
baseline,3,late_escape,4096,1,5,504,2063376,2853.2
baseline,3,late_escape,4096,1,6,504,2063376,2837.3
baseline,3,late_escape,65536,0,0,64,4194176,41953.1
baseline,3,late_escape,65536,0,1,64,4194176,41906.2
baseline,3,late_escape,65536,0,2,64,4194176,41921.9
baseline,3,late_escape,65536,0,3,64,4194176,41906.2
baseline,3,late_escape,65536,0,4,64,4194176,41953.1
baseline,3,late_escape,65536,0,5,64,4194176,41875.0
baseline,3,late_escape,65536,0,6,64,4194176,41984.4
baseline,3,late_escape,65536,1,0,64,4194176,44546.9
baseline,3,late_escape,65536,1,1,64,4194176,44500.0
baseline,3,late_escape,65536,1,2,64,4194176,44515.6
baseline,3,late_escape,65536,1,3,64,4194176,44562.5
baseline,3,late_escape,65536,1,4,64,4194176,44703.1
baseline,3,late_escape,65536,1,5,64,4194176,44515.6
baseline,3,late_escape,65536,1,6,64,4194176,44515.6
