round,arm,input,input_bytes,form,trial,calls,output_bytes,ns_per_call
0,baseline,plain,0,0,0,32768,0,12.5
0,baseline,plain,0,0,1,32768,0,12.9
0,baseline,plain,0,0,2,32768,0,12.6
0,baseline,plain,0,0,3,32768,0,12.6
0,baseline,plain,0,0,4,32768,0,15.5
0,baseline,plain,0,0,5,32768,0,12.8
0,baseline,plain,0,0,6,32768,0,12.4
0,baseline,plain,0,1,0,32768,0,12.4
0,baseline,plain,0,1,1,32768,0,12.7
0,baseline,plain,0,1,2,32768,0,12.4
0,baseline,plain,0,1,3,32768,0,12.8
0,baseline,plain,0,1,4,32768,0,12.4
0,baseline,plain,0,1,5,32768,0,12.4
0,baseline,plain,0,1,6,32768,0,15.2
0,baseline,plain,30,0,0,22310,669300,43.9
0,baseline,plain,30,0,1,22310,669300,44.6
0,baseline,plain,30,0,2,22310,669300,44.6
0,baseline,plain,30,0,3,22310,669300,44.3
0,baseline,plain,30,0,4,22310,669300,44.0
0,baseline,plain,30,0,5,22310,669300,44.4
0,baseline,plain,30,0,6,22310,669300,44.5
0,baseline,plain,30,1,0,22310,669300,46.8
0,baseline,plain,30,1,1,22310,669300,46.0
0,baseline,plain,30,1,2,22310,669300,46.8
0,baseline,plain,30,1,3,22310,669300,47.4
0,baseline,plain,30,1,4,22310,669300,47.0
0,baseline,plain,30,1,5,22310,669300,46.5
0,baseline,plain,30,1,6,22310,669300,49.7
0,baseline,plain,90,0,0,13617,1225530,26.8
0,baseline,plain,90,0,1,13617,1225530,26.1
0,baseline,plain,90,0,2,13617,1225530,26.1
0,baseline,plain,90,0,3,13617,1225530,26.1
0,baseline,plain,90,0,4,13617,1225530,26.1
0,baseline,plain,90,0,5,13617,1225530,26.8
0,baseline,plain,90,0,6,13617,1225530,26.1
0,baseline,plain,90,1,0,13617,1225530,28.9
0,baseline,plain,90,1,1,13617,1225530,28.9
0,baseline,plain,90,1,2,13617,1225530,28.9
0,baseline,plain,90,1,3,13617,1225530,31.1
0,baseline,plain,90,1,4,13617,1225530,28.9
0,baseline,plain,90,1,5,13617,1225530,28.9
0,baseline,plain,90,1,6,13617,1225530,28.9
0,baseline,plain,4110,0,0,502,2063220,102.3
0,baseline,plain,4110,0,1,502,2063220,125.9
0,baseline,plain,4110,0,2,502,2063220,125.9
0,baseline,plain,4110,0,3,502,2063220,146.3
0,baseline,plain,4110,0,4,502,2063220,116.3
0,baseline,plain,4110,0,5,502,2063220,123.9
0,baseline,plain,4110,0,6,502,2063220,133.6
0,baseline,plain,4110,1,0,502,2063220,96.4
0,baseline,plain,4110,1,1,502,2063220,97.0
0,baseline,plain,4110,1,2,502,2063220,96.9
0,baseline,plain,4110,1,3,502,2063220,96.9
0,baseline,plain,4110,1,4,502,2063220,96.9
0,baseline,plain,4110,1,5,502,2063220,96.9
0,baseline,plain,4110,1,6,502,2063220,96.9
0,baseline,plain,65550,0,0,64,4195200,1244.1
0,baseline,plain,65550,0,1,64,4195200,1242.8
0,baseline,plain,65550,0,2,64,4195200,1244.1
0,baseline,plain,65550,0,3,64,4195200,1241.5
0,baseline,plain,65550,0,4,64,4195200,1242.4
0,baseline,plain,65550,0,5,64,4195200,1239.9
0,baseline,plain,65550,0,6,64,4195200,1240.2
0,baseline,plain,65550,1,0,64,4195200,1403.7
0,baseline,plain,65550,1,1,64,4195200,1405.6
0,baseline,plain,65550,1,2,64,4195200,1575.7
0,baseline,plain,65550,1,3,64,4195200,1404.9
0,baseline,plain,65550,1,4,64,4195200,1403.7
0,baseline,plain,65550,1,5,64,4195200,1404.1
0,baseline,plain,65550,1,6,64,4195200,1402.4
0,baseline,sparse,53,0,0,17924,914124,63.4
0,baseline,sparse,53,0,1,17924,914124,64.1
0,baseline,sparse,53,0,2,17924,914124,64.1
0,baseline,sparse,53,0,3,17924,914124,64.7
0,baseline,sparse,53,0,4,17924,914124,63.7
0,baseline,sparse,53,0,5,17924,914124,63.1
0,baseline,sparse,53,0,6,17924,914124,64.5
0,baseline,sparse,53,1,0,17924,914124,68.2
0,baseline,sparse,53,1,1,17924,914124,68.3
0,baseline,sparse,53,1,2,17924,914124,68.5
0,baseline,sparse,53,1,3,17924,914124,69.2
0,baseline,sparse,53,1,4,17924,914124,68.4
0,baseline,sparse,53,1,5,17924,914124,67.5
0,baseline,sparse,53,1,6,17924,914124,71.1
0,baseline,sparse,106,0,0,12336,1258272,90.2
0,baseline,sparse,106,0,1,12336,1258272,89.8
0,baseline,sparse,106,0,2,12336,1258272,88.8
0,baseline,sparse,106,0,3,12336,1258272,88.1
0,baseline,sparse,106,0,4,12336,1258272,90.4
0,baseline,sparse,106,0,5,12336,1258272,87.8
0,baseline,sparse,106,0,6,12336,1258272,87.7
0,baseline,sparse,106,1,0,12336,1258272,94.1
0,baseline,sparse,106,1,1,12336,1258272,95.7
0,baseline,sparse,106,1,2,12336,1258272,97.4
0,baseline,sparse,106,1,3,12336,1258272,95.8
0,baseline,sparse,106,1,4,12336,1258272,93.7
0,baseline,sparse,106,1,5,12336,1258272,93.1
0,baseline,sparse,106,1,6,12336,1258272,97.0
0,baseline,sparse,4134,0,0,499,1985022,3717.0
0,baseline,sparse,4134,0,1,499,1985022,3707.6
0,baseline,sparse,4134,0,2,499,1985022,3717.4
0,baseline,sparse,4134,0,3,499,1985022,3727.4
0,baseline,sparse,4134,0,4,499,1985022,3715.7
0,baseline,sparse,4134,0,5,499,1985022,3738.4
0,baseline,sparse,4134,0,6,499,1985022,3874.3
0,baseline,sparse,4134,1,0,499,1985022,3988.4
0,baseline,sparse,4134,1,1,499,1985022,3903.0
0,baseline,sparse,4134,1,2,499,1985022,3974.8
0,baseline,sparse,4134,1,3,499,1985022,3923.4
0,baseline,sparse,4134,1,4,499,1985022,3869.2
0,baseline,sparse,4134,1,5,499,1985022,3925.1
0,baseline,sparse,4134,1,6,499,1985022,3898.3
0,baseline,sparse,65561,0,0,64,4037568,61568.4
0,baseline,sparse,65561,0,1,64,4037568,60388.6
0,baseline,sparse,65561,0,2,64,4037568,61551.2
0,baseline,sparse,65561,0,3,64,4037568,60681.6
0,baseline,sparse,65561,0,4,64,4037568,60728.6
0,baseline,sparse,65561,0,5,64,4037568,60451.9
0,baseline,sparse,65561,0,6,64,4037568,61345.7
0,baseline,sparse,65561,1,0,64,4037568,62386.4
0,baseline,sparse,65561,1,1,64,4037568,61272.7
0,baseline,sparse,65561,1,2,64,4037568,62401.2
0,baseline,sparse,65561,1,3,64,4037568,61560.2
0,baseline,sparse,65561,1,4,64,4037568,62208.4
0,baseline,sparse,65561,1,5,64,4037568,61613.8
0,baseline,sparse,65561,1,6,64,4037568,62347.7
0,baseline,dense,12,0,0,27594,110376,23.2
0,baseline,dense,12,0,1,27594,110376,22.9
0,baseline,dense,12,0,2,27594,110376,22.7
0,baseline,dense,12,0,3,27594,110376,22.7
0,baseline,dense,12,0,4,27594,110376,23.3
0,baseline,dense,12,0,5,27594,110376,22.7
0,baseline,dense,12,0,6,27594,110376,22.8
0,baseline,dense,12,1,0,27594,110376,24.6
0,baseline,dense,12,1,1,27594,110376,24.1
0,baseline,dense,12,1,2,27594,110376,22.7
0,baseline,dense,12,1,3,27594,110376,22.7
0,baseline,dense,12,1,4,27594,110376,23.1
0,baseline,dense,12,1,5,27594,110376,22.8
0,baseline,dense,12,1,6,27594,110376,23.1
0,baseline,dense,72,0,0,15420,370080,46.0
0,baseline,dense,72,0,1,15420,370080,46.9
0,baseline,dense,72,0,2,15420,370080,45.7
0,baseline,dense,72,0,3,15420,370080,45.8
0,baseline,dense,72,0,4,15420,370080,46.0
0,baseline,dense,72,0,5,15420,370080,46.4
0,baseline,dense,72,0,6,15420,370080,47.0
0,baseline,dense,72,1,0,15420,370080,45.9
0,baseline,dense,72,1,1,15420,370080,46.8
0,baseline,dense,72,1,2,15420,370080,46.2
0,baseline,dense,72,1,3,15420,370080,46.8
0,baseline,dense,72,1,4,15420,370080,46.9
0,baseline,dense,72,1,5,15420,370080,46.1
0,baseline,dense,72,1,6,15420,370080,46.1
0,baseline,dense,4104,0,0,503,688104,1625.5
0,baseline,dense,4104,0,1,503,688104,1569.7
0,baseline,dense,4104,0,2,503,688104,1603.3
0,baseline,dense,4104,0,3,503,688104,1588.6
0,baseline,dense,4104,0,4,503,688104,1564.7
0,baseline,dense,4104,0,5,503,688104,1591.3
0,baseline,dense,4104,0,6,503,688104,1600.3
0,baseline,dense,4104,1,0,503,688104,1642.2
0,baseline,dense,4104,1,1,503,688104,1647.1
0,baseline,dense,4104,1,2,503,688104,1623.2
0,baseline,dense,4104,1,3,503,688104,1645.9
0,baseline,dense,4104,1,4,503,688104,1653.6
0,baseline,dense,4104,1,5,503,688104,1616.7
0,baseline,dense,4104,1,6,503,688104,1637.7
0,baseline,dense,65544,0,0,64,1398272,28773.4
0,baseline,dense,65544,0,1,64,1398272,25267.4
0,baseline,dense,65544,0,2,64,1398272,25110.1
0,baseline,dense,65544,0,3,64,1398272,25489.9
0,baseline,dense,65544,0,4,64,1398272,24988.8
0,baseline,dense,65544,0,5,64,1398272,30313.1
0,baseline,dense,65544,0,6,64,1398272,25382.8
0,baseline,dense,65544,1,0,64,1398272,26269.0
0,baseline,dense,65544,1,1,64,1398272,26659.7
0,baseline,dense,65544,1,2,64,1398272,26058.2
0,baseline,dense,65544,1,3,64,1398272,26238.0
0,baseline,dense,65544,1,4,64,1398272,25681.8
0,baseline,dense,65544,1,5,64,1398272,26716.6
0,baseline,dense,65544,1,6,64,1398272,26009.0
0,baseline,plus,8,0,0,29127,233016,25.6
0,baseline,plus,8,0,1,29127,233016,25.6
0,baseline,plus,8,0,2,29127,233016,26.5
0,baseline,plus,8,0,3,29127,233016,25.6
0,baseline,plus,8,0,4,29127,233016,25.2
0,baseline,plus,8,0,5,29127,233016,25.5
0,baseline,plus,8,0,6,29127,233016,25.2
0,baseline,plus,8,1,0,29127,233016,25.4
0,baseline,plus,8,1,1,29127,233016,26.6
0,baseline,plus,8,1,2,29127,233016,26.0
0,baseline,plus,8,1,3,29127,233016,29.4
0,baseline,plus,8,1,4,29127,233016,26.2
0,baseline,plus,8,1,5,29127,233016,26.2
0,baseline,plus,8,1,6,29127,233016,26.3
0,baseline,plus,64,0,0,16384,1048576,25.2
0,baseline,plus,64,0,1,16384,1048576,25.2
0,baseline,plus,64,0,2,16384,1048576,25.6
0,baseline,plus,64,0,3,16384,1048576,25.1
0,baseline,plus,64,0,4,16384,1048576,25.8
0,baseline,plus,64,0,5,16384,1048576,25.2
0,baseline,plus,64,0,6,16384,1048576,25.3
0,baseline,plus,64,1,0,16384,1048576,77.0
0,baseline,plus,64,1,1,16384,1048576,76.1
0,baseline,plus,64,1,2,16384,1048576,78.7
0,baseline,plus,64,1,3,16384,1048576,79.0
0,baseline,plus,64,1,4,16384,1048576,77.1
0,baseline,plus,64,1,5,16384,1048576,79.6
0,baseline,plus,64,1,6,16384,1048576,80.8
0,baseline,plus,4096,0,0,504,2064384,77.1
0,baseline,plus,4096,0,1,504,2064384,77.6
0,baseline,plus,4096,0,2,504,2064384,77.6
0,baseline,plus,4096,0,3,504,2064384,77.8
0,baseline,plus,4096,0,4,504,2064384,77.8
0,baseline,plus,4096,0,5,504,2064384,91.8
0,baseline,plus,4096,0,6,504,2064384,77.6
0,baseline,plus,4096,1,0,504,2064384,3787.1
0,baseline,plus,4096,1,1,504,2064384,3844.0
0,baseline,plus,4096,1,2,504,2064384,3800.9
0,baseline,plus,4096,1,3,504,2064384,3881.6
0,baseline,plus,4096,1,4,504,2064384,3806.3
0,baseline,plus,4096,1,5,504,2064384,3800.4
0,baseline,plus,4096,1,6,504,2064384,3933.6
0,baseline,plus,65536,0,0,64,4194304,1217.1
0,baseline,plus,65536,0,1,64,4194304,1216.6
0,baseline,plus,65536,0,2,64,4194304,1215.5
0,baseline,plus,65536,0,3,64,4194304,1381.8
0,baseline,plus,65536,0,4,64,4194304,1216.2
0,baseline,plus,65536,0,5,64,4194304,1214.9
0,baseline,plus,65536,0,6,64,4194304,1217.6
0,baseline,plus,65536,1,0,64,4194304,60761.7
0,baseline,plus,65536,1,1,64,4194304,60811.2
0,baseline,plus,65536,1,2,64,4194304,61521.5
0,baseline,plus,65536,1,3,64,4194304,61249.8
0,baseline,plus,65536,1,4,64,4194304,60783.1
0,baseline,plus,65536,1,5,64,4194304,61307.2
0,baseline,plus,65536,1,6,64,4194304,60692.4
0,baseline,mixed,10,0,0,28339,170034,25.5
0,baseline,mixed,10,0,1,28339,170034,24.0
0,baseline,mixed,10,0,2,28339,170034,24.3
0,baseline,mixed,10,0,3,28339,170034,23.7
0,baseline,mixed,10,0,4,28339,170034,23.8
0,baseline,mixed,10,0,5,28339,170034,24.1
0,baseline,mixed,10,0,6,28339,170034,23.8
0,baseline,mixed,10,1,0,28339,170034,25.2
0,baseline,mixed,10,1,1,28339,170034,24.8
0,baseline,mixed,10,1,2,28339,170034,24.7
0,baseline,mixed,10,1,3,28339,170034,24.6
0,baseline,mixed,10,1,4,28339,170034,24.9
0,baseline,mixed,10,1,5,28339,170034,25.3
0,baseline,mixed,10,1,6,28339,170034,25.1
0,baseline,mixed,70,0,0,15650,657300,59.8
0,baseline,mixed,70,0,1,15650,657300,63.9
0,baseline,mixed,70,0,2,15650,657300,60.6
0,baseline,mixed,70,0,3,15650,657300,62.2
0,baseline,mixed,70,0,4,15650,657300,59.7
0,baseline,mixed,70,0,5,15650,657300,61.7
0,baseline,mixed,70,0,6,15650,657300,61.0
0,baseline,mixed,70,1,0,15650,657300,62.1
0,baseline,mixed,70,1,1,15650,657300,60.6
0,baseline,mixed,70,1,2,15650,657300,60.9
0,baseline,mixed,70,1,3,15650,657300,63.0
0,baseline,mixed,70,1,4,15650,657300,65.0
0,baseline,mixed,70,1,5,15650,657300,63.0
0,baseline,mixed,70,1,6,15650,657300,61.9
0,baseline,mixed,4100,0,0,503,1237380,2480.8
0,baseline,mixed,4100,0,1,503,1237380,2493.1
0,baseline,mixed,4100,0,2,503,1237380,2553.9
0,baseline,mixed,4100,0,3,503,1237380,2560.7
0,baseline,mixed,4100,0,4,503,1237380,2529.8
0,baseline,mixed,4100,0,5,503,1237380,2521.7
0,baseline,mixed,4100,0,6,503,1237380,2521.5
0,baseline,mixed,4100,1,0,503,1237380,2560.2
0,baseline,mixed,4100,1,1,503,1237380,2541.5
0,baseline,mixed,4100,1,2,503,1237380,2517.9
0,baseline,mixed,4100,1,3,503,1237380,2549.4
0,baseline,mixed,4100,1,4,503,1237380,2546.3
0,baseline,mixed,4100,1,5,503,1237380,2549.6
0,baseline,mixed,4100,1,6,503,1237380,2654.4
0,baseline,mixed,65540,0,0,64,2516736,39443.2
0,baseline,mixed,65540,0,1,64,2516736,40205.6
0,baseline,mixed,65540,0,2,64,2516736,39454.5
0,baseline,mixed,65540,0,3,64,2516736,39254.3
0,baseline,mixed,65540,0,4,64,2516736,39250.9
0,baseline,mixed,65540,0,5,64,2516736,39416.2
0,baseline,mixed,65540,0,6,64,2516736,39697.5
0,baseline,mixed,65540,1,0,64,2516736,41969.2
0,baseline,mixed,65540,1,1,64,2516736,42674.4
0,baseline,mixed,65540,1,2,64,2516736,44226.3
0,baseline,mixed,65540,1,3,64,2516736,41110.5
0,baseline,mixed,65540,1,4,64,2516736,40495.3
0,baseline,mixed,65540,1,5,64,2516736,41135.8
0,baseline,mixed,65540,1,6,64,2516736,40982.4
0,baseline,late_escape,8,0,0,29127,174762,23.6
0,baseline,late_escape,8,0,1,29127,174762,23.6
0,baseline,late_escape,8,0,2,29127,174762,25.1
0,baseline,late_escape,8,0,3,29127,174762,23.6
0,baseline,late_escape,8,0,4,29127,174762,23.3
0,baseline,late_escape,8,0,5,29127,174762,23.7
0,baseline,late_escape,8,0,6,29127,174762,23.7
0,baseline,late_escape,8,1,0,29127,174762,23.6
0,baseline,late_escape,8,1,1,29127,174762,23.8
0,baseline,late_escape,8,1,2,29127,174762,23.6
0,baseline,late_escape,8,1,3,29127,174762,23.4
0,baseline,late_escape,8,1,4,29127,174762,23.8
0,baseline,late_escape,8,1,5,29127,174762,23.5
0,baseline,late_escape,8,1,6,29127,174762,24.1
0,baseline,late_escape,64,0,0,16384,1015808,32.8
0,baseline,late_escape,64,0,1,16384,1015808,36.9
0,baseline,late_escape,64,0,2,16384,1015808,32.9
0,baseline,late_escape,64,0,3,16384,1015808,32.7
0,baseline,late_escape,64,0,4,16384,1015808,32.7
0,baseline,late_escape,64,0,5,16384,1015808,33.4
0,baseline,late_escape,64,0,6,16384,1015808,32.8
0,baseline,late_escape,64,1,0,16384,1015808,34.1
0,baseline,late_escape,64,1,1,16384,1015808,35.3
0,baseline,late_escape,64,1,2,16384,1015808,34.2
0,baseline,late_escape,64,1,3,16384,1015808,34.2
0,baseline,late_escape,64,1,4,16384,1015808,34.3
0,baseline,late_escape,64,1,5,16384,1015808,35.5
0,baseline,late_escape,64,1,6,16384,1015808,34.6
0,baseline,late_escape,4096,0,0,504,2063376,83.9
0,baseline,late_escape,4096,0,1,504,2063376,83.7
0,baseline,late_escape,4096,0,2,504,2063376,83.9
0,baseline,late_escape,4096,0,3,504,2063376,83.3
0,baseline,late_escape,4096,0,4,504,2063376,83.9
0,baseline,late_escape,4096,0,5,504,2063376,104.2
0,baseline,late_escape,4096,0,6,504,2063376,84.0
0,baseline,late_escape,4096,1,0,504,2063376,99.2
0,baseline,late_escape,4096,1,1,504,2063376,99.3
0,baseline,late_escape,4096,1,2,504,2063376,99.2
0,baseline,late_escape,4096,1,3,504,2063376,119.8
0,baseline,late_escape,4096,1,4,504,2063376,99.9
0,baseline,late_escape,4096,1,5,504,2063376,99.8
0,baseline,late_escape,4096,1,6,504,2063376,99.8
0,baseline,late_escape,65536,0,0,64,4194176,1352.9
0,baseline,late_escape,65536,0,1,64,4194176,1226.3
0,baseline,late_escape,65536,0,2,64,4194176,1228.4
0,baseline,late_escape,65536,0,3,64,4194176,1225.5
0,baseline,late_escape,65536,0,4,64,4194176,1224.8
0,baseline,late_escape,65536,0,5,64,4194176,1225.1
0,baseline,late_escape,65536,0,6,64,4194176,1226.3
0,baseline,late_escape,65536,1,0,64,4194176,1368.7
0,baseline,late_escape,65536,1,1,64,4194176,1366.3
0,baseline,late_escape,65536,1,2,64,4194176,1367.3
0,baseline,late_escape,65536,1,3,64,4194176,1365.1
0,baseline,late_escape,65536,1,4,64,4194176,1365.1
0,baseline,late_escape,65536,1,5,64,4194176,1364.1
0,baseline,late_escape,65536,1,6,64,4194176,1363.5
0,baseline,early_escape,8,0,0,29127,174762,23.7
0,baseline,early_escape,8,0,1,29127,174762,24.0
0,baseline,early_escape,8,0,2,29127,174762,24.3
0,baseline,early_escape,8,0,3,29127,174762,24.2
0,baseline,early_escape,8,0,4,29127,174762,23.8
0,baseline,early_escape,8,0,5,29127,174762,24.2
0,baseline,early_escape,8,0,6,29127,174762,23.8
0,baseline,early_escape,8,1,0,29127,174762,23.4
0,baseline,early_escape,8,1,1,29127,174762,25.0
0,baseline,early_escape,8,1,2,29127,174762,23.9
0,baseline,early_escape,8,1,3,29127,174762,23.6
0,baseline,early_escape,8,1,4,29127,174762,24.7
0,baseline,early_escape,8,1,5,29127,174762,24.4
0,baseline,early_escape,8,1,6,29127,174762,24.4
0,baseline,early_escape,64,0,0,16384,1015808,75.7
0,baseline,early_escape,64,0,1,16384,1015808,74.6
0,baseline,early_escape,64,0,2,16384,1015808,73.8
0,baseline,early_escape,64,0,3,16384,1015808,74.9
0,baseline,early_escape,64,0,4,16384,1015808,74.2
0,baseline,early_escape,64,0,5,16384,1015808,74.2
0,baseline,early_escape,64,0,6,16384,1015808,77.8
0,baseline,early_escape,64,1,0,16384,1015808,79.5
0,baseline,early_escape,64,1,1,16384,1015808,76.0
0,baseline,early_escape,64,1,2,16384,1015808,77.7
0,baseline,early_escape,64,1,3,16384,1015808,80.3
0,baseline,early_escape,64,1,4,16384,1015808,76.9
0,baseline,early_escape,64,1,5,16384,1015808,83.5
0,baseline,early_escape,64,1,6,16384,1015808,85.5
0,baseline,early_escape,4096,0,0,504,2063376,3813.2
0,baseline,early_escape,4096,0,1,504,2063376,3820.7
0,baseline,early_escape,4096,0,2,504,2063376,3888.7
0,baseline,early_escape,4096,0,3,504,2063376,3829.9
0,baseline,early_escape,4096,0,4,504,2063376,4023.3
0,baseline,early_escape,4096,0,5,504,2063376,3994.5
0,baseline,early_escape,4096,0,6,504,2063376,3840.5
0,baseline,early_escape,4096,1,0,504,2063376,3921.7
0,baseline,early_escape,4096,1,1,504,2063376,4025.8
0,baseline,early_escape,4096,1,2,504,2063376,4631.5
0,baseline,early_escape,4096,1,3,504,2063376,4279.7
0,baseline,early_escape,4096,1,4,504,2063376,3946.2
0,baseline,early_escape,4096,1,5,504,2063376,3970.2
0,baseline,early_escape,4096,1,6,504,2063376,3919.1
0,baseline,early_escape,65536,0,0,64,4194176,61274.3
0,baseline,early_escape,65536,0,1,64,4194176,60868.2
0,baseline,early_escape,65536,0,2,64,4194176,60666.0
0,baseline,early_escape,65536,0,3,64,4194176,61501.1
0,baseline,early_escape,65536,0,4,64,4194176,62465.6
0,baseline,early_escape,65536,0,5,64,4194176,60722.7
0,baseline,early_escape,65536,0,6,64,4194176,60400.4
0,baseline,early_escape,65536,1,0,64,4194176,62138.8
0,baseline,early_escape,65536,1,1,64,4194176,62363.3
0,baseline,early_escape,65536,1,2,64,4194176,63492.5
0,baseline,early_escape,65536,1,3,64,4194176,63292.6
0,baseline,early_escape,65536,1,4,64,4194176,62804.1
0,baseline,early_escape,65536,1,5,64,4194176,62850.4
0,baseline,early_escape,65536,1,6,64,4194176,62335.5
0,baseline,repeated_runs,8,0,0,29127,174762,24.3
0,baseline,repeated_runs,8,0,1,29127,174762,23.2
0,baseline,repeated_runs,8,0,2,29127,174762,24.0
0,baseline,repeated_runs,8,0,3,29127,174762,24.0
0,baseline,repeated_runs,8,0,4,29127,174762,23.6
0,baseline,repeated_runs,8,0,5,29127,174762,23.6
0,baseline,repeated_runs,8,0,6,29127,174762,24.1
0,baseline,repeated_runs,8,1,0,29127,174762,24.3
0,baseline,repeated_runs,8,1,1,29127,174762,24.3
0,baseline,repeated_runs,8,1,2,29127,174762,24.3
0,baseline,repeated_runs,8,1,3,29127,174762,23.6
0,baseline,repeated_runs,8,1,4,29127,174762,24.1
0,baseline,repeated_runs,8,1,5,29127,174762,23.9
0,baseline,repeated_runs,8,1,6,29127,174762,23.6
0,baseline,repeated_runs,64,0,0,16384,1015808,76.5
0,baseline,repeated_runs,64,0,1,16384,1015808,74.2
0,baseline,repeated_runs,64,0,2,16384,1015808,75.0
0,baseline,repeated_runs,64,0,3,16384,1015808,76.1
0,baseline,repeated_runs,64,0,4,16384,1015808,75.1
0,baseline,repeated_runs,64,0,5,16384,1015808,73.6
0,baseline,repeated_runs,64,0,6,16384,1015808,75.5
0,baseline,repeated_runs,64,1,0,16384,1015808,77.1
0,baseline,repeated_runs,64,1,1,16384,1015808,77.8
0,baseline,repeated_runs,64,1,2,16384,1015808,77.4
0,baseline,repeated_runs,64,1,3,16384,1015808,85.4
0,baseline,repeated_runs,64,1,4,16384,1015808,80.7
0,baseline,repeated_runs,64,1,5,16384,1015808,77.0
0,baseline,repeated_runs,64,1,6,16384,1015808,78.9
0,baseline,repeated_runs,4096,0,0,504,2048256,3896.3
0,baseline,repeated_runs,4096,0,1,504,2048256,3918.4
0,baseline,repeated_runs,4096,0,2,504,2048256,3961.7
0,baseline,repeated_runs,4096,0,3,504,2048256,3981.6
0,baseline,repeated_runs,4096,0,4,504,2048256,3934.6
0,baseline,repeated_runs,4096,0,5,504,2048256,3988.2
0,baseline,repeated_runs,4096,0,6,504,2048256,3938.9
0,baseline,repeated_runs,4096,1,0,504,2048256,3924.5
0,baseline,repeated_runs,4096,1,1,504,2048256,3914.5
0,baseline,repeated_runs,4096,1,2,504,2048256,3922.5
0,baseline,repeated_runs,4096,1,3,504,2048256,3934.6
0,baseline,repeated_runs,4096,1,4,504,2048256,3932.9
0,baseline,repeated_runs,4096,1,5,504,2048256,3887.4
0,baseline,repeated_runs,4096,1,6,504,2048256,3954.3
0,baseline,repeated_runs,65536,0,0,64,4161536,59687.5
0,baseline,repeated_runs,65536,0,1,64,4161536,60656.5
0,baseline,repeated_runs,65536,0,2,64,4161536,61400.9
0,baseline,repeated_runs,65536,0,3,64,4161536,59561.7
0,baseline,repeated_runs,65536,0,4,64,4161536,59830.0
0,baseline,repeated_runs,65536,0,5,64,4161536,60763.5
0,baseline,repeated_runs,65536,0,6,64,4161536,60337.6
0,baseline,repeated_runs,65536,1,0,64,4161536,61397.6
0,baseline,repeated_runs,65536,1,1,64,4161536,63730.3
0,baseline,repeated_runs,65536,1,2,64,4161536,64217.3
0,baseline,repeated_runs,65536,1,3,64,4161536,61616.2
0,baseline,repeated_runs,65536,1,4,64,4161536,61470.9
0,baseline,repeated_runs,65536,1,5,64,4161536,63198.1
0,baseline,repeated_runs,65536,1,6,64,4161536,66841.5
1,candidate,plain,0,0,0,32768,0,12.8
1,candidate,plain,0,0,1,32768,0,14.6
1,candidate,plain,0,0,2,32768,0,12.8
1,candidate,plain,0,0,3,32768,0,13.3
1,candidate,plain,0,0,4,32768,0,13.7
1,candidate,plain,0,0,5,32768,0,15.6
1,candidate,plain,0,0,6,32768,0,12.9
1,candidate,plain,0,1,0,32768,0,12.8
1,candidate,plain,0,1,1,32768,0,12.8
1,candidate,plain,0,1,2,32768,0,13.1
1,candidate,plain,0,1,3,32768,0,13.7
1,candidate,plain,0,1,4,32768,0,12.8
1,candidate,plain,0,1,5,32768,0,16.3
1,candidate,plain,0,1,6,32768,0,13.1
1,candidate,plain,30,0,0,22310,669300,46.4
1,candidate,plain,30,0,1,22310,669300,47.9
1,candidate,plain,30,0,2,22310,669300,50.0
1,candidate,plain,30,0,3,22310,669300,48.0
1,candidate,plain,30,0,4,22310,669300,46.8
1,candidate,plain,30,0,5,22310,669300,47.2
1,candidate,plain,30,0,6,22310,669300,46.5
1,candidate,plain,30,1,0,22310,669300,55.3
1,candidate,plain,30,1,1,22310,669300,51.7
1,candidate,plain,30,1,2,22310,669300,51.3
1,candidate,plain,30,1,3,22310,669300,52.4
1,candidate,plain,30,1,4,22310,669300,51.5
1,candidate,plain,30,1,5,22310,669300,52.1
1,candidate,plain,30,1,6,22310,669300,51.8
1,candidate,plain,90,0,0,13617,1225530,27.0
1,candidate,plain,90,0,1,13617,1225530,31.3
1,candidate,plain,90,0,2,13617,1225530,28.1
1,candidate,plain,90,0,3,13617,1225530,26.7
1,candidate,plain,90,0,4,13617,1225530,27.8
1,candidate,plain,90,0,5,13617,1225530,27.4
1,candidate,plain,90,0,6,13617,1225530,29.7
1,candidate,plain,90,1,0,13617,1225530,29.8
1,candidate,plain,90,1,1,13617,1225530,30.7
1,candidate,plain,90,1,2,13617,1225530,29.8
1,candidate,plain,90,1,3,13617,1225530,30.6
1,candidate,plain,90,1,4,13617,1225530,30.5
1,candidate,plain,90,1,5,13617,1225530,29.8
1,candidate,plain,90,1,6,13617,1225530,29.8
1,candidate,plain,4110,0,0,502,2063220,79.1
1,candidate,plain,4110,0,1,502,2063220,78.8
1,candidate,plain,4110,0,2,502,2063220,79.0
1,candidate,plain,4110,0,3,502,2063220,78.8
1,candidate,plain,4110,0,4,502,2063220,78.6
1,candidate,plain,4110,0,5,502,2063220,78.6
1,candidate,plain,4110,0,6,502,2063220,78.6
1,candidate,plain,4110,1,0,502,2063220,94.9
1,candidate,plain,4110,1,1,502,2063220,95.0
1,candidate,plain,4110,1,2,502,2063220,95.0
1,candidate,plain,4110,1,3,502,2063220,94.8
1,candidate,plain,4110,1,4,502,2063220,94.8
1,candidate,plain,4110,1,5,502,2063220,94.9
1,candidate,plain,4110,1,6,502,2063220,95.0
1,candidate,plain,65550,0,0,64,4195200,1249.1
1,candidate,plain,65550,0,1,64,4195200,1244.9
1,candidate,plain,65550,0,2,64,4195200,1241.3
1,candidate,plain,65550,0,3,64,4195200,1242.3
1,candidate,plain,65550,0,4,64,4195200,1242.9
1,candidate,plain,65550,0,5,64,4195200,1240.1
1,candidate,plain,65550,0,6,64,4195200,1241.8
1,candidate,plain,65550,1,0,64,4195200,1405.7
1,candidate,plain,65550,1,1,64,4195200,1403.5
1,candidate,plain,65550,1,2,64,4195200,1402.8
1,candidate,plain,65550,1,3,64,4195200,1401.7
1,candidate,plain,65550,1,4,64,4195200,2195.2
1,candidate,plain,65550,1,5,64,4195200,1412.0
1,candidate,plain,65550,1,6,64,4195200,1408.7
1,candidate,sparse,53,0,0,17924,914124,66.5
1,candidate,sparse,53,0,1,17924,914124,68.5
1,candidate,sparse,53,0,2,17924,914124,70.3
1,candidate,sparse,53,0,3,17924,914124,70.3
1,candidate,sparse,53,0,4,17924,914124,67.5
1,candidate,sparse,53,0,5,17924,914124,67.7
1,candidate,sparse,53,0,6,17924,914124,68.4
1,candidate,sparse,53,1,0,17924,914124,76.0
1,candidate,sparse,53,1,1,17924,914124,75.7
1,candidate,sparse,53,1,2,17924,914124,75.5
1,candidate,sparse,53,1,3,17924,914124,74.8
1,candidate,sparse,53,1,4,17924,914124,74.0
1,candidate,sparse,53,1,5,17924,914124,75.6
1,candidate,sparse,53,1,6,17924,914124,74.9
1,candidate,sparse,106,0,0,12336,1258272,98.2
1,candidate,sparse,106,0,1,12336,1258272,100.6
1,candidate,sparse,106,0,2,12336,1258272,96.4
1,candidate,sparse,106,0,3,12336,1258272,110.1
1,candidate,sparse,106,0,4,12336,1258272,93.9
1,candidate,sparse,106,0,5,12336,1258272,92.4
1,candidate,sparse,106,0,6,12336,1258272,91.5
1,candidate,sparse,106,1,0,12336,1258272,100.1
1,candidate,sparse,106,1,1,12336,1258272,101.7
1,candidate,sparse,106,1,2,12336,1258272,99.7
1,candidate,sparse,106,1,3,12336,1258272,99.2
1,candidate,sparse,106,1,4,12336,1258272,101.6
1,candidate,sparse,106,1,5,12336,1258272,100.1
1,candidate,sparse,106,1,6,12336,1258272,100.3
1,candidate,sparse,4134,0,0,499,1985022,1778.5
1,candidate,sparse,4134,0,1,499,1985022,1776.2
1,candidate,sparse,4134,0,2,499,1985022,1887.7
1,candidate,sparse,4134,0,3,499,1985022,1815.6
1,candidate,sparse,4134,0,4,499,1985022,1889.6
1,candidate,sparse,4134,0,5,499,1985022,1862.0
1,candidate,sparse,4134,0,6,499,1985022,1758.7
1,candidate,sparse,4134,1,0,499,1985022,2916.8
1,candidate,sparse,4134,1,1,499,1985022,2960.9
1,candidate,sparse,4134,1,2,499,1985022,3092.0
1,candidate,sparse,4134,1,3,499,1985022,3066.5
1,candidate,sparse,4134,1,4,499,1985022,2946.6
1,candidate,sparse,4134,1,5,499,1985022,2964.3
1,candidate,sparse,4134,1,6,499,1985022,2905.6
1,candidate,sparse,65561,0,0,64,4037568,27333.4
1,candidate,sparse,65561,0,1,64,4037568,27919.8
1,candidate,sparse,65561,0,2,64,4037568,27611.2
1,candidate,sparse,65561,0,3,64,4037568,26777.4
1,candidate,sparse,65561,0,4,64,4037568,27148.2
1,candidate,sparse,65561,0,5,64,4037568,26737.7
1,candidate,sparse,65561,0,6,64,4037568,27187.6
1,candidate,sparse,65561,1,0,64,4037568,45518.1
1,candidate,sparse,65561,1,1,64,4037568,46025.5
1,candidate,sparse,65561,1,2,64,4037568,45477.2
1,candidate,sparse,65561,1,3,64,4037568,45349.7
1,candidate,sparse,65561,1,4,64,4037568,46134.9
1,candidate,sparse,65561,1,5,64,4037568,45264.7
1,candidate,sparse,65561,1,6,64,4037568,47459.2
1,candidate,dense,12,0,0,27594,110376,23.4
1,candidate,dense,12,0,1,27594,110376,24.0
1,candidate,dense,12,0,2,27594,110376,24.2
1,candidate,dense,12,0,3,27594,110376,24.7
1,candidate,dense,12,0,4,27594,110376,24.0
1,candidate,dense,12,0,5,27594,110376,23.8
1,candidate,dense,12,0,6,27594,110376,25.3
1,candidate,dense,12,1,0,27594,110376,23.4
1,candidate,dense,12,1,1,27594,110376,23.8
1,candidate,dense,12,1,2,27594,110376,23.8
1,candidate,dense,12,1,3,27594,110376,23.6
1,candidate,dense,12,1,4,27594,110376,25.2
1,candidate,dense,12,1,5,27594,110376,24.4
1,candidate,dense,12,1,6,27594,110376,26.0
1,candidate,dense,72,0,0,15420,370080,48.3
1,candidate,dense,72,0,1,15420,370080,49.0
1,candidate,dense,72,0,2,15420,370080,48.1
1,candidate,dense,72,0,3,15420,370080,46.1
1,candidate,dense,72,0,4,15420,370080,46.1
1,candidate,dense,72,0,5,15420,370080,47.0
1,candidate,dense,72,0,6,15420,370080,49.5
1,candidate,dense,72,1,0,15420,370080,47.3
1,candidate,dense,72,1,1,15420,370080,48.0
1,candidate,dense,72,1,2,15420,370080,48.0
1,candidate,dense,72,1,3,15420,370080,48.6
1,candidate,dense,72,1,4,15420,370080,47.8
1,candidate,dense,72,1,5,15420,370080,49.5
1,candidate,dense,72,1,6,15420,370080,47.8
1,candidate,dense,4104,0,0,503,688104,1707.2
1,candidate,dense,4104,0,1,503,688104,1641.4
1,candidate,dense,4104,0,2,503,688104,1617.2
1,candidate,dense,4104,0,3,503,688104,1647.6
1,candidate,dense,4104,0,4,503,688104,1711.3
1,candidate,dense,4104,0,5,503,688104,1622.2
1,candidate,dense,4104,0,6,503,688104,1631.4
1,candidate,dense,4104,1,0,503,688104,1648.8
1,candidate,dense,4104,1,1,503,688104,1687.6
1,candidate,dense,4104,1,2,503,688104,1655.4
1,candidate,dense,4104,1,3,503,688104,1755.0
1,candidate,dense,4104,1,4,503,688104,1644.0
1,candidate,dense,4104,1,5,503,688104,2201.0
1,candidate,dense,4104,1,6,503,688104,2080.0
1,candidate,dense,65544,0,0,64,1398272,26580.7
1,candidate,dense,65544,0,1,64,1398272,27547.0
1,candidate,dense,65544,0,2,64,1398272,26340.2
1,candidate,dense,65544,0,3,64,1398272,27492.3
1,candidate,dense,65544,0,4,64,1398272,26923.3
1,candidate,dense,65544,0,5,64,1398272,26682.1
1,candidate,dense,65544,0,6,64,1398272,26517.7
1,candidate,dense,65544,1,0,64,1398272,26537.2
1,candidate,dense,65544,1,1,64,1398272,27084.4
1,candidate,dense,65544,1,2,64,1398272,26593.6
1,candidate,dense,65544,1,3,64,1398272,26571.0
1,candidate,dense,65544,1,4,64,1398272,26623.0
1,candidate,dense,65544,1,5,64,1398272,26897.9
1,candidate,dense,65544,1,6,64,1398272,26425.5
1,candidate,plus,8,0,0,29127,233016,25.9
1,candidate,plus,8,0,1,29127,233016,25.6
1,candidate,plus,8,0,2,29127,233016,26.7
1,candidate,plus,8,0,3,29127,233016,28.2
1,candidate,plus,8,0,4,29127,233016,25.7
1,candidate,plus,8,0,5,29127,233016,25.7
1,candidate,plus,8,0,6,29127,233016,26.2
1,candidate,plus,8,1,0,29127,233016,25.6
1,candidate,plus,8,1,1,29127,233016,25.2
1,candidate,plus,8,1,2,29127,233016,27.4
1,candidate,plus,8,1,3,29127,233016,26.7
1,candidate,plus,8,1,4,29127,233016,26.9
1,candidate,plus,8,1,5,29127,233016,25.7
1,candidate,plus,8,1,6,29127,233016,27.9
1,candidate,plus,64,0,0,16384,1048576,25.9
1,candidate,plus,64,0,1,16384,1048576,25.8
1,candidate,plus,64,0,2,16384,1048576,25.8
1,candidate,plus,64,0,3,16384,1048576,28.3
1,candidate,plus,64,0,4,16384,1048576,26.5
1,candidate,plus,64,0,5,16384,1048576,25.9
1,candidate,plus,64,0,6,16384,1048576,26.0
1,candidate,plus,64,1,0,16384,1048576,81.8
1,candidate,plus,64,1,1,16384,1048576,81.0
1,candidate,plus,64,1,2,16384,1048576,84.1
1,candidate,plus,64,1,3,16384,1048576,82.9
1,candidate,plus,64,1,4,16384,1048576,79.7
1,candidate,plus,64,1,5,16384,1048576,79.1
1,candidate,plus,64,1,6,16384,1048576,83.6
1,candidate,plus,4096,0,0,504,2064384,139.2
1,candidate,plus,4096,0,1,504,2064384,139.2
1,candidate,plus,4096,0,2,504,2064384,139.2
1,candidate,plus,4096,0,3,504,2064384,139.3
1,candidate,plus,4096,0,4,504,2064384,139.2
1,candidate,plus,4096,0,5,504,2064384,139.1
1,candidate,plus,4096,0,6,504,2064384,112.6
1,candidate,plus,4096,1,0,504,2064384,3882.9
1,candidate,plus,4096,1,1,504,2064384,3875.7
1,candidate,plus,4096,1,2,504,2064384,3865.8
1,candidate,plus,4096,1,3,504,2064384,3872.8
1,candidate,plus,4096,1,4,504,2064384,3834.6
1,candidate,plus,4096,1,5,504,2064384,3846.4
1,candidate,plus,4096,1,6,504,2064384,3813.0
1,candidate,plus,65536,0,0,64,4194304,1229.2
1,candidate,plus,65536,0,1,64,4194304,1227.3
1,candidate,plus,65536,0,2,64,4194304,1229.3
1,candidate,plus,65536,0,3,64,4194304,1225.1
1,candidate,plus,65536,0,4,64,4194304,1225.4
1,candidate,plus,65536,0,5,64,4194304,1224.5
1,candidate,plus,65536,0,6,64,4194304,1225.5
1,candidate,plus,65536,1,0,64,4194304,63096.0
1,candidate,plus,65536,1,1,64,4194304,63112.4
1,candidate,plus,65536,1,2,64,4194304,63665.9
1,candidate,plus,65536,1,3,64,4194304,64425.7
1,candidate,plus,65536,1,4,64,4194304,63779.2
1,candidate,plus,65536,1,5,64,4194304,63642.6
1,candidate,plus,65536,1,6,64,4194304,66324.0
1,candidate,mixed,10,0,0,28339,170034,24.4
1,candidate,mixed,10,0,1,28339,170034,24.7
1,candidate,mixed,10,0,2,28339,170034,24.5
1,candidate,mixed,10,0,3,28339,170034,25.8
1,candidate,mixed,10,0,4,28339,170034,24.5
1,candidate,mixed,10,0,5,28339,170034,24.5
1,candidate,mixed,10,0,6,28339,170034,24.9
1,candidate,mixed,10,1,0,28339,170034,25.0
1,candidate,mixed,10,1,1,28339,170034,24.8
1,candidate,mixed,10,1,2,28339,170034,25.5
1,candidate,mixed,10,1,3,28339,170034,25.1
1,candidate,mixed,10,1,4,28339,170034,25.1
1,candidate,mixed,10,1,5,28339,170034,25.3
1,candidate,mixed,10,1,6,28339,170034,27.4
1,candidate,mixed,70,0,0,15650,657300,62.6
1,candidate,mixed,70,0,1,15650,657300,61.5
1,candidate,mixed,70,0,2,15650,657300,62.3
1,candidate,mixed,70,0,3,15650,657300,61.6
1,candidate,mixed,70,0,4,15650,657300,63.2
1,candidate,mixed,70,0,5,15650,657300,68.1
1,candidate,mixed,70,0,6,15650,657300,63.3
1,candidate,mixed,70,1,0,15650,657300,64.3
1,candidate,mixed,70,1,1,15650,657300,67.3
1,candidate,mixed,70,1,2,15650,657300,68.9
1,candidate,mixed,70,1,3,15650,657300,66.3
1,candidate,mixed,70,1,4,15650,657300,64.5
1,candidate,mixed,70,1,5,15650,657300,65.4
1,candidate,mixed,70,1,6,15650,657300,64.6
1,candidate,mixed,4100,0,0,503,1237380,2723.0
1,candidate,mixed,4100,0,1,503,1237380,2616.5
1,candidate,mixed,4100,0,2,503,1237380,2663.4
1,candidate,mixed,4100,0,3,503,1237380,2671.4
1,candidate,mixed,4100,0,4,503,1237380,2605.7
1,candidate,mixed,4100,0,5,503,1237380,2611.5
1,candidate,mixed,4100,0,6,503,1237380,2600.4
1,candidate,mixed,4100,1,0,503,1237380,2738.2
1,candidate,mixed,4100,1,1,503,1237380,2745.0
1,candidate,mixed,4100,1,2,503,1237380,2729.6
1,candidate,mixed,4100,1,3,503,1237380,2809.6
1,candidate,mixed,4100,1,4,503,1237380,2735.2
1,candidate,mixed,4100,1,5,503,1237380,2714.9
1,candidate,mixed,4100,1,6,503,1237380,2927.9
1,candidate,mixed,65540,0,0,64,2516736,41665.5
1,candidate,mixed,65540,0,1,64,2516736,41273.4
1,candidate,mixed,65540,0,2,64,2516736,42141.1
1,candidate,mixed,65540,0,3,64,2516736,40994.1
1,candidate,mixed,65540,0,4,64,2516736,41289.3
1,candidate,mixed,65540,0,5,64,2516736,41471.3
1,candidate,mixed,65540,0,6,64,2516736,40980.8
1,candidate,mixed,65540,1,0,64,2516736,43151.0
1,candidate,mixed,65540,1,1,64,2516736,42801.7
1,candidate,mixed,65540,1,2,64,2516736,43282.4
1,candidate,mixed,65540,1,3,64,2516736,43243.2
1,candidate,mixed,65540,1,4,64,2516736,42833.3
1,candidate,mixed,65540,1,5,64,2516736,42699.5
1,candidate,mixed,65540,1,6,64,2516736,42508.1
1,candidate,late_escape,8,0,0,29127,174762,24.5
1,candidate,late_escape,8,0,1,29127,174762,27.2
1,candidate,late_escape,8,0,2,29127,174762,24.8
1,candidate,late_escape,8,0,3,29127,174762,24.3
1,candidate,late_escape,8,0,4,29127,174762,24.7
1,candidate,late_escape,8,0,5,29127,174762,24.4
1,candidate,late_escape,8,0,6,29127,174762,27.7
1,candidate,late_escape,8,1,0,29127,174762,29.0
1,candidate,late_escape,8,1,1,29127,174762,26.6
1,candidate,late_escape,8,1,2,29127,174762,28.7
1,candidate,late_escape,8,1,3,29127,174762,32.9
1,candidate,late_escape,8,1,4,29127,174762,26.7
1,candidate,late_escape,8,1,5,29127,174762,25.1
1,candidate,late_escape,8,1,6,29127,174762,25.2
1,candidate,late_escape,64,0,0,16384,1015808,35.4
1,candidate,late_escape,64,0,1,16384,1015808,41.1
1,candidate,late_escape,64,0,2,16384,1015808,37.6
1,candidate,late_escape,64,0,3,16384,1015808,35.4
1,candidate,late_escape,64,0,4,16384,1015808,40.3
1,candidate,late_escape,64,0,5,16384,1015808,38.5
1,candidate,late_escape,64,0,6,16384,1015808,33.0
1,candidate,late_escape,64,1,0,16384,1015808,36.3
1,candidate,late_escape,64,1,1,16384,1015808,38.1
1,candidate,late_escape,64,1,2,16384,1015808,47.9
1,candidate,late_escape,64,1,3,16384,1015808,40.7
1,candidate,late_escape,64,1,4,16384,1015808,42.2
1,candidate,late_escape,64,1,5,16384,1015808,35.2
1,candidate,late_escape,64,1,6,16384,1015808,35.5
1,candidate,late_escape,4096,0,0,504,2063376,84.5
1,candidate,late_escape,4096,0,1,504,2063376,84.5
1,candidate,late_escape,4096,0,2,504,2063376,84.4
1,candidate,late_escape,4096,0,3,504,2063376,84.5
1,candidate,late_escape,4096,0,4,504,2063376,84.6
1,candidate,late_escape,4096,0,5,504,2063376,84.6
1,candidate,late_escape,4096,0,6,504,2063376,84.6
1,candidate,late_escape,4096,1,0,504,2063376,99.1
1,candidate,late_escape,4096,1,1,504,2063376,99.0
1,candidate,late_escape,4096,1,2,504,2063376,99.1
1,candidate,late_escape,4096,1,3,504,2063376,99.1
1,candidate,late_escape,4096,1,4,504,2063376,99.1
1,candidate,late_escape,4096,1,5,504,2063376,99.2
1,candidate,late_escape,4096,1,6,504,2063376,99.0
1,candidate,late_escape,65536,0,0,64,4194176,1222.7
1,candidate,late_escape,65536,0,1,64,4194176,1519.8
1,candidate,late_escape,65536,0,2,64,4194176,1223.0
1,candidate,late_escape,65536,0,3,64,4194176,1221.5
1,candidate,late_escape,65536,0,4,64,4194176,1222.1
1,candidate,late_escape,65536,0,5,64,4194176,1221.8
1,candidate,late_escape,65536,0,6,64,4194176,1221.6
1,candidate,late_escape,65536,1,0,64,4194176,1380.7
1,candidate,late_escape,65536,1,1,64,4194176,1378.1
1,candidate,late_escape,65536,1,2,64,4194176,1378.2
1,candidate,late_escape,65536,1,3,64,4194176,1377.6
1,candidate,late_escape,65536,1,4,64,4194176,1378.4
1,candidate,late_escape,65536,1,5,64,4194176,1377.8
1,candidate,late_escape,65536,1,6,64,4194176,1378.5
1,candidate,early_escape,8,0,0,29127,174762,24.3
1,candidate,early_escape,8,0,1,29127,174762,23.8
1,candidate,early_escape,8,0,2,29127,174762,23.8
1,candidate,early_escape,8,0,3,29127,174762,24.6
1,candidate,early_escape,8,0,4,29127,174762,24.2
1,candidate,early_escape,8,0,5,29127,174762,24.5
1,candidate,early_escape,8,0,6,29127,174762,24.4
1,candidate,early_escape,8,1,0,29127,174762,24.8
1,candidate,early_escape,8,1,1,29127,174762,24.5
1,candidate,early_escape,8,1,2,29127,174762,25.8
1,candidate,early_escape,8,1,3,29127,174762,25.2
1,candidate,early_escape,8,1,4,29127,174762,24.9
1,candidate,early_escape,8,1,5,29127,174762,25.3
1,candidate,early_escape,8,1,6,29127,174762,24.8
1,candidate,early_escape,64,0,0,16384,1015808,83.6
1,candidate,early_escape,64,0,1,16384,1015808,81.0
1,candidate,early_escape,64,0,2,16384,1015808,82.3
1,candidate,early_escape,64,0,3,16384,1015808,82.9
1,candidate,early_escape,64,0,4,16384,1015808,80.7
1,candidate,early_escape,64,0,5,16384,1015808,82.2
1,candidate,early_escape,64,0,6,16384,1015808,83.7
1,candidate,early_escape,64,1,0,16384,1015808,89.0
1,candidate,early_escape,64,1,1,16384,1015808,89.0
1,candidate,early_escape,64,1,2,16384,1015808,98.5
1,candidate,early_escape,64,1,3,16384,1015808,100.4
1,candidate,early_escape,64,1,4,16384,1015808,92.8
1,candidate,early_escape,64,1,5,16384,1015808,88.6
1,candidate,early_escape,64,1,6,16384,1015808,87.9
1,candidate,early_escape,4096,0,0,504,2063376,93.8
1,candidate,early_escape,4096,0,1,504,2063376,93.2
1,candidate,early_escape,4096,0,2,504,2063376,93.3
1,candidate,early_escape,4096,0,3,504,2063376,93.1
1,candidate,early_escape,4096,0,4,504,2063376,93.2
1,candidate,early_escape,4096,0,5,504,2063376,93.4
1,candidate,early_escape,4096,0,6,504,2063376,93.5
1,candidate,early_escape,4096,1,0,504,2063376,112.2
1,candidate,early_escape,4096,1,1,504,2063376,112.0
1,candidate,early_escape,4096,1,2,504,2063376,112.0
1,candidate,early_escape,4096,1,3,504,2063376,112.1
1,candidate,early_escape,4096,1,4,504,2063376,150.0
1,candidate,early_escape,4096,1,5,504,2063376,111.7
1,candidate,early_escape,4096,1,6,504,2063376,111.7
1,candidate,early_escape,65536,0,0,64,4194176,1254.1
1,candidate,early_escape,65536,0,1,64,4194176,1254.1
1,candidate,early_escape,65536,0,2,64,4194176,1252.3
1,candidate,early_escape,65536,0,3,64,4194176,1251.6
1,candidate,early_escape,65536,0,4,64,4194176,1251.5
1,candidate,early_escape,65536,0,5,64,4194176,1252.3
1,candidate,early_escape,65536,0,6,64,4194176,1253.1
1,candidate,early_escape,65536,1,0,64,4194176,1577.6
1,candidate,early_escape,65536,1,1,64,4194176,1401.2
1,candidate,early_escape,65536,1,2,64,4194176,1400.9
1,candidate,early_escape,65536,1,3,64,4194176,1402.3
1,candidate,early_escape,65536,1,4,64,4194176,1402.4
1,candidate,early_escape,65536,1,5,64,4194176,1399.3
1,candidate,early_escape,65536,1,6,64,4194176,1397.6
1,candidate,repeated_runs,8,0,0,29127,174762,24.1
1,candidate,repeated_runs,8,0,1,29127,174762,23.9
1,candidate,repeated_runs,8,0,2,29127,174762,24.2
1,candidate,repeated_runs,8,0,3,29127,174762,24.6
1,candidate,repeated_runs,8,0,4,29127,174762,24.4
1,candidate,repeated_runs,8,0,5,29127,174762,25.6
1,candidate,repeated_runs,8,0,6,29127,174762,24.6
1,candidate,repeated_runs,8,1,0,29127,174762,24.8
1,candidate,repeated_runs,8,1,1,29127,174762,25.4
1,candidate,repeated_runs,8,1,2,29127,174762,25.4
1,candidate,repeated_runs,8,1,3,29127,174762,25.6
1,candidate,repeated_runs,8,1,4,29127,174762,26.1
1,candidate,repeated_runs,8,1,5,29127,174762,24.8
1,candidate,repeated_runs,8,1,6,29127,174762,25.0
1,candidate,repeated_runs,64,0,0,16384,1015808,83.9
1,candidate,repeated_runs,64,0,1,16384,1015808,83.6
1,candidate,repeated_runs,64,0,2,16384,1015808,85.8
1,candidate,repeated_runs,64,0,3,16384,1015808,84.4
1,candidate,repeated_runs,64,0,4,16384,1015808,78.9
1,candidate,repeated_runs,64,0,5,16384,1015808,79.3
1,candidate,repeated_runs,64,0,6,16384,1015808,80.3
1,candidate,repeated_runs,64,1,0,16384,1015808,91.8
1,candidate,repeated_runs,64,1,1,16384,1015808,92.3
1,candidate,repeated_runs,64,1,2,16384,1015808,93.0
1,candidate,repeated_runs,64,1,3,16384,1015808,92.1
1,candidate,repeated_runs,64,1,4,16384,1015808,92.9
1,candidate,repeated_runs,64,1,5,16384,1015808,91.4
1,candidate,repeated_runs,64,1,6,16384,1015808,91.6
1,candidate,repeated_runs,4096,0,0,504,2048256,430.8
1,candidate,repeated_runs,4096,0,1,504,2048256,415.7
1,candidate,repeated_runs,4096,0,2,504,2048256,415.5
1,candidate,repeated_runs,4096,0,3,504,2048256,415.0
1,candidate,repeated_runs,4096,0,4,504,2048256,415.3
1,candidate,repeated_runs,4096,0,5,504,2048256,434.0
1,candidate,repeated_runs,4096,0,6,504,2048256,412.2
1,candidate,repeated_runs,4096,1,0,504,2048256,477.9
1,candidate,repeated_runs,4096,1,1,504,2048256,476.5
1,candidate,repeated_runs,4096,1,2,504,2048256,476.6
1,candidate,repeated_runs,4096,1,3,504,2048256,476.2
1,candidate,repeated_runs,4096,1,4,504,2048256,476.2
1,candidate,repeated_runs,4096,1,5,504,2048256,476.4
1,candidate,repeated_runs,4096,1,6,504,2048256,476.5
1,candidate,repeated_runs,65536,0,0,64,4161536,7260.5
1,candidate,repeated_runs,65536,0,1,64,4161536,6794.8
1,candidate,repeated_runs,65536,0,2,64,4161536,6241.7
1,candidate,repeated_runs,65536,0,3,64,4161536,6261.8
1,candidate,repeated_runs,65536,0,4,64,4161536,6565.0
1,candidate,repeated_runs,65536,0,5,64,4161536,7682.8
1,candidate,repeated_runs,65536,0,6,64,4161536,6978.4
1,candidate,repeated_runs,65536,1,0,64,4161536,8506.8
1,candidate,repeated_runs,65536,1,1,64,4161536,7618.4
1,candidate,repeated_runs,65536,1,2,64,4161536,7855.2
1,candidate,repeated_runs,65536,1,3,64,4161536,7955.7
1,candidate,repeated_runs,65536,1,4,64,4161536,7393.3
1,candidate,repeated_runs,65536,1,5,64,4161536,7299.4
1,candidate,repeated_runs,65536,1,6,64,4161536,7230.6
2,candidate,plain,0,0,0,32768,0,13.0
2,candidate,plain,0,0,1,32768,0,12.4
2,candidate,plain,0,0,2,32768,0,12.4
2,candidate,plain,0,0,3,32768,0,13.0
2,candidate,plain,0,0,4,32768,0,13.3
2,candidate,plain,0,0,5,32768,0,14.5
2,candidate,plain,0,0,6,32768,0,12.4
2,candidate,plain,0,1,0,32768,0,12.5
2,candidate,plain,0,1,1,32768,0,12.4
2,candidate,plain,0,1,2,32768,0,15.2
2,candidate,plain,0,1,3,32768,0,17.0
2,candidate,plain,0,1,4,32768,0,12.4
2,candidate,plain,0,1,5,32768,0,13.0
2,candidate,plain,0,1,6,32768,0,12.5
2,candidate,plain,30,0,0,22310,669300,47.9
2,candidate,plain,30,0,1,22310,669300,45.6
2,candidate,plain,30,0,2,22310,669300,49.1
2,candidate,plain,30,0,3,22310,669300,48.0
2,candidate,plain,30,0,4,22310,669300,46.3
2,candidate,plain,30,0,5,22310,669300,45.6
2,candidate,plain,30,0,6,22310,669300,46.3
2,candidate,plain,30,1,0,22310,669300,56.4
2,candidate,plain,30,1,1,22310,669300,51.5
2,candidate,plain,30,1,2,22310,669300,52.0
2,candidate,plain,30,1,3,22310,669300,52.4
2,candidate,plain,30,1,4,22310,669300,51.6
2,candidate,plain,30,1,5,22310,669300,52.5
2,candidate,plain,30,1,6,22310,669300,52.1
2,candidate,plain,90,0,0,13617,1225530,26.5
2,candidate,plain,90,0,1,13617,1225530,27.7
2,candidate,plain,90,0,2,13617,1225530,26.5
2,candidate,plain,90,0,3,13617,1225530,26.5
2,candidate,plain,90,0,4,13617,1225530,26.5
2,candidate,plain,90,0,5,13617,1225530,26.5
2,candidate,plain,90,0,6,13617,1225530,26.5
2,candidate,plain,90,1,0,13617,1225530,31.2
2,candidate,plain,90,1,1,13617,1225530,36.3
2,candidate,plain,90,1,2,13617,1225530,35.2
2,candidate,plain,90,1,3,13617,1225530,37.3
2,candidate,plain,90,1,4,13617,1225530,30.1
2,candidate,plain,90,1,5,13617,1225530,30.1
2,candidate,plain,90,1,6,13617,1225530,30.1
2,candidate,plain,4110,0,0,502,2063220,79.2
2,candidate,plain,4110,0,1,502,2063220,79.3
2,candidate,plain,4110,0,2,502,2063220,79.0
2,candidate,plain,4110,0,3,502,2063220,79.3
2,candidate,plain,4110,0,4,502,2063220,79.4
2,candidate,plain,4110,0,5,502,2063220,79.4
2,candidate,plain,4110,0,6,502,2063220,79.4
2,candidate,plain,4110,1,0,502,2063220,109.1
2,candidate,plain,4110,1,1,502,2063220,94.6
2,candidate,plain,4110,1,2,502,2063220,94.3
2,candidate,plain,4110,1,3,502,2063220,94.3
2,candidate,plain,4110,1,4,502,2063220,94.5
2,candidate,plain,4110,1,5,502,2063220,94.3
2,candidate,plain,4110,1,6,502,2063220,94.0
2,candidate,plain,65550,0,0,64,4195200,1277.6
2,candidate,plain,65550,0,1,64,4195200,1277.8
2,candidate,plain,65550,0,2,64,4195200,1272.6
2,candidate,plain,65550,0,3,64,4195200,1241.3
2,candidate,plain,65550,0,4,64,4195200,1243.5
2,candidate,plain,65550,0,5,64,4195200,1244.6
2,candidate,plain,65550,0,6,64,4195200,1244.1
2,candidate,plain,65550,1,0,64,4195200,1410.7
2,candidate,plain,65550,1,1,64,4195200,1408.2
2,candidate,plain,65550,1,2,64,4195200,1405.7
2,candidate,plain,65550,1,3,64,4195200,1407.9
2,candidate,plain,65550,1,4,64,4195200,1408.5
2,candidate,plain,65550,1,5,64,4195200,1407.6
2,candidate,plain,65550,1,6,64,4195200,1407.3
2,candidate,sparse,53,0,0,17924,914124,68.0
2,candidate,sparse,53,0,1,17924,914124,66.8
2,candidate,sparse,53,0,2,17924,914124,66.8
2,candidate,sparse,53,0,3,17924,914124,69.1
2,candidate,sparse,53,0,4,17924,914124,66.2
2,candidate,sparse,53,0,5,17924,914124,67.4
2,candidate,sparse,53,0,6,17924,914124,66.3
2,candidate,sparse,53,1,0,17924,914124,76.1
2,candidate,sparse,53,1,1,17924,914124,74.2
2,candidate,sparse,53,1,2,17924,914124,75.8
2,candidate,sparse,53,1,3,17924,914124,74.6
2,candidate,sparse,53,1,4,17924,914124,74.4
2,candidate,sparse,53,1,5,17924,914124,75.0
2,candidate,sparse,53,1,6,17924,914124,74.5
2,candidate,sparse,106,0,0,12336,1258272,94.6
2,candidate,sparse,106,0,1,12336,1258272,94.1
2,candidate,sparse,106,0,2,12336,1258272,92.0
2,candidate,sparse,106,0,3,12336,1258272,93.2
2,candidate,sparse,106,0,4,12336,1258272,93.0
2,candidate,sparse,106,0,5,12336,1258272,91.9
2,candidate,sparse,106,0,6,12336,1258272,90.3
2,candidate,sparse,106,1,0,12336,1258272,100.3
2,candidate,sparse,106,1,1,12336,1258272,100.5
2,candidate,sparse,106,1,2,12336,1258272,99.2
2,candidate,sparse,106,1,3,12336,1258272,99.8
2,candidate,sparse,106,1,4,12336,1258272,102.7
2,candidate,sparse,106,1,5,12336,1258272,99.9
2,candidate,sparse,106,1,6,12336,1258272,102.7
2,candidate,sparse,4134,0,0,499,1985022,1765.3
2,candidate,sparse,4134,0,1,499,1985022,1760.2
2,candidate,sparse,4134,0,2,499,1985022,1782.7
2,candidate,sparse,4134,0,3,499,1985022,1744.6
2,candidate,sparse,4134,0,4,499,1985022,1768.8
2,candidate,sparse,4134,0,5,499,1985022,1822.5
2,candidate,sparse,4134,0,6,499,1985022,1762.4
2,candidate,sparse,4134,1,0,499,1985022,2990.5
2,candidate,sparse,4134,1,1,499,1985022,2868.7
2,candidate,sparse,4134,1,2,499,1985022,3315.1
2,candidate,sparse,4134,1,3,499,1985022,2949.4
2,candidate,sparse,4134,1,4,499,1985022,2994.5
2,candidate,sparse,4134,1,5,499,1985022,2957.8
2,candidate,sparse,4134,1,6,499,1985022,2861.3
2,candidate,sparse,65561,0,0,64,4037568,26878.5
2,candidate,sparse,65561,0,1,64,4037568,26725.0
2,candidate,sparse,65561,0,2,64,4037568,27802.3
2,candidate,sparse,65561,0,3,64,4037568,26717.2
2,candidate,sparse,65561,0,4,64,4037568,26820.4
2,candidate,sparse,65561,0,5,64,4037568,27239.0
2,candidate,sparse,65561,0,6,64,4037568,27578.1
2,candidate,sparse,65561,1,0,64,4037568,45332.7
2,candidate,sparse,65561,1,1,64,4037568,46372.9
2,candidate,sparse,65561,1,2,64,4037568,46050.8
2,candidate,sparse,65561,1,3,64,4037568,45306.8
2,candidate,sparse,65561,1,4,64,4037568,45318.5
2,candidate,sparse,65561,1,5,64,4037568,45554.6
2,candidate,sparse,65561,1,6,64,4037568,45525.3
2,candidate,dense,12,0,0,27594,110376,24.1
2,candidate,dense,12,0,1,27594,110376,24.2
2,candidate,dense,12,0,2,27594,110376,23.4
2,candidate,dense,12,0,3,27594,110376,23.8
2,candidate,dense,12,0,4,27594,110376,23.4
2,candidate,dense,12,0,5,27594,110376,24.6
2,candidate,dense,12,0,6,27594,110376,24.4
2,candidate,dense,12,1,0,27594,110376,23.2
2,candidate,dense,12,1,1,27594,110376,23.4
2,candidate,dense,12,1,2,27594,110376,23.6
2,candidate,dense,12,1,3,27594,110376,23.3
2,candidate,dense,12,1,4,27594,110376,23.7
2,candidate,dense,12,1,5,27594,110376,23.7
2,candidate,dense,12,1,6,27594,110376,23.5
2,candidate,dense,72,0,0,15420,370080,46.7
2,candidate,dense,72,0,1,15420,370080,47.2
2,candidate,dense,72,0,2,15420,370080,47.0
2,candidate,dense,72,0,3,15420,370080,46.6
2,candidate,dense,72,0,4,15420,370080,47.6
2,candidate,dense,72,0,5,15420,370080,47.1
2,candidate,dense,72,0,6,15420,370080,48.1
2,candidate,dense,72,1,0,15420,370080,47.0
2,candidate,dense,72,1,1,15420,370080,47.1
2,candidate,dense,72,1,2,15420,370080,47.6
2,candidate,dense,72,1,3,15420,370080,46.9
2,candidate,dense,72,1,4,15420,370080,47.0
2,candidate,dense,72,1,5,15420,370080,47.9
2,candidate,dense,72,1,6,15420,370080,47.9
2,candidate,dense,4104,0,0,503,688104,1625.0
2,candidate,dense,4104,0,1,503,688104,1606.7
2,candidate,dense,4104,0,2,503,688104,1620.6
2,candidate,dense,4104,0,3,503,688104,1620.0
2,candidate,dense,4104,0,4,503,688104,1619.4
2,candidate,dense,4104,0,5,503,688104,1628.9
2,candidate,dense,4104,0,6,503,688104,1666.0
2,candidate,dense,4104,1,0,503,688104,1648.9
2,candidate,dense,4104,1,1,503,688104,1679.7
2,candidate,dense,4104,1,2,503,688104,1700.0
2,candidate,dense,4104,1,3,503,688104,1703.3
2,candidate,dense,4104,1,4,503,688104,1670.5
2,candidate,dense,4104,1,5,503,688104,1647.5
2,candidate,dense,4104,1,6,503,688104,1739.2
2,candidate,dense,65544,0,0,64,1398272,26503.5
2,candidate,dense,65544,0,1,64,1398272,26743.3
2,candidate,dense,65544,0,2,64,1398272,26803.3
2,candidate,dense,65544,0,3,64,1398272,25935.3
2,candidate,dense,65544,0,4,64,1398272,26062.8
2,candidate,dense,65544,0,5,64,1398272,26452.8
2,candidate,dense,65544,0,6,64,1398272,26498.8
2,candidate,dense,65544,1,0,64,1398272,26490.7
2,candidate,dense,65544,1,1,64,1398272,26282.2
2,candidate,dense,65544,1,2,64,1398272,27835.0
2,candidate,dense,65544,1,3,64,1398272,26185.0
2,candidate,dense,65544,1,4,64,1398272,27879.2
2,candidate,dense,65544,1,5,64,1398272,26754.1
2,candidate,dense,65544,1,6,64,1398272,27750.3
2,candidate,plus,8,0,0,29127,233016,25.5
2,candidate,plus,8,0,1,29127,233016,25.9
2,candidate,plus,8,0,2,29127,233016,25.6
2,candidate,plus,8,0,3,29127,233016,25.9
2,candidate,plus,8,0,4,29127,233016,26.9
2,candidate,plus,8,0,5,29127,233016,26.1
2,candidate,plus,8,0,6,29127,233016,25.4
2,candidate,plus,8,1,0,29127,233016,25.0
2,candidate,plus,8,1,1,29127,233016,25.1
2,candidate,plus,8,1,2,29127,233016,25.5
2,candidate,plus,8,1,3,29127,233016,25.6
2,candidate,plus,8,1,4,29127,233016,25.8
2,candidate,plus,8,1,5,29127,233016,33.2
2,candidate,plus,8,1,6,29127,233016,26.0
2,candidate,plus,64,0,0,16384,1048576,25.6
2,candidate,plus,64,0,1,16384,1048576,26.2
2,candidate,plus,64,0,2,16384,1048576,26.1
2,candidate,plus,64,0,3,16384,1048576,25.6
2,candidate,plus,64,0,4,16384,1048576,25.6
2,candidate,plus,64,0,5,16384,1048576,26.4
2,candidate,plus,64,0,6,16384,1048576,26.8
2,candidate,plus,64,1,0,16384,1048576,77.1
2,candidate,plus,64,1,1,16384,1048576,77.3
2,candidate,plus,64,1,2,16384,1048576,76.9
2,candidate,plus,64,1,3,16384,1048576,77.6
2,candidate,plus,64,1,4,16384,1048576,80.3
2,candidate,plus,64,1,5,16384,1048576,80.1
2,candidate,plus,64,1,6,16384,1048576,77.8
2,candidate,plus,4096,0,0,504,2064384,78.7
2,candidate,plus,4096,0,1,504,2064384,78.7
2,candidate,plus,4096,0,2,504,2064384,78.6
2,candidate,plus,4096,0,3,504,2064384,78.7
2,candidate,plus,4096,0,4,504,2064384,78.7
2,candidate,plus,4096,0,5,504,2064384,78.7
2,candidate,plus,4096,0,6,504,2064384,78.7
2,candidate,plus,4096,1,0,504,2064384,3791.5
2,candidate,plus,4096,1,1,504,2064384,3782.2
2,candidate,plus,4096,1,2,504,2064384,3912.0
2,candidate,plus,4096,1,3,504,2064384,3927.6
2,candidate,plus,4096,1,4,504,2064384,3822.1
2,candidate,plus,4096,1,5,504,2064384,3791.2
2,candidate,plus,4096,1,6,504,2064384,3835.3
2,candidate,plus,65536,0,0,64,4194304,1221.6
2,candidate,plus,65536,0,1,64,4194304,1220.1
2,candidate,plus,65536,0,2,64,4194304,1220.1
2,candidate,plus,65536,0,3,64,4194304,1218.8
2,candidate,plus,65536,0,4,64,4194304,1221.5
2,candidate,plus,65536,0,5,64,4194304,1222.0
2,candidate,plus,65536,0,6,64,4194304,1218.2
2,candidate,plus,65536,1,0,64,4194304,64519.9
2,candidate,plus,65536,1,1,64,4194304,61260.1
2,candidate,plus,65536,1,2,64,4194304,61546.5
2,candidate,plus,65536,1,3,64,4194304,61396.7
2,candidate,plus,65536,1,4,64,4194304,62163.5
2,candidate,plus,65536,1,5,64,4194304,60982.3
2,candidate,plus,65536,1,6,64,4194304,60838.4
2,candidate,mixed,10,0,0,28339,170034,24.8
2,candidate,mixed,10,0,1,28339,170034,25.3
2,candidate,mixed,10,0,2,28339,170034,25.4
2,candidate,mixed,10,0,3,28339,170034,25.8
2,candidate,mixed,10,0,4,28339,170034,25.0
2,candidate,mixed,10,0,5,28339,170034,25.0
2,candidate,mixed,10,0,6,28339,170034,24.3
2,candidate,mixed,10,1,0,28339,170034,24.7
2,candidate,mixed,10,1,1,28339,170034,25.5
2,candidate,mixed,10,1,2,28339,170034,24.8
2,candidate,mixed,10,1,3,28339,170034,24.8
2,candidate,mixed,10,1,4,28339,170034,25.2
2,candidate,mixed,10,1,5,28339,170034,24.9
2,candidate,mixed,10,1,6,28339,170034,27.2
2,candidate,mixed,70,0,0,15650,657300,62.2
2,candidate,mixed,70,0,1,15650,657300,61.3
2,candidate,mixed,70,0,2,15650,657300,63.3
2,candidate,mixed,70,0,3,15650,657300,62.7
2,candidate,mixed,70,0,4,15650,657300,62.9
2,candidate,mixed,70,0,5,15650,657300,61.0
2,candidate,mixed,70,0,6,15650,657300,62.0
2,candidate,mixed,70,1,0,15650,657300,64.3
2,candidate,mixed,70,1,1,15650,657300,64.9
2,candidate,mixed,70,1,2,15650,657300,63.9
2,candidate,mixed,70,1,3,15650,657300,64.1
2,candidate,mixed,70,1,4,15650,657300,63.7
2,candidate,mixed,70,1,5,15650,657300,64.9
2,candidate,mixed,70,1,6,15650,657300,63.6
2,candidate,mixed,4100,0,0,503,1237380,2606.0
2,candidate,mixed,4100,0,1,503,1237380,2598.8
2,candidate,mixed,4100,0,2,503,1237380,2568.2
2,candidate,mixed,4100,0,3,503,1237380,2675.4
2,candidate,mixed,4100,0,4,503,1237380,2597.4
2,candidate,mixed,4100,0,5,503,1237380,2562.4
2,candidate,mixed,4100,0,6,503,1237380,2586.8
2,candidate,mixed,4100,1,0,503,1237380,2738.1
2,candidate,mixed,4100,1,1,503,1237380,2674.4
2,candidate,mixed,4100,1,2,503,1237380,2670.4
2,candidate,mixed,4100,1,3,503,1237380,2666.6
2,candidate,mixed,4100,1,4,503,1237380,2946.3
2,candidate,mixed,4100,1,5,503,1237380,2668.7
2,candidate,mixed,4100,1,6,503,1237380,2665.1
2,candidate,mixed,65540,0,0,64,2516736,40813.5
2,candidate,mixed,65540,0,1,64,2516736,41184.8
2,candidate,mixed,65540,0,2,64,2516736,41274.0
2,candidate,mixed,65540,0,3,64,2516736,41526.8
2,candidate,mixed,65540,0,4,64,2516736,41664.8
2,candidate,mixed,65540,0,5,64,2516736,40946.9
2,candidate,mixed,65540,0,6,64,2516736,40967.4
2,candidate,mixed,65540,1,0,64,2516736,43333.9
2,candidate,mixed,65540,1,1,64,2516736,43109.1
2,candidate,mixed,65540,1,2,64,2516736,42710.0
2,candidate,mixed,65540,1,3,64,2516736,43107.2
2,candidate,mixed,65540,1,4,64,2516736,44159.2
2,candidate,mixed,65540,1,5,64,2516736,43364.7
2,candidate,mixed,65540,1,6,64,2516736,43198.6
2,candidate,late_escape,8,0,0,29127,174762,25.2
2,candidate,late_escape,8,0,1,29127,174762,25.9
2,candidate,late_escape,8,0,2,29127,174762,25.3
2,candidate,late_escape,8,0,3,29127,174762,24.5
2,candidate,late_escape,8,0,4,29127,174762,24.6
2,candidate,late_escape,8,0,5,29127,174762,24.9
2,candidate,late_escape,8,0,6,29127,174762,25.7
2,candidate,late_escape,8,1,0,29127,174762,24.5
2,candidate,late_escape,8,1,1,29127,174762,24.2
2,candidate,late_escape,8,1,2,29127,174762,24.3
2,candidate,late_escape,8,1,3,29127,174762,24.7
2,candidate,late_escape,8,1,4,29127,174762,24.6
2,candidate,late_escape,8,1,5,29127,174762,24.7
2,candidate,late_escape,8,1,6,29127,174762,24.8
2,candidate,late_escape,64,0,0,16384,1015808,38.1
2,candidate,late_escape,64,0,1,16384,1015808,35.6
2,candidate,late_escape,64,0,2,16384,1015808,33.1
2,candidate,late_escape,64,0,3,16384,1015808,32.4
2,candidate,late_escape,64,0,4,16384,1015808,33.2
2,candidate,late_escape,64,0,5,16384,1015808,32.8
2,candidate,late_escape,64,0,6,16384,1015808,32.2
2,candidate,late_escape,64,1,0,16384,1015808,34.3
2,candidate,late_escape,64,1,1,16384,1015808,33.5
2,candidate,late_escape,64,1,2,16384,1015808,33.6
2,candidate,late_escape,64,1,3,16384,1015808,36.1
2,candidate,late_escape,64,1,4,16384,1015808,36.1
2,candidate,late_escape,64,1,5,16384,1015808,34.8
2,candidate,late_escape,64,1,6,16384,1015808,34.2
2,candidate,late_escape,4096,0,0,504,2063376,83.5
2,candidate,late_escape,4096,0,1,504,2063376,83.5
2,candidate,late_escape,4096,0,2,504,2063376,128.3
2,candidate,late_escape,4096,0,3,504,2063376,83.5
2,candidate,late_escape,4096,0,4,504,2063376,83.5
2,candidate,late_escape,4096,0,5,504,2063376,83.3
2,candidate,late_escape,4096,0,6,504,2063376,83.5
2,candidate,late_escape,4096,1,0,504,2063376,99.3
2,candidate,late_escape,4096,1,1,504,2063376,99.3
2,candidate,late_escape,4096,1,2,504,2063376,99.3
2,candidate,late_escape,4096,1,3,504,2063376,99.2
2,candidate,late_escape,4096,1,4,504,2063376,99.1
2,candidate,late_escape,4096,1,5,504,2063376,99.2
2,candidate,late_escape,4096,1,6,504,2063376,99.0
2,candidate,late_escape,65536,0,0,64,4194176,1223.5
2,candidate,late_escape,65536,0,1,64,4194176,1220.9
2,candidate,late_escape,65536,0,2,64,4194176,1222.4
2,candidate,late_escape,65536,0,3,64,4194176,1220.5
2,candidate,late_escape,65536,0,4,64,4194176,1221.0
2,candidate,late_escape,65536,0,5,64,4194176,1220.5
2,candidate,late_escape,65536,0,6,64,4194176,1388.8
2,candidate,late_escape,65536,1,0,64,4194176,1356.7
2,candidate,late_escape,65536,1,1,64,4194176,1356.2
2,candidate,late_escape,65536,1,2,64,4194176,1358.4
2,candidate,late_escape,65536,1,3,64,4194176,1357.0
2,candidate,late_escape,65536,1,4,64,4194176,1356.8
2,candidate,late_escape,65536,1,5,64,4194176,1354.6
2,candidate,late_escape,65536,1,6,64,4194176,1361.2
2,candidate,early_escape,8,0,0,29127,174762,24.4
2,candidate,early_escape,8,0,1,29127,174762,24.0
2,candidate,early_escape,8,0,2,29127,174762,23.7
2,candidate,early_escape,8,0,3,29127,174762,24.9
2,candidate,early_escape,8,0,4,29127,174762,24.3
2,candidate,early_escape,8,0,5,29127,174762,24.6
2,candidate,early_escape,8,0,6,29127,174762,24.5
2,candidate,early_escape,8,1,0,29127,174762,25.1
2,candidate,early_escape,8,1,1,29127,174762,24.5
2,candidate,early_escape,8,1,2,29127,174762,24.5
2,candidate,early_escape,8,1,3,29127,174762,24.8
2,candidate,early_escape,8,1,4,29127,174762,26.5
2,candidate,early_escape,8,1,5,29127,174762,25.3
2,candidate,early_escape,8,1,6,29127,174762,25.8
2,candidate,early_escape,64,0,0,16384,1015808,79.0
2,candidate,early_escape,64,0,1,16384,1015808,81.2
2,candidate,early_escape,64,0,2,16384,1015808,79.2
2,candidate,early_escape,64,0,3,16384,1015808,79.1
2,candidate,early_escape,64,0,4,16384,1015808,80.1
2,candidate,early_escape,64,0,5,16384,1015808,79.1
2,candidate,early_escape,64,0,6,16384,1015808,79.6
2,candidate,early_escape,64,1,0,16384,1015808,90.2
2,candidate,early_escape,64,1,1,16384,1015808,88.7
2,candidate,early_escape,64,1,2,16384,1015808,88.9
2,candidate,early_escape,64,1,3,16384,1015808,89.3
2,candidate,early_escape,64,1,4,16384,1015808,89.3
2,candidate,early_escape,64,1,5,16384,1015808,88.3
2,candidate,early_escape,64,1,6,16384,1015808,90.8
2,candidate,early_escape,4096,0,0,504,2063376,94.0
2,candidate,early_escape,4096,0,1,504,2063376,93.8
2,candidate,early_escape,4096,0,2,504,2063376,94.0
2,candidate,early_escape,4096,0,3,504,2063376,94.0
2,candidate,early_escape,4096,0,4,504,2063376,94.0
2,candidate,early_escape,4096,0,5,504,2063376,94.0
2,candidate,early_escape,4096,0,6,504,2063376,94.0
2,candidate,early_escape,4096,1,0,504,2063376,111.7
2,candidate,early_escape,4096,1,1,504,2063376,125.7
2,candidate,early_escape,4096,1,2,504,2063376,112.1
2,candidate,early_escape,4096,1,3,504,2063376,111.8
2,candidate,early_escape,4096,1,4,504,2063376,111.7
2,candidate,early_escape,4096,1,5,504,2063376,156.8
2,candidate,early_escape,4096,1,6,504,2063376,110.9
2,candidate,early_escape,65536,0,0,64,4194176,1256.3
2,candidate,early_escape,65536,0,1,64,4194176,1254.6
2,candidate,early_escape,65536,0,2,64,4194176,1255.1
2,candidate,early_escape,65536,0,3,64,4194176,1254.5
2,candidate,early_escape,65536,0,4,64,4194176,1253.7
2,candidate,early_escape,65536,0,5,64,4194176,1253.2
2,candidate,early_escape,65536,0,6,64,4194176,1254.9
2,candidate,early_escape,65536,1,0,64,4194176,1410.7
2,candidate,early_escape,65536,1,1,64,4194176,1407.8
2,candidate,early_escape,65536,1,2,64,4194176,1407.6
2,candidate,early_escape,65536,1,3,64,4194176,1406.3
2,candidate,early_escape,65536,1,4,64,4194176,1405.9
2,candidate,early_escape,65536,1,5,64,4194176,1406.7
2,candidate,early_escape,65536,1,6,64,4194176,1404.8
2,candidate,repeated_runs,8,0,0,29127,174762,24.6
2,candidate,repeated_runs,8,0,1,29127,174762,23.7
2,candidate,repeated_runs,8,0,2,29127,174762,23.7
2,candidate,repeated_runs,8,0,3,29127,174762,24.2
2,candidate,repeated_runs,8,0,4,29127,174762,23.8
2,candidate,repeated_runs,8,0,5,29127,174762,24.1
2,candidate,repeated_runs,8,0,6,29127,174762,24.6
2,candidate,repeated_runs,8,1,0,29127,174762,25.2
2,candidate,repeated_runs,8,1,1,29127,174762,24.3
2,candidate,repeated_runs,8,1,2,29127,174762,24.9
2,candidate,repeated_runs,8,1,3,29127,174762,24.4
2,candidate,repeated_runs,8,1,4,29127,174762,24.4
2,candidate,repeated_runs,8,1,5,29127,174762,25.0
2,candidate,repeated_runs,8,1,6,29127,174762,24.5
2,candidate,repeated_runs,64,0,0,16384,1015808,78.0
2,candidate,repeated_runs,64,0,1,16384,1015808,77.2
2,candidate,repeated_runs,64,0,2,16384,1015808,78.7
2,candidate,repeated_runs,64,0,3,16384,1015808,78.2
2,candidate,repeated_runs,64,0,4,16384,1015808,79.2
2,candidate,repeated_runs,64,0,5,16384,1015808,82.5
2,candidate,repeated_runs,64,0,6,16384,1015808,82.3
2,candidate,repeated_runs,64,1,0,16384,1015808,88.2
2,candidate,repeated_runs,64,1,1,16384,1015808,90.8
2,candidate,repeated_runs,64,1,2,16384,1015808,90.4
2,candidate,repeated_runs,64,1,3,16384,1015808,90.5
2,candidate,repeated_runs,64,1,4,16384,1015808,97.3
2,candidate,repeated_runs,64,1,5,16384,1015808,92.4
2,candidate,repeated_runs,64,1,6,16384,1015808,94.8
2,candidate,repeated_runs,4096,0,0,504,2048256,407.8
2,candidate,repeated_runs,4096,0,1,504,2048256,406.0
2,candidate,repeated_runs,4096,0,2,504,2048256,403.6
2,candidate,repeated_runs,4096,0,3,504,2048256,407.4
2,candidate,repeated_runs,4096,0,4,504,2048256,407.5
2,candidate,repeated_runs,4096,0,5,504,2048256,522.1
2,candidate,repeated_runs,4096,0,6,504,2048256,407.4
2,candidate,repeated_runs,4096,1,0,504,2048256,497.0
2,candidate,repeated_runs,4096,1,1,504,2048256,489.5
2,candidate,repeated_runs,4096,1,2,504,2048256,489.1
2,candidate,repeated_runs,4096,1,3,504,2048256,478.0
2,candidate,repeated_runs,4096,1,4,504,2048256,495.8
2,candidate,repeated_runs,4096,1,5,504,2048256,510.6
2,candidate,repeated_runs,4096,1,6,504,2048256,476.5
2,candidate,repeated_runs,65536,0,0,64,4161536,6199.6
2,candidate,repeated_runs,65536,0,1,64,4161536,6195.2
2,candidate,repeated_runs,65536,0,2,64,4161536,6398.2
2,candidate,repeated_runs,65536,0,3,64,4161536,6196.2
2,candidate,repeated_runs,65536,0,4,64,4161536,6315.9
2,candidate,repeated_runs,65536,0,5,64,4161536,6203.8
2,candidate,repeated_runs,65536,0,6,64,4161536,6201.2
2,candidate,repeated_runs,65536,1,0,64,4161536,7127.5
2,candidate,repeated_runs,65536,1,1,64,4161536,7310.3
2,candidate,repeated_runs,65536,1,2,64,4161536,7130.0
2,candidate,repeated_runs,65536,1,3,64,4161536,7299.4
2,candidate,repeated_runs,65536,1,4,64,4161536,7128.9
2,candidate,repeated_runs,65536,1,5,64,4161536,7129.0
2,candidate,repeated_runs,65536,1,6,64,4161536,7126.1
3,baseline,plain,0,0,0,32768,0,12.5
3,baseline,plain,0,0,1,32768,0,16.0
3,baseline,plain,0,0,2,32768,0,12.5
3,baseline,plain,0,0,3,32768,0,12.9
3,baseline,plain,0,0,4,32768,0,12.6
3,baseline,plain,0,0,5,32768,0,12.9
3,baseline,plain,0,0,6,32768,0,12.5
3,baseline,plain,0,1,0,32768,0,12.4
3,baseline,plain,0,1,1,32768,0,12.4
3,baseline,plain,0,1,2,32768,0,12.4
3,baseline,plain,0,1,3,32768,0,13.6
3,baseline,plain,0,1,4,32768,0,12.3
3,baseline,plain,0,1,5,32768,0,12.4
3,baseline,plain,0,1,6,32768,0,15.8
3,baseline,plain,30,0,0,22310,669300,50.1
3,baseline,plain,30,0,1,22310,669300,49.3
3,baseline,plain,30,0,2,22310,669300,51.3
3,baseline,plain,30,0,3,22310,669300,53.0
3,baseline,plain,30,0,4,22310,669300,45.6
3,baseline,plain,30,0,5,22310,669300,44.5
3,baseline,plain,30,0,6,22310,669300,44.0
3,baseline,plain,30,1,0,22310,669300,46.8
3,baseline,plain,30,1,1,22310,669300,48.1
3,baseline,plain,30,1,2,22310,669300,46.3
3,baseline,plain,30,1,3,22310,669300,47.3
3,baseline,plain,30,1,4,22310,669300,47.7
3,baseline,plain,30,1,5,22310,669300,47.5
3,baseline,plain,30,1,6,22310,669300,46.7
3,baseline,plain,90,0,0,13617,1225530,26.2
3,baseline,plain,90,0,1,13617,1225530,26.7
3,baseline,plain,90,0,2,13617,1225530,26.1
3,baseline,plain,90,0,3,13617,1225530,26.8
3,baseline,plain,90,0,4,13617,1225530,26.1
3,baseline,plain,90,0,5,13617,1225530,26.1
3,baseline,plain,90,0,6,13617,1225530,26.1
3,baseline,plain,90,1,0,13617,1225530,29.9
3,baseline,plain,90,1,1,13617,1225530,30.7
3,baseline,plain,90,1,2,13617,1225530,31.1
3,baseline,plain,90,1,3,13617,1225530,29.8
3,baseline,plain,90,1,4,13617,1225530,29.8
3,baseline,plain,90,1,5,13617,1225530,30.4
3,baseline,plain,90,1,6,13617,1225530,31.0
3,baseline,plain,4110,0,0,502,2063220,77.8
3,baseline,plain,4110,0,1,502,2063220,77.7
3,baseline,plain,4110,0,2,502,2063220,77.7
3,baseline,plain,4110,0,3,502,2063220,77.6
3,baseline,plain,4110,0,4,502,2063220,77.7
3,baseline,plain,4110,0,5,502,2063220,77.7
3,baseline,plain,4110,0,6,502,2063220,78.0
3,baseline,plain,4110,1,0,502,2063220,93.0
3,baseline,plain,4110,1,1,502,2063220,92.7
3,baseline,plain,4110,1,2,502,2063220,92.7
3,baseline,plain,4110,1,3,502,2063220,112.7
3,baseline,plain,4110,1,4,502,2063220,92.8
3,baseline,plain,4110,1,5,502,2063220,137.2
3,baseline,plain,4110,1,6,502,2063220,92.6
3,baseline,plain,65550,0,0,64,4195200,1234.8
3,baseline,plain,65550,0,1,64,4195200,1234.5
3,baseline,plain,65550,0,2,64,4195200,1233.7
3,baseline,plain,65550,0,3,64,4195200,1477.6
3,baseline,plain,65550,0,4,64,4195200,1235.5
3,baseline,plain,65550,0,5,64,4195200,1234.3
3,baseline,plain,65550,0,6,64,4195200,1235.1
3,baseline,plain,65550,1,0,64,4195200,1416.3
3,baseline,plain,65550,1,1,64,4195200,1415.4
3,baseline,plain,65550,1,2,64,4195200,1413.8
3,baseline,plain,65550,1,3,64,4195200,1407.3
3,baseline,plain,65550,1,4,64,4195200,1406.5
3,baseline,plain,65550,1,5,64,4195200,1497.5
3,baseline,plain,65550,1,6,64,4195200,1562.4
3,baseline,sparse,53,0,0,17924,914124,67.6
3,baseline,sparse,53,0,1,17924,914124,63.0
3,baseline,sparse,53,0,2,17924,914124,63.8
3,baseline,sparse,53,0,3,17924,914124,63.8
3,baseline,sparse,53,0,4,17924,914124,64.2
3,baseline,sparse,53,0,5,17924,914124,67.9
3,baseline,sparse,53,0,6,17924,914124,64.3
3,baseline,sparse,53,1,0,17924,914124,69.0
3,baseline,sparse,53,1,1,17924,914124,68.6
3,baseline,sparse,53,1,2,17924,914124,70.7
3,baseline,sparse,53,1,3,17924,914124,69.6
3,baseline,sparse,53,1,4,17924,914124,67.8
3,baseline,sparse,53,1,5,17924,914124,68.6
3,baseline,sparse,53,1,6,17924,914124,69.1
3,baseline,sparse,106,0,0,12336,1258272,90.9
3,baseline,sparse,106,0,1,12336,1258272,86.8
3,baseline,sparse,106,0,2,12336,1258272,89.6
3,baseline,sparse,106,0,3,12336,1258272,92.7
3,baseline,sparse,106,0,4,12336,1258272,91.2
3,baseline,sparse,106,0,5,12336,1258272,89.0
3,baseline,sparse,106,0,6,12336,1258272,90.2
3,baseline,sparse,106,1,0,12336,1258272,92.6
3,baseline,sparse,106,1,1,12336,1258272,95.1
3,baseline,sparse,106,1,2,12336,1258272,92.6
3,baseline,sparse,106,1,3,12336,1258272,93.7
3,baseline,sparse,106,1,4,12336,1258272,93.8
3,baseline,sparse,106,1,5,12336,1258272,93.7
3,baseline,sparse,106,1,6,12336,1258272,94.2
3,baseline,sparse,4134,0,0,499,1985022,3844.4
3,baseline,sparse,4134,0,1,499,1985022,3827.6
3,baseline,sparse,4134,0,2,499,1985022,3867.0
3,baseline,sparse,4134,0,3,499,1985022,3841.3
3,baseline,sparse,4134,0,4,499,1985022,3856.0
3,baseline,sparse,4134,0,5,499,1985022,3861.8
3,baseline,sparse,4134,0,6,499,1985022,3846.9
3,baseline,sparse,4134,1,0,499,1985022,3905.5
3,baseline,sparse,4134,1,1,499,1985022,3866.9
3,baseline,sparse,4134,1,2,499,1985022,3822.4
3,baseline,sparse,4134,1,3,499,1985022,3912.9
3,baseline,sparse,4134,1,4,499,1985022,4343.3
3,baseline,sparse,4134,1,5,499,1985022,3962.0
3,baseline,sparse,4134,1,6,499,1985022,4311.8
3,baseline,sparse,65561,0,0,64,4037568,61816.6
3,baseline,sparse,65561,0,1,64,4037568,65517.9
3,baseline,sparse,65561,0,2,64,4037568,58205.4
3,baseline,sparse,65561,0,3,64,4037568,58405.5
3,baseline,sparse,65561,0,4,64,4037568,66649.2
3,baseline,sparse,65561,0,5,64,4037568,63202.5
3,baseline,sparse,65561,0,6,64,4037568,58840.2
3,baseline,sparse,65561,1,0,64,4037568,66393.0
3,baseline,sparse,65561,1,1,64,4037568,63015.4
3,baseline,sparse,65561,1,2,64,4037568,61034.8
3,baseline,sparse,65561,1,3,64,4037568,63751.2
3,baseline,sparse,65561,1,4,64,4037568,62025.8
3,baseline,sparse,65561,1,5,64,4037568,61847.3
3,baseline,sparse,65561,1,6,64,4037568,62441.9
3,baseline,dense,12,0,0,27594,110376,22.6
3,baseline,dense,12,0,1,27594,110376,23.0
3,baseline,dense,12,0,2,27594,110376,22.6
3,baseline,dense,12,0,3,27594,110376,22.6
3,baseline,dense,12,0,4,27594,110376,23.2
3,baseline,dense,12,0,5,27594,110376,23.8
3,baseline,dense,12,0,6,27594,110376,24.6
3,baseline,dense,12,1,0,27594,110376,22.9
3,baseline,dense,12,1,1,27594,110376,23.2
3,baseline,dense,12,1,2,27594,110376,31.4
3,baseline,dense,12,1,3,27594,110376,30.0
3,baseline,dense,12,1,4,27594,110376,24.5
3,baseline,dense,12,1,5,27594,110376,24.9
3,baseline,dense,12,1,6,27594,110376,26.0
3,baseline,dense,72,0,0,15420,370080,45.6
3,baseline,dense,72,0,1,15420,370080,46.4
3,baseline,dense,72,0,2,15420,370080,45.7
3,baseline,dense,72,0,3,15420,370080,45.5
3,baseline,dense,72,0,4,15420,370080,47.0
3,baseline,dense,72,0,5,15420,370080,48.5
3,baseline,dense,72,0,6,15420,370080,46.7
3,baseline,dense,72,1,0,15420,370080,45.9
3,baseline,dense,72,1,1,15420,370080,47.1
3,baseline,dense,72,1,2,15420,370080,47.6
3,baseline,dense,72,1,3,15420,370080,46.0
3,baseline,dense,72,1,4,15420,370080,46.1
3,baseline,dense,72,1,5,15420,370080,48.8
3,baseline,dense,72,1,6,15420,370080,47.5
3,baseline,dense,4104,0,0,503,688104,1610.0
3,baseline,dense,4104,0,1,503,688104,1642.1
3,baseline,dense,4104,0,2,503,688104,1595.0
3,baseline,dense,4104,0,3,503,688104,1641.7
3,baseline,dense,4104,0,4,503,688104,1600.7
3,baseline,dense,4104,0,5,503,688104,1635.9
3,baseline,dense,4104,0,6,503,688104,1665.1
3,baseline,dense,4104,1,0,503,688104,1623.6
3,baseline,dense,4104,1,1,503,688104,1717.2
3,baseline,dense,4104,1,2,503,688104,1661.4
3,baseline,dense,4104,1,3,503,688104,1629.7
3,baseline,dense,4104,1,4,503,688104,1777.1
3,baseline,dense,4104,1,5,503,688104,1622.2
3,baseline,dense,4104,1,6,503,688104,1659.6
3,baseline,dense,65544,0,0,64,1398272,25438.8
3,baseline,dense,65544,0,1,64,1398272,25711.7
3,baseline,dense,65544,0,2,64,1398272,25631.4
3,baseline,dense,65544,0,3,64,1398272,26338.9
3,baseline,dense,65544,0,4,64,1398272,26360.3
3,baseline,dense,65544,0,5,64,1398272,24977.1
3,baseline,dense,65544,0,6,64,1398272,25268.2
3,baseline,dense,65544,1,0,64,1398272,26583.1
3,baseline,dense,65544,1,1,64,1398272,25825.3
3,baseline,dense,65544,1,2,64,1398272,26048.1
3,baseline,dense,65544,1,3,64,1398272,25916.5
3,baseline,dense,65544,1,4,64,1398272,26236.1
3,baseline,dense,65544,1,5,64,1398272,25909.3
3,baseline,dense,65544,1,6,64,1398272,26762.8
3,baseline,plus,8,0,0,29127,233016,27.0
3,baseline,plus,8,0,1,29127,233016,27.0
3,baseline,plus,8,0,2,29127,233016,26.1
3,baseline,plus,8,0,3,29127,233016,25.5
3,baseline,plus,8,0,4,29127,233016,28.5
3,baseline,plus,8,0,5,29127,233016,27.0
3,baseline,plus,8,0,6,29127,233016,26.1
3,baseline,plus,8,1,0,29127,233016,25.1
3,baseline,plus,8,1,1,29127,233016,25.1
3,baseline,plus,8,1,2,29127,233016,26.1
3,baseline,plus,8,1,3,29127,233016,26.5
3,baseline,plus,8,1,4,29127,233016,26.8
3,baseline,plus,8,1,5,29127,233016,25.9
3,baseline,plus,8,1,6,29127,233016,25.3
3,baseline,plus,64,0,0,16384,1048576,25.6
3,baseline,plus,64,0,1,16384,1048576,26.1
3,baseline,plus,64,0,2,16384,1048576,25.5
3,baseline,plus,64,0,3,16384,1048576,25.5
3,baseline,plus,64,0,4,16384,1048576,26.0
3,baseline,plus,64,0,5,16384,1048576,25.6
3,baseline,plus,64,0,6,16384,1048576,26.2
3,baseline,plus,64,1,0,16384,1048576,78.1
3,baseline,plus,64,1,1,16384,1048576,79.3
3,baseline,plus,64,1,2,16384,1048576,81.9
3,baseline,plus,64,1,3,16384,1048576,80.2
3,baseline,plus,64,1,4,16384,1048576,79.1
3,baseline,plus,64,1,5,16384,1048576,80.0
3,baseline,plus,64,1,6,16384,1048576,78.6
3,baseline,plus,4096,0,0,504,2064384,77.6
3,baseline,plus,4096,0,1,504,2064384,77.7
3,baseline,plus,4096,0,2,504,2064384,77.6
3,baseline,plus,4096,0,3,504,2064384,77.6
3,baseline,plus,4096,0,4,504,2064384,77.4
3,baseline,plus,4096,0,5,504,2064384,77.5
3,baseline,plus,4096,0,6,504,2064384,77.5
3,baseline,plus,4096,1,0,504,2064384,3812.3
3,baseline,plus,4096,1,1,504,2064384,3784.9
3,baseline,plus,4096,1,2,504,2064384,3796.7
3,baseline,plus,4096,1,3,504,2064384,3894.4
3,baseline,plus,4096,1,4,504,2064384,3976.1
3,baseline,plus,4096,1,5,504,2064384,3881.6
3,baseline,plus,4096,1,6,504,2064384,4287.6
3,baseline,plus,65536,0,0,64,4194304,1219.6
3,baseline,plus,65536,0,1,64,4194304,1217.1
3,baseline,plus,65536,0,2,64,4194304,1217.7
3,baseline,plus,65536,0,3,64,4194304,1217.1
3,baseline,plus,65536,0,4,64,4194304,1217.0
3,baseline,plus,65536,0,5,64,4194304,1215.2
3,baseline,plus,65536,0,6,64,4194304,1215.2
3,baseline,plus,65536,1,0,64,4194304,65019.1
3,baseline,plus,65536,1,1,64,4194304,61793.4
3,baseline,plus,65536,1,2,64,4194304,62794.9
3,baseline,plus,65536,1,3,64,4194304,61985.0
3,baseline,plus,65536,1,4,64,4194304,60912.9
3,baseline,plus,65536,1,5,64,4194304,60838.7
3,baseline,plus,65536,1,6,64,4194304,61563.2
3,baseline,mixed,10,0,0,28339,170034,23.6
3,baseline,mixed,10,0,1,28339,170034,23.8
3,baseline,mixed,10,0,2,28339,170034,23.9
3,baseline,mixed,10,0,3,28339,170034,24.1
3,baseline,mixed,10,0,4,28339,170034,24.0
3,baseline,mixed,10,0,5,28339,170034,24.4
3,baseline,mixed,10,0,6,28339,170034,24.1
3,baseline,mixed,10,1,0,28339,170034,26.6
3,baseline,mixed,10,1,1,28339,170034,26.0
3,baseline,mixed,10,1,2,28339,170034,26.0
3,baseline,mixed,10,1,3,28339,170034,24.4
3,baseline,mixed,10,1,4,28339,170034,23.9
3,baseline,mixed,10,1,5,28339,170034,24.4
3,baseline,mixed,10,1,6,28339,170034,24.7
3,baseline,mixed,70,0,0,15650,657300,65.6
3,baseline,mixed,70,0,1,15650,657300,61.4
3,baseline,mixed,70,0,2,15650,657300,61.2
3,baseline,mixed,70,0,3,15650,657300,61.6
3,baseline,mixed,70,0,4,15650,657300,60.5
3,baseline,mixed,70,0,5,15650,657300,62.2
3,baseline,mixed,70,0,6,15650,657300,60.7
3,baseline,mixed,70,1,0,15650,657300,62.0
3,baseline,mixed,70,1,1,15650,657300,64.9
3,baseline,mixed,70,1,2,15650,657300,62.7
3,baseline,mixed,70,1,3,15650,657300,63.0
3,baseline,mixed,70,1,4,15650,657300,62.8
3,baseline,mixed,70,1,5,15650,657300,65.4
3,baseline,mixed,70,1,6,15650,657300,63.0
3,baseline,mixed,4100,0,0,503,1237380,2517.4
3,baseline,mixed,4100,0,1,503,1237380,2494.1
3,baseline,mixed,4100,0,2,503,1237380,2489.8
3,baseline,mixed,4100,0,3,503,1237380,2524.8
3,baseline,mixed,4100,0,4,503,1237380,2537.3
3,baseline,mixed,4100,0,5,503,1237380,2523.3
3,baseline,mixed,4100,0,6,503,1237380,2489.1
3,baseline,mixed,4100,1,0,503,1237380,2509.5
3,baseline,mixed,4100,1,1,503,1237380,2580.4
3,baseline,mixed,4100,1,2,503,1237380,2531.1
3,baseline,mixed,4100,1,3,503,1237380,2543.0
3,baseline,mixed,4100,1,4,503,1237380,2534.3
3,baseline,mixed,4100,1,5,503,1237380,2513.8
3,baseline,mixed,4100,1,6,503,1237380,2565.7
3,baseline,mixed,65540,0,0,64,2516736,39465.7
3,baseline,mixed,65540,0,1,64,2516736,39776.2
3,baseline,mixed,65540,0,2,64,2516736,39566.8
3,baseline,mixed,65540,0,3,64,2516736,42313.4
3,baseline,mixed,65540,0,4,64,2516736,39515.4
3,baseline,mixed,65540,0,5,64,2516736,39235.1
3,baseline,mixed,65540,0,6,64,2516736,39021.5
3,baseline,mixed,65540,1,0,64,2516736,40299.7
3,baseline,mixed,65540,1,1,64,2516736,42001.2
3,baseline,mixed,65540,1,2,64,2516736,40481.2
3,baseline,mixed,65540,1,3,64,2516736,40744.5
3,baseline,mixed,65540,1,4,64,2516736,40391.9
3,baseline,mixed,65540,1,5,64,2516736,40699.5
3,baseline,mixed,65540,1,6,64,2516736,40280.8
3,baseline,late_escape,8,0,0,29127,174762,24.9
3,baseline,late_escape,8,0,1,29127,174762,24.4
3,baseline,late_escape,8,0,2,29127,174762,24.2
3,baseline,late_escape,8,0,3,29127,174762,24.9
3,baseline,late_escape,8,0,4,29127,174762,25.1
3,baseline,late_escape,8,0,5,29127,174762,25.4
3,baseline,late_escape,8,0,6,29127,174762,25.6
3,baseline,late_escape,8,1,0,29127,174762,23.4
3,baseline,late_escape,8,1,1,29127,174762,23.4
3,baseline,late_escape,8,1,2,29127,174762,23.8
3,baseline,late_escape,8,1,3,29127,174762,23.5
3,baseline,late_escape,8,1,4,29127,174762,26.7
3,baseline,late_escape,8,1,5,29127,174762,24.1
3,baseline,late_escape,8,1,6,29127,174762,23.7
3,baseline,late_escape,64,0,0,16384,1015808,32.4
3,baseline,late_escape,64,0,1,16384,1015808,32.3
3,baseline,late_escape,64,0,2,16384,1015808,33.4
3,baseline,late_escape,64,0,3,16384,1015808,32.5
3,baseline,late_escape,64,0,4,16384,1015808,33.5
3,baseline,late_escape,64,0,5,16384,1015808,32.8
3,baseline,late_escape,64,0,6,16384,1015808,33.1
3,baseline,late_escape,64,1,0,16384,1015808,38.5
3,baseline,late_escape,64,1,1,16384,1015808,36.1
3,baseline,late_escape,64,1,2,16384,1015808,34.9
3,baseline,late_escape,64,1,3,16384,1015808,36.1
3,baseline,late_escape,64,1,4,16384,1015808,34.9
3,baseline,late_escape,64,1,5,16384,1015808,34.5
3,baseline,late_escape,64,1,6,16384,1015808,34.5
3,baseline,late_escape,4096,0,0,504,2063376,83.2
3,baseline,late_escape,4096,0,1,504,2063376,83.2
3,baseline,late_escape,4096,0,2,504,2063376,83.2
3,baseline,late_escape,4096,0,3,504,2063376,83.1
3,baseline,late_escape,4096,0,4,504,2063376,83.1
3,baseline,late_escape,4096,0,5,504,2063376,83.1
3,baseline,late_escape,4096,0,6,504,2063376,103.0
3,baseline,late_escape,4096,1,0,504,2063376,98.6
3,baseline,late_escape,4096,1,1,504,2063376,98.5
3,baseline,late_escape,4096,1,2,504,2063376,98.5
3,baseline,late_escape,4096,1,3,504,2063376,98.5
3,baseline,late_escape,4096,1,4,504,2063376,98.4
3,baseline,late_escape,4096,1,5,504,2063376,98.4
3,baseline,late_escape,4096,1,6,504,2063376,98.6
3,baseline,late_escape,65536,0,0,64,4194176,1220.5
3,baseline,late_escape,65536,0,1,64,4194176,1394.6
3,baseline,late_escape,65536,0,2,64,4194176,1218.5
3,baseline,late_escape,65536,0,3,64,4194176,1220.1
3,baseline,late_escape,65536,0,4,64,4194176,1219.6
3,baseline,late_escape,65536,0,5,64,4194176,1216.5
3,baseline,late_escape,65536,0,6,64,4194176,1219.6
3,baseline,late_escape,65536,1,0,64,4194176,1365.1
3,baseline,late_escape,65536,1,1,64,4194176,1365.6
3,baseline,late_escape,65536,1,2,64,4194176,1364.2
3,baseline,late_escape,65536,1,3,64,4194176,1363.8
3,baseline,late_escape,65536,1,4,64,4194176,1587.6
3,baseline,late_escape,65536,1,5,64,4194176,1751.7
3,baseline,late_escape,65536,1,6,64,4194176,1360.4
3,baseline,early_escape,8,0,0,29127,174762,23.8
3,baseline,early_escape,8,0,1,29127,174762,23.6
3,baseline,early_escape,8,0,2,29127,174762,23.9
3,baseline,early_escape,8,0,3,29127,174762,23.7
3,baseline,early_escape,8,0,4,29127,174762,23.8
3,baseline,early_escape,8,0,5,29127,174762,24.3
3,baseline,early_escape,8,0,6,29127,174762,25.4
3,baseline,early_escape,8,1,0,29127,174762,25.0
3,baseline,early_escape,8,1,1,29127,174762,23.6
3,baseline,early_escape,8,1,2,29127,174762,24.9
3,baseline,early_escape,8,1,3,29127,174762,23.6
3,baseline,early_escape,8,1,4,29127,174762,24.7
3,baseline,early_escape,8,1,5,29127,174762,27.7
3,baseline,early_escape,8,1,6,29127,174762,24.0
3,baseline,early_escape,64,0,0,16384,1015808,74.8
3,baseline,early_escape,64,0,1,16384,1015808,78.1
3,baseline,early_escape,64,0,2,16384,1015808,77.9
3,baseline,early_escape,64,0,3,16384,1015808,77.1
3,baseline,early_escape,64,0,4,16384,1015808,76.3
3,baseline,early_escape,64,0,5,16384,1015808,76.0
3,baseline,early_escape,64,0,6,16384,1015808,75.7
3,baseline,early_escape,64,1,0,16384,1015808,81.9
3,baseline,early_escape,64,1,1,16384,1015808,77.8
3,baseline,early_escape,64,1,2,16384,1015808,79.2
3,baseline,early_escape,64,1,3,16384,1015808,78.9
3,baseline,early_escape,64,1,4,16384,1015808,77.8
3,baseline,early_escape,64,1,5,16384,1015808,78.7
3,baseline,early_escape,64,1,6,16384,1015808,78.2
3,baseline,early_escape,4096,0,0,504,2063376,3891.9
3,baseline,early_escape,4096,0,1,504,2063376,3832.3
3,baseline,early_escape,4096,0,2,504,2063376,3818.3
3,baseline,early_escape,4096,0,3,504,2063376,3831.8
3,baseline,early_escape,4096,0,4,504,2063376,3847.2
3,baseline,early_escape,4096,0,5,504,2063376,3932.8
3,baseline,early_escape,4096,0,6,504,2063376,3811.6
3,baseline,early_escape,4096,1,0,504,2063376,3933.0
3,baseline,early_escape,4096,1,1,504,2063376,3981.6
3,baseline,early_escape,4096,1,2,504,2063376,3912.3
3,baseline,early_escape,4096,1,3,504,2063376,3936.1
3,baseline,early_escape,4096,1,4,504,2063376,3901.6
3,baseline,early_escape,4096,1,5,504,2063376,3929.5
3,baseline,early_escape,4096,1,6,504,2063376,3938.7
3,baseline,early_escape,65536,0,0,64,4194176,61193.0
3,baseline,early_escape,65536,0,1,64,4194176,60846.4
3,baseline,early_escape,65536,0,2,64,4194176,60851.9
3,baseline,early_escape,65536,0,3,64,4194176,60971.2
3,baseline,early_escape,65536,0,4,64,4194176,60876.5
3,baseline,early_escape,65536,0,5,64,4194176,61371.6
3,baseline,early_escape,65536,0,6,64,4194176,61826.0
3,baseline,early_escape,65536,1,0,64,4194176,62791.4
3,baseline,early_escape,65536,1,1,64,4194176,62676.0
3,baseline,early_escape,65536,1,2,64,4194176,62532.0
3,baseline,early_escape,65536,1,3,64,4194176,62896.4
3,baseline,early_escape,65536,1,4,64,4194176,62387.1
3,baseline,early_escape,65536,1,5,64,4194176,62491.0
3,baseline,early_escape,65536,1,6,64,4194176,62323.5
3,baseline,repeated_runs,8,0,0,29127,174762,26.7
3,baseline,repeated_runs,8,0,1,29127,174762,30.6
3,baseline,repeated_runs,8,0,2,29127,174762,24.8
3,baseline,repeated_runs,8,0,3,29127,174762,25.0
3,baseline,repeated_runs,8,0,4,29127,174762,25.3
3,baseline,repeated_runs,8,0,5,29127,174762,23.5
3,baseline,repeated_runs,8,0,6,29127,174762,23.1
3,baseline,repeated_runs,8,1,0,29127,174762,23.6
3,baseline,repeated_runs,8,1,1,29127,174762,23.9
3,baseline,repeated_runs,8,1,2,29127,174762,23.9
3,baseline,repeated_runs,8,1,3,29127,174762,24.8
3,baseline,repeated_runs,8,1,4,29127,174762,24.3
3,baseline,repeated_runs,8,1,5,29127,174762,24.0
3,baseline,repeated_runs,8,1,6,29127,174762,23.6
3,baseline,repeated_runs,64,0,0,16384,1015808,79.3
3,baseline,repeated_runs,64,0,1,16384,1015808,83.6
3,baseline,repeated_runs,64,0,2,16384,1015808,82.5
3,baseline,repeated_runs,64,0,3,16384,1015808,79.8
3,baseline,repeated_runs,64,0,4,16384,1015808,78.7
3,baseline,repeated_runs,64,0,5,16384,1015808,79.3
3,baseline,repeated_runs,64,0,6,16384,1015808,80.1
3,baseline,repeated_runs,64,1,0,16384,1015808,78.7
3,baseline,repeated_runs,64,1,1,16384,1015808,78.2
3,baseline,repeated_runs,64,1,2,16384,1015808,82.1
3,baseline,repeated_runs,64,1,3,16384,1015808,77.9
3,baseline,repeated_runs,64,1,4,16384,1015808,77.5
3,baseline,repeated_runs,64,1,5,16384,1015808,77.2
3,baseline,repeated_runs,64,1,6,16384,1015808,80.0
3,baseline,repeated_runs,4096,0,0,504,2048256,3760.5
3,baseline,repeated_runs,4096,0,1,504,2048256,3771.4
3,baseline,repeated_runs,4096,0,2,504,2048256,3771.1
3,baseline,repeated_runs,4096,0,3,504,2048256,3810.8
3,baseline,repeated_runs,4096,0,4,504,2048256,3786.2
3,baseline,repeated_runs,4096,0,5,504,2048256,3865.4
3,baseline,repeated_runs,4096,0,6,504,2048256,3778.5
3,baseline,repeated_runs,4096,1,0,504,2048256,3929.1
3,baseline,repeated_runs,4096,1,1,504,2048256,3938.6
3,baseline,repeated_runs,4096,1,2,504,2048256,3939.0
3,baseline,repeated_runs,4096,1,3,504,2048256,3933.8
3,baseline,repeated_runs,4096,1,4,504,2048256,3961.5
3,baseline,repeated_runs,4096,1,5,504,2048256,3877.7
3,baseline,repeated_runs,4096,1,6,504,2048256,4238.1
3,baseline,repeated_runs,65536,0,0,64,4161536,62933.7
3,baseline,repeated_runs,65536,0,1,64,4161536,58992.8
3,baseline,repeated_runs,65536,0,2,64,4161536,59827.4
3,baseline,repeated_runs,65536,0,3,64,4161536,63504.6
3,baseline,repeated_runs,65536,0,4,64,4161536,62503.0
3,baseline,repeated_runs,65536,0,5,64,4161536,61875.9
3,baseline,repeated_runs,65536,0,6,64,4161536,65418.3
3,baseline,repeated_runs,65536,1,0,64,4161536,61909.1
3,baseline,repeated_runs,65536,1,1,64,4161536,60711.5
3,baseline,repeated_runs,65536,1,2,64,4161536,61168.3
3,baseline,repeated_runs,65536,1,3,64,4161536,60823.2
3,baseline,repeated_runs,65536,1,4,64,4161536,61422.5
3,baseline,repeated_runs,65536,1,5,64,4161536,64626.5
3,baseline,repeated_runs,65536,1,6,64,4161536,61017.7
