arm,order,pattern,input_bytes,trial,calls,output_bytes,ns_per_call
baseline,0,ascii,0,0,32768,0,3.44
baseline,0,ascii,0,1,32768,0,3.44
baseline,0,ascii,0,2,32768,0,3.43
baseline,0,ascii,0,3,32768,0,3.48
baseline,0,ascii,0,4,32768,0,3.43
baseline,0,ascii,0,5,32768,0,3.51
baseline,0,ascii,0,6,32768,0,3.43
baseline,0,ascii,15,0,26546,398190,27.68
baseline,0,ascii,15,1,26546,398190,27.65
baseline,0,ascii,15,2,26546,398190,27.90
baseline,0,ascii,15,3,26546,398190,27.09
baseline,0,ascii,15,4,26546,398190,27.60
baseline,0,ascii,15,5,26546,398190,27.07
baseline,0,ascii,15,6,26546,398190,27.09
baseline,0,ascii,75,0,15087,1131525,27.52
baseline,0,ascii,75,1,15087,1131525,28.70
baseline,0,ascii,75,2,15087,1131525,27.50
baseline,0,ascii,75,3,15087,1131525,27.56
baseline,0,ascii,75,4,15087,1131525,27.73
baseline,0,ascii,75,5,15087,1131525,27.95
baseline,0,ascii,75,6,15087,1131525,27.71
baseline,0,ascii,4110,0,502,2063220,1082.92
baseline,0,ascii,4110,1,502,2063220,1080.18
baseline,0,ascii,4110,2,502,2063220,1081.34
baseline,0,ascii,4110,3,502,2063220,1081.67
baseline,0,ascii,4110,4,502,2063220,1080.51
baseline,0,ascii,4110,5,502,2063220,1100.10
baseline,0,ascii,4110,6,502,2063220,1104.58
baseline,0,ascii,65550,0,64,4195200,17718.75
baseline,0,ascii,65550,1,64,4195200,17806.64
baseline,0,ascii,65550,2,64,4195200,17662.11
baseline,0,ascii,65550,3,64,4195200,17668.62
baseline,0,ascii,65550,4,64,4195200,17682.95
baseline,0,ascii,65550,5,64,4195200,17664.70
baseline,0,ascii,65550,6,64,4195200,17673.17
baseline,0,unicode,17,0,25890,440130,34.69
baseline,0,unicode,17,1,25890,440130,34.69
baseline,0,unicode,17,2,25890,440130,34.68
baseline,0,unicode,17,3,25890,440130,34.65
baseline,0,unicode,17,4,25890,440130,34.68
baseline,0,unicode,17,5,25890,440130,35.04
baseline,0,unicode,17,6,25890,440130,35.11
baseline,0,unicode,68,0,15887,1080316,96.58
baseline,0,unicode,68,1,15887,1080316,96.82
baseline,0,unicode,68,2,15887,1080316,96.28
baseline,0,unicode,68,3,15887,1080316,96.21
baseline,0,unicode,68,4,15887,1080316,96.82
baseline,0,unicode,68,5,15887,1080316,96.57
baseline,0,unicode,68,6,15887,1080316,96.25
baseline,0,unicode,4097,0,504,2064888,6091.10
baseline,0,unicode,4097,1,504,2064888,6073.08
baseline,0,unicode,4097,2,504,2064888,6128.72
baseline,0,unicode,4097,3,504,2064888,6087.38
baseline,0,unicode,4097,4,504,2064888,6079.70
baseline,0,unicode,4097,5,504,2064888,6083.17
baseline,0,unicode,4097,6,504,2064888,6079.78
baseline,0,unicode,65552,0,64,4195328,101566.41
baseline,0,unicode,65552,1,64,4195328,101114.58
baseline,0,unicode,65552,2,64,4195328,98188.80
baseline,0,unicode,65552,3,64,4195328,97562.50
baseline,0,unicode,65552,4,64,4195328,96662.77
baseline,0,unicode,65552,5,64,4195328,98010.42
baseline,0,unicode,65552,6,64,4195328,97160.16
baseline,0,early_invalid,17,0,25890,466020,36.56
baseline,0,early_invalid,17,1,25890,466020,36.55
baseline,0,early_invalid,17,2,25890,466020,36.56
baseline,0,early_invalid,17,3,25890,466020,36.87
baseline,0,early_invalid,17,4,25890,466020,36.57
baseline,0,early_invalid,17,5,25890,466020,36.65
baseline,0,early_invalid,17,6,25890,466020,36.52
baseline,0,early_invalid,77,0,14873,1160094,37.21
baseline,0,early_invalid,77,1,14873,1160094,37.58
baseline,0,early_invalid,77,2,14873,1160094,37.15
baseline,0,early_invalid,77,3,14873,1160094,37.20
baseline,0,early_invalid,77,4,14873,1160094,37.15
baseline,0,early_invalid,77,5,14873,1160094,37.19
baseline,0,early_invalid,77,6,14873,1160094,37.16
baseline,0,early_invalid,4112,0,502,2064726,1115.21
baseline,0,early_invalid,4112,1,502,2064726,1101.10
baseline,0,early_invalid,4112,2,502,2064726,1119.35
baseline,0,early_invalid,4112,3,502,2064726,1111.97
baseline,0,early_invalid,4112,4,502,2064726,1100.27
baseline,0,early_invalid,4112,5,502,2064726,1103.83
baseline,0,early_invalid,4112,6,502,2064726,1102.84
baseline,0,early_invalid,65552,0,64,4195392,18105.47
baseline,0,early_invalid,65552,1,64,4195392,17967.45
baseline,0,early_invalid,65552,2,64,4195392,18069.00
baseline,0,early_invalid,65552,3,64,4195392,17963.55
baseline,0,early_invalid,65552,4,64,4195392,17947.92
baseline,0,early_invalid,65552,5,64,4195392,18029.94
baseline,0,early_invalid,65552,6,64,4195392,18256.52
baseline,0,late_invalid,17,0,25890,466020,31.87
baseline,0,late_invalid,17,1,25890,466020,31.79
baseline,0,late_invalid,17,2,25890,466020,31.57
baseline,0,late_invalid,17,3,25890,466020,31.60
baseline,0,late_invalid,17,4,25890,466020,31.59
baseline,0,late_invalid,17,5,25890,466020,31.35
baseline,0,late_invalid,17,6,25890,466020,31.93
baseline,0,late_invalid,77,0,14873,1160094,32.09
baseline,0,late_invalid,77,1,14873,1160094,31.85
baseline,0,late_invalid,77,2,14873,1160094,31.93
baseline,0,late_invalid,77,3,14873,1160094,31.85
baseline,0,late_invalid,77,4,14873,1160094,31.89
baseline,0,late_invalid,77,5,14873,1160094,31.85
baseline,0,late_invalid,77,6,14873,1160094,32.25
baseline,0,late_invalid,4112,0,502,2064726,1099.10
baseline,0,late_invalid,4112,1,502,2064726,1094.04
baseline,0,late_invalid,4112,2,502,2064726,1094.12
baseline,0,late_invalid,4112,3,502,2064726,1094.37
baseline,0,late_invalid,4112,4,502,2064726,1083.58
baseline,0,late_invalid,4112,5,502,2064726,1084.25
baseline,0,late_invalid,4112,6,502,2064726,1082.75
baseline,0,late_invalid,65552,0,64,4195392,17777.98
baseline,0,late_invalid,65552,1,64,4195392,17776.69
baseline,0,late_invalid,65552,2,64,4195392,17675.14
baseline,0,late_invalid,65552,3,64,4195392,19287.77
baseline,0,late_invalid,65552,4,64,4195392,17693.36
baseline,0,late_invalid,65552,5,64,4195392,17837.89
baseline,0,late_invalid,65552,6,64,4195392,18128.27
baseline,0,mixed,10,0,28339,368407,36.86
baseline,0,mixed,10,1,28339,368407,36.55
baseline,0,mixed,10,2,28339,368407,36.75
baseline,0,mixed,10,3,28339,368407,36.56
baseline,0,mixed,10,4,28339,368407,36.55
baseline,0,mixed,10,5,28339,368407,36.55
baseline,0,mixed,10,6,28339,368407,36.85
baseline,0,mixed,70,0,15650,1424150,196.07
baseline,0,mixed,70,1,15650,1424150,193.75
baseline,0,mixed,70,2,15650,1424150,195.45
baseline,0,mixed,70,3,15650,1424150,195.88
baseline,0,mixed,70,4,15650,1424150,196.05
baseline,0,mixed,70,5,15650,1424150,197.28
baseline,0,mixed,70,6,15650,1424150,194.76
baseline,0,mixed,4100,0,503,2680990,10979.04
baseline,0,mixed,4100,1,503,2680990,10949.22
baseline,0,mixed,4100,2,503,2680990,10979.37
baseline,0,mixed,4100,3,503,2680990,10949.39
baseline,0,mixed,4100,4,503,2680990,10955.93
baseline,0,mixed,4100,5,503,2680990,10979.21
baseline,0,mixed,4100,6,503,2680990,10934.73
baseline,0,mixed,65540,0,64,5452928,174571.61
baseline,0,mixed,65540,1,64,5452928,174889.97
baseline,0,mixed,65540,2,64,5452928,173970.05
baseline,0,mixed,65540,3,64,5452928,174501.95
baseline,0,mixed,65540,4,64,5452928,174098.30
baseline,0,mixed,65540,5,64,5452928,174184.25
baseline,0,mixed,65540,6,64,5452928,174154.95
baseline,0,dense_invalid,8,0,29127,699048,52.86
baseline,0,dense_invalid,8,1,29127,699048,52.85
baseline,0,dense_invalid,8,2,29127,699048,52.87
baseline,0,dense_invalid,8,3,29127,699048,52.84
baseline,0,dense_invalid,8,4,29127,699048,52.86
baseline,0,dense_invalid,8,5,29127,699048,52.97
baseline,0,dense_invalid,8,6,29127,699048,53.88
baseline,0,dense_invalid,64,0,16384,3145728,365.62
baseline,0,dense_invalid,64,1,16384,3145728,369.39
baseline,0,dense_invalid,64,2,16384,3145728,365.35
baseline,0,dense_invalid,64,3,16384,3145728,365.09
baseline,0,dense_invalid,64,4,16384,3145728,365.04
baseline,0,dense_invalid,64,5,16384,3145728,365.23
baseline,0,dense_invalid,64,6,16384,3145728,365.11
baseline,0,dense_invalid,4096,0,504,6193152,21803.82
baseline,0,dense_invalid,4096,1,504,6193152,21803.82
baseline,0,dense_invalid,4096,2,504,6193152,21853.92
baseline,0,dense_invalid,4096,3,504,6193152,21838.62
baseline,0,dense_invalid,4096,4,504,6193152,21809.94
baseline,0,dense_invalid,4096,5,504,6193152,21817.88
baseline,0,dense_invalid,4096,6,504,6193152,21820.60
baseline,0,dense_invalid,65536,0,64,12582912,353676.42
baseline,0,dense_invalid,65536,1,64,12582912,355595.05
baseline,0,dense_invalid,65536,2,64,12582912,355575.53
baseline,0,dense_invalid,65536,3,64,12582912,356240.89
baseline,0,dense_invalid,65536,4,64,12582912,352393.88
baseline,0,dense_invalid,65536,5,64,12582912,349048.17
baseline,0,dense_invalid,65536,6,64,12582912,349072.27
candidate,1,ascii,0,0,32768,0,5.00
candidate,1,ascii,0,1,32768,0,5.05
candidate,1,ascii,0,2,32768,0,4.99
candidate,1,ascii,0,3,32768,0,5.18
candidate,1,ascii,0,4,32768,0,5.02
candidate,1,ascii,0,5,32768,0,5.00
candidate,1,ascii,0,6,32768,0,4.99
candidate,1,ascii,15,0,26546,398190,19.48
candidate,1,ascii,15,1,26546,398190,19.45
candidate,1,ascii,15,2,26546,398190,19.77
candidate,1,ascii,15,3,26546,398190,19.45
candidate,1,ascii,15,4,26546,398190,19.78
candidate,1,ascii,15,5,26546,398190,19.45
candidate,1,ascii,15,6,26546,398190,19.50
candidate,1,ascii,75,0,15087,1131525,19.93
candidate,1,ascii,75,1,15087,1131525,19.93
candidate,1,ascii,75,2,15087,1131525,19.93
candidate,1,ascii,75,3,15087,1131525,19.90
candidate,1,ascii,75,4,15087,1131525,19.95
candidate,1,ascii,75,5,15087,1131525,19.91
candidate,1,ascii,75,6,15087,1131525,19.90
candidate,1,ascii,4110,0,502,2063220,954.43
candidate,1,ascii,4110,1,502,2063220,953.27
candidate,1,ascii,4110,2,502,2063220,958.00
candidate,1,ascii,4110,3,502,2063220,986.39
candidate,1,ascii,4110,4,502,2063220,988.05
candidate,1,ascii,4110,5,502,2063220,984.56
candidate,1,ascii,4110,6,502,2063220,987.72
candidate,1,ascii,65550,0,64,4195200,15553.38
candidate,1,ascii,65550,1,64,4195200,15555.98
candidate,1,ascii,65550,2,64,4195200,15557.30
candidate,1,ascii,65550,3,64,4195200,15618.48
candidate,1,ascii,65550,4,64,4195200,15561.84
candidate,1,ascii,65550,5,64,4195200,15559.23
candidate,1,ascii,65550,6,64,4195200,15554.03
candidate,1,unicode,17,0,25890,440130,22.19
candidate,1,unicode,17,1,25890,440130,21.96
candidate,1,unicode,17,2,25890,440130,21.94
candidate,1,unicode,17,3,25890,440130,22.07
candidate,1,unicode,17,4,25890,440130,21.97
candidate,1,unicode,17,5,25890,440130,21.94
candidate,1,unicode,17,6,25890,440130,21.96
candidate,1,unicode,68,0,15887,1080316,53.80
candidate,1,unicode,68,1,15887,1080316,53.40
candidate,1,unicode,68,2,15887,1080316,54.44
candidate,1,unicode,68,3,15887,1080316,56.08
candidate,1,unicode,68,4,15887,1080316,53.90
candidate,1,unicode,68,5,15887,1080316,53.71
candidate,1,unicode,68,6,15887,1080316,53.76
candidate,1,unicode,4097,0,504,2064888,3489.67
candidate,1,unicode,4097,1,504,2064888,3490.82
candidate,1,unicode,4097,2,504,2064888,3503.06
candidate,1,unicode,4097,3,504,2064888,3490.90
candidate,1,unicode,4097,4,504,2064888,3497.77
candidate,1,unicode,4097,5,504,2064888,3502.15
candidate,1,unicode,4097,6,504,2064888,3490.82
candidate,1,unicode,65552,0,64,4195328,55448.56
candidate,1,unicode,65552,1,64,4195328,55474.61
candidate,1,unicode,65552,2,64,4195328,55546.22
candidate,1,unicode,65552,3,64,4195328,55440.11
candidate,1,unicode,65552,4,64,4195328,55546.23
candidate,1,unicode,65552,5,64,4195328,55444.67
candidate,1,unicode,65552,6,64,4195328,56091.80
candidate,1,early_invalid,17,0,25890,466020,32.83
candidate,1,early_invalid,17,1,25890,466020,33.07
candidate,1,early_invalid,17,2,25890,466020,32.81
candidate,1,early_invalid,17,3,25890,466020,32.79
candidate,1,early_invalid,17,4,25890,466020,32.80
candidate,1,early_invalid,17,5,25890,466020,32.82
candidate,1,early_invalid,17,6,25890,466020,33.05
candidate,1,early_invalid,77,0,14873,1160094,33.47
candidate,1,early_invalid,77,1,14873,1160094,33.42
candidate,1,early_invalid,77,2,14873,1160094,33.45
candidate,1,early_invalid,77,3,14873,1160094,33.62
candidate,1,early_invalid,77,4,14873,1160094,33.44
candidate,1,early_invalid,77,5,14873,1160094,33.41
candidate,1,early_invalid,77,6,14873,1160094,33.44
candidate,1,early_invalid,4112,0,502,2064726,1105.16
candidate,1,early_invalid,4112,1,502,2064726,1107.49
candidate,1,early_invalid,4112,2,502,2064726,1105.33
candidate,1,early_invalid,4112,3,502,2064726,1111.55
candidate,1,early_invalid,4112,4,502,2064726,1105.41
candidate,1,early_invalid,4112,5,502,2064726,1106.99
candidate,1,early_invalid,4112,6,502,2064726,1105.74
candidate,1,early_invalid,65552,0,64,4195392,18050.78
candidate,1,early_invalid,65552,1,64,4195392,17959.62
candidate,1,early_invalid,65552,2,64,4195392,17949.22
candidate,1,early_invalid,65552,3,64,4195392,17959.62
candidate,1,early_invalid,65552,4,64,4195392,18080.08
candidate,1,early_invalid,65552,5,64,4195392,17953.77
candidate,1,early_invalid,65552,6,64,4195392,17964.19
candidate,1,late_invalid,17,0,25890,466020,22.83
candidate,1,late_invalid,17,1,25890,466020,22.85
candidate,1,late_invalid,17,2,25890,466020,22.83
candidate,1,late_invalid,17,3,25890,466020,22.86
candidate,1,late_invalid,17,4,25890,466020,22.85
candidate,1,late_invalid,17,5,25890,466020,22.82
candidate,1,late_invalid,17,6,25890,466020,22.85
candidate,1,late_invalid,77,0,14873,1160094,22.58
candidate,1,late_invalid,77,1,14873,1160094,22.59
candidate,1,late_invalid,77,2,14873,1160094,22.75
candidate,1,late_invalid,77,3,14873,1160094,22.87
candidate,1,late_invalid,77,4,14873,1160094,22.58
candidate,1,late_invalid,77,5,14873,1160094,22.65
candidate,1,late_invalid,77,6,14873,1160094,22.57
candidate,1,late_invalid,4112,0,502,2064726,958.91
candidate,1,late_invalid,4112,1,502,2064726,957.75
candidate,1,late_invalid,4112,2,502,2064726,963.98
candidate,1,late_invalid,4112,3,502,2064726,958.67
candidate,1,late_invalid,4112,4,502,2064726,958.50
candidate,1,late_invalid,4112,5,502,2064726,959.74
candidate,1,late_invalid,4112,6,502,2064726,958.25
candidate,1,late_invalid,65552,0,64,4195392,15561.84
candidate,1,late_invalid,65552,1,64,4195392,15555.34
candidate,1,late_invalid,65552,2,64,4195392,15559.89
candidate,1,late_invalid,65552,3,64,4195392,16773.44
candidate,1,late_invalid,65552,4,64,4195392,15767.58
candidate,1,late_invalid,65552,5,64,4195392,15558.59
candidate,1,late_invalid,65552,6,64,4195392,15969.41
candidate,1,mixed,10,0,28339,368407,31.31
candidate,1,mixed,10,1,28339,368407,31.27
candidate,1,mixed,10,2,28339,368407,31.31
candidate,1,mixed,10,3,28339,368407,31.40
candidate,1,mixed,10,4,28339,368407,31.31
candidate,1,mixed,10,5,28339,368407,31.31
candidate,1,mixed,10,6,28339,368407,31.31
candidate,1,mixed,70,0,15650,1424150,185.24
candidate,1,mixed,70,1,15650,1424150,185.44
candidate,1,mixed,70,2,15650,1424150,185.29
candidate,1,mixed,70,3,15650,1424150,185.68
candidate,1,mixed,70,4,15650,1424150,185.50
candidate,1,mixed,70,5,15650,1424150,185.71
candidate,1,mixed,70,6,15650,1424150,185.27
candidate,1,mixed,4100,0,503,2680990,10529.08
candidate,1,mixed,4100,1,503,2680990,10546.30
candidate,1,mixed,4100,2,503,2680990,10533.80
candidate,1,mixed,4100,3,503,2680990,10539.60
candidate,1,mixed,4100,4,503,2680990,10537.94
candidate,1,mixed,4100,5,503,2680990,10538.44
candidate,1,mixed,4100,6,503,2680990,10542.33
candidate,1,mixed,65540,0,64,5452928,168847.66
candidate,1,mixed,65540,1,64,5452928,169166.66
candidate,1,mixed,65540,2,64,5452928,168819.66
candidate,1,mixed,65540,3,64,5452928,168398.44
candidate,1,mixed,65540,4,64,5452928,168402.34
candidate,1,mixed,65540,5,64,5452928,169085.28
candidate,1,mixed,65540,6,64,5452928,168128.27
candidate,1,dense_invalid,8,0,29127,699048,51.61
candidate,1,dense_invalid,8,1,29127,699048,51.49
candidate,1,dense_invalid,8,2,29127,699048,51.42
candidate,1,dense_invalid,8,3,29127,699048,51.60
candidate,1,dense_invalid,8,4,29127,699048,51.40
candidate,1,dense_invalid,8,5,29127,699048,51.39
candidate,1,dense_invalid,8,6,29127,699048,51.41
candidate,1,dense_invalid,64,0,16384,3145728,364.50
candidate,1,dense_invalid,64,1,16384,3145728,363.92
candidate,1,dense_invalid,64,2,16384,3145728,365.02
candidate,1,dense_invalid,64,3,16384,3145728,363.87
candidate,1,dense_invalid,64,4,16384,3145728,367.97
candidate,1,dense_invalid,64,5,16384,3145728,364.57
candidate,1,dense_invalid,64,6,16384,3145728,367.12
candidate,1,dense_invalid,4096,0,504,6193152,22051.09
candidate,1,dense_invalid,4096,1,504,6193152,21885.66
candidate,1,dense_invalid,4096,2,504,6193152,21872.68
candidate,1,dense_invalid,4096,3,504,6193152,21891.87
candidate,1,dense_invalid,4096,4,504,6193152,21885.75
candidate,1,dense_invalid,4096,5,504,6193152,21914.76
candidate,1,dense_invalid,4096,6,504,6193152,21909.64
candidate,1,dense_invalid,65536,0,64,12582912,349972.00
candidate,1,dense_invalid,65536,1,64,12582912,350785.16
candidate,1,dense_invalid,65536,2,64,12582912,350083.98
candidate,1,dense_invalid,65536,3,64,12582912,350325.53
candidate,1,dense_invalid,65536,4,64,12582912,350208.33
candidate,1,dense_invalid,65536,5,64,12582912,354893.88
candidate,1,dense_invalid,65536,6,64,12582912,350571.61
candidate,2,ascii,0,0,32768,0,5.00
candidate,2,ascii,0,1,32768,0,5.00
candidate,2,ascii,0,2,32768,0,4.99
candidate,2,ascii,0,3,32768,0,5.02
candidate,2,ascii,0,4,32768,0,4.99
candidate,2,ascii,0,5,32768,0,4.99
candidate,2,ascii,0,6,32768,0,5.00
candidate,2,ascii,15,0,26546,398190,19.78
candidate,2,ascii,15,1,26546,398190,19.46
candidate,2,ascii,15,2,26546,398190,19.67
candidate,2,ascii,15,3,26546,398190,19.65
candidate,2,ascii,15,4,26546,398190,19.66
candidate,2,ascii,15,5,26546,398190,19.45
candidate,2,ascii,15,6,26546,398190,20.02
candidate,2,ascii,75,0,15087,1131525,19.92
candidate,2,ascii,75,1,15087,1131525,19.92
candidate,2,ascii,75,2,15087,1131525,19.98
candidate,2,ascii,75,3,15087,1131525,19.93
candidate,2,ascii,75,4,15087,1131525,19.94
candidate,2,ascii,75,5,15087,1131525,19.95
candidate,2,ascii,75,6,15087,1131525,19.93
candidate,2,ascii,4110,0,502,2063220,956.42
candidate,2,ascii,4110,1,502,2063220,954.43
candidate,2,ascii,4110,2,502,2063220,952.77
candidate,2,ascii,4110,3,502,2063220,954.68
candidate,2,ascii,4110,4,502,2063220,952.69
candidate,2,ascii,4110,5,502,2063220,954.26
candidate,2,ascii,4110,6,502,2063220,953.19
candidate,2,ascii,65550,0,64,4195200,15566.41
candidate,2,ascii,65550,1,64,4195200,15731.12
candidate,2,ascii,65550,2,64,4195200,15836.59
candidate,2,ascii,65550,3,64,4195200,15748.70
candidate,2,ascii,65550,4,64,4195200,15572.91
candidate,2,ascii,65550,5,64,4195200,16011.72
candidate,2,ascii,65550,6,64,4195200,16251.95
candidate,2,unicode,17,0,25890,440130,21.96
candidate,2,unicode,17,1,25890,440130,22.25
candidate,2,unicode,17,2,25890,440130,22.07
candidate,2,unicode,17,3,25890,440130,22.15
candidate,2,unicode,17,4,25890,440130,22.17
candidate,2,unicode,17,5,25890,440130,22.15
candidate,2,unicode,17,6,25890,440130,21.93
candidate,2,unicode,68,0,15887,1080316,53.78
candidate,2,unicode,68,1,15887,1080316,53.50
candidate,2,unicode,68,2,15887,1080316,54.26
candidate,2,unicode,68,3,15887,1080316,53.75
candidate,2,unicode,68,4,15887,1080316,54.07
candidate,2,unicode,68,5,15887,1080316,53.43
candidate,2,unicode,68,6,15887,1080316,53.37
candidate,2,unicode,4097,0,504,2064888,3507.19
candidate,2,unicode,4097,1,504,2064888,3507.52
candidate,2,unicode,4097,2,504,2064888,3523.73
candidate,2,unicode,4097,3,504,2064888,3511.57
candidate,2,unicode,4097,4,504,2064888,3500.08
candidate,2,unicode,4097,5,504,2064888,3491.15
candidate,2,unicode,4097,6,504,2064888,3511.49
candidate,2,unicode,65552,0,64,4195328,55466.14
candidate,2,unicode,65552,1,64,4195328,55727.88
candidate,2,unicode,65552,2,64,4195328,55986.33
candidate,2,unicode,65552,3,64,4195328,55491.53
candidate,2,unicode,65552,4,64,4195328,55589.84
candidate,2,unicode,65552,5,64,4195328,55540.36
candidate,2,unicode,65552,6,64,4195328,55889.33
candidate,2,early_invalid,17,0,25890,466020,36.91
candidate,2,early_invalid,17,1,25890,466020,33.08
candidate,2,early_invalid,17,2,25890,466020,33.56
candidate,2,early_invalid,17,3,25890,466020,34.44
candidate,2,early_invalid,17,4,25890,466020,33.18
candidate,2,early_invalid,17,5,25890,466020,33.02
candidate,2,early_invalid,17,6,25890,466020,32.81
candidate,2,early_invalid,77,0,14873,1160094,33.97
candidate,2,early_invalid,77,1,14873,1160094,33.44
candidate,2,early_invalid,77,2,14873,1160094,34.54
candidate,2,early_invalid,77,3,14873,1160094,33.59
candidate,2,early_invalid,77,4,14873,1160094,33.62
candidate,2,early_invalid,77,5,14873,1160094,33.40
candidate,2,early_invalid,77,6,14873,1160094,34.20
candidate,2,early_invalid,4112,0,502,2064726,1107.74
candidate,2,early_invalid,4112,1,502,2064726,1115.62
candidate,2,early_invalid,4112,2,502,2064726,1104.75
candidate,2,early_invalid,4112,3,502,2064726,1106.66
candidate,2,early_invalid,4112,4,502,2064726,1105.16
candidate,2,early_invalid,4112,5,502,2064726,1116.12
candidate,2,early_invalid,4112,6,502,2064726,1118.28
candidate,2,early_invalid,65552,0,64,4195392,17971.36
candidate,2,early_invalid,65552,1,64,4195392,18062.50
candidate,2,early_invalid,65552,2,64,4195392,17985.03
candidate,2,early_invalid,65552,3,64,4195392,17970.05
candidate,2,early_invalid,65552,4,64,4195392,18005.20
candidate,2,early_invalid,65552,5,64,4195392,18200.52
candidate,2,early_invalid,65552,6,64,4195392,17999.34
candidate,2,late_invalid,17,0,25890,466020,22.80
candidate,2,late_invalid,17,1,25890,466020,23.23
candidate,2,late_invalid,17,2,25890,466020,22.80
candidate,2,late_invalid,17,3,25890,466020,22.84
candidate,2,late_invalid,17,4,25890,466020,22.83
candidate,2,late_invalid,17,5,25890,466020,22.80
candidate,2,late_invalid,17,6,25890,466020,23.37
candidate,2,late_invalid,77,0,14873,1160094,22.58
candidate,2,late_invalid,77,1,14873,1160094,22.63
candidate,2,late_invalid,77,2,14873,1160094,22.58
candidate,2,late_invalid,77,3,14873,1160094,22.58
candidate,2,late_invalid,77,4,14873,1160094,22.62
candidate,2,late_invalid,77,5,14873,1160094,22.58
candidate,2,late_invalid,77,6,14873,1160094,22.58
candidate,2,late_invalid,4112,0,502,2064726,959.33
candidate,2,late_invalid,4112,1,502,2064726,957.59
candidate,2,late_invalid,4112,2,502,2064726,958.75
candidate,2,late_invalid,4112,3,502,2064726,957.67
candidate,2,late_invalid,4112,4,502,2064726,964.39
candidate,2,late_invalid,4112,5,502,2064726,957.50
candidate,2,late_invalid,4112,6,502,2064726,958.83
candidate,2,late_invalid,65552,0,64,4195392,15723.97
candidate,2,late_invalid,65552,1,64,4195392,15567.70
candidate,2,late_invalid,65552,2,64,4195392,15626.95
candidate,2,late_invalid,65552,3,64,4195392,17287.77
candidate,2,late_invalid,65552,4,64,4195392,15665.36
candidate,2,late_invalid,65552,5,64,4195392,15575.52
candidate,2,late_invalid,65552,6,64,4195392,15725.27
candidate,2,mixed,10,0,28339,368407,31.26
candidate,2,mixed,10,1,28339,368407,31.26
candidate,2,mixed,10,2,28339,368407,31.25
candidate,2,mixed,10,3,28339,368407,31.23
candidate,2,mixed,10,4,28339,368407,31.79
candidate,2,mixed,10,5,28339,368407,31.34
candidate,2,mixed,10,6,28339,368407,31.26
candidate,2,mixed,70,0,15650,1424150,186.37
candidate,2,mixed,70,1,15650,1424150,186.53
candidate,2,mixed,70,2,15650,1424150,188.15
candidate,2,mixed,70,3,15650,1424150,185.98
candidate,2,mixed,70,4,15650,1424150,185.58
candidate,2,mixed,70,5,15650,1424150,187.63
candidate,2,mixed,70,6,15650,1424150,186.40
candidate,2,mixed,4100,0,503,2680990,10554.67
candidate,2,mixed,4100,1,503,2680990,10625.08
candidate,2,mixed,4100,2,503,2680990,10555.09
candidate,2,mixed,4100,3,503,2680990,10618.29
candidate,2,mixed,4100,4,503,2680990,10548.96
candidate,2,mixed,4100,5,503,2680990,10649.77
candidate,2,mixed,4100,6,503,2680990,10541.09
candidate,2,mixed,65540,0,64,5452928,169714.84
candidate,2,mixed,65540,1,64,5452928,169107.42
candidate,2,mixed,65540,2,64,5452928,170253.25
candidate,2,mixed,65540,3,64,5452928,169438.80
candidate,2,mixed,65540,4,64,5452928,169658.20
candidate,2,mixed,65540,5,64,5452928,169320.97
candidate,2,mixed,65540,6,64,5452928,170171.22
candidate,2,dense_invalid,8,0,29127,699048,51.54
candidate,2,dense_invalid,8,1,29127,699048,51.33
candidate,2,dense_invalid,8,2,29127,699048,51.58
candidate,2,dense_invalid,8,3,29127,699048,51.66
candidate,2,dense_invalid,8,4,29127,699048,51.49
candidate,2,dense_invalid,8,5,29127,699048,51.37
candidate,2,dense_invalid,8,6,29127,699048,51.40
candidate,2,dense_invalid,64,0,16384,3145728,365.95
candidate,2,dense_invalid,64,1,16384,3145728,364.84
candidate,2,dense_invalid,64,2,16384,3145728,365.53
candidate,2,dense_invalid,64,3,16384,3145728,364.98
candidate,2,dense_invalid,64,4,16384,3145728,365.08
candidate,2,dense_invalid,64,5,16384,3145728,365.27
candidate,2,dense_invalid,64,6,16384,3145728,364.63
candidate,2,dense_invalid,4096,0,504,6193152,21837.38
candidate,2,dense_invalid,4096,1,504,6193152,21880.54
candidate,2,dense_invalid,4096,2,504,6193152,21903.36
candidate,2,dense_invalid,4096,3,504,6193152,21883.76
candidate,2,dense_invalid,4096,4,504,6193152,21883.52
candidate,2,dense_invalid,4096,5,504,6193152,22011.08
candidate,2,dense_invalid,4096,6,504,6193152,21957.09
candidate,2,dense_invalid,65536,0,64,12582912,350406.91
candidate,2,dense_invalid,65536,1,64,12582912,349143.23
candidate,2,dense_invalid,65536,2,64,12582912,349807.94
candidate,2,dense_invalid,65536,3,64,12582912,355704.42
candidate,2,dense_invalid,65536,4,64,12582912,349832.69
candidate,2,dense_invalid,65536,5,64,12582912,349408.86
candidate,2,dense_invalid,65536,6,64,12582912,349022.78
baseline,3,ascii,0,0,32768,0,3.43
baseline,3,ascii,0,1,32768,0,3.43
baseline,3,ascii,0,2,32768,0,3.48
baseline,3,ascii,0,3,32768,0,3.44
baseline,3,ascii,0,4,32768,0,3.43
baseline,3,ascii,0,5,32768,0,3.43
baseline,3,ascii,0,6,32768,0,3.43
baseline,3,ascii,15,0,26546,398190,26.87
baseline,3,ascii,15,1,26546,398190,26.84
baseline,3,ascii,15,2,26546,398190,26.87
baseline,3,ascii,15,3,26546,398190,26.96
baseline,3,ascii,15,4,26546,398190,27.07
baseline,3,ascii,15,5,26546,398190,26.84
baseline,3,ascii,15,6,26546,398190,26.87
baseline,3,ascii,75,0,15087,1131525,29.24
baseline,3,ascii,75,1,15087,1131525,29.26
baseline,3,ascii,75,2,15087,1131525,29.54
baseline,3,ascii,75,3,15087,1131525,29.34
baseline,3,ascii,75,4,15087,1131525,29.23
baseline,3,ascii,75,5,15087,1131525,29.10
baseline,3,ascii,75,6,15087,1131525,28.99
baseline,3,ascii,4110,0,502,2063220,1077.52
baseline,3,ascii,4110,1,502,2063220,1085.74
baseline,3,ascii,4110,2,502,2063220,1075.03
baseline,3,ascii,4110,3,502,2063220,1073.13
baseline,3,ascii,4110,4,502,2063220,1102.34
baseline,3,ascii,4110,5,502,2063220,1070.30
baseline,3,ascii,4110,6,502,2063220,1082.34
baseline,3,ascii,65550,0,64,4195200,17942.72
baseline,3,ascii,65550,1,64,4195200,17741.53
baseline,3,ascii,65550,2,64,4195200,17851.56
baseline,3,ascii,65550,3,64,4195200,18044.92
baseline,3,ascii,65550,4,64,4195200,18118.48
baseline,3,ascii,65550,5,64,4195200,17718.11
baseline,3,ascii,65550,6,64,4195200,17670.58
baseline,3,unicode,17,0,25890,440130,34.68
baseline,3,unicode,17,1,25890,440130,34.67
baseline,3,unicode,17,2,25890,440130,34.67
baseline,3,unicode,17,3,25890,440130,34.91
baseline,3,unicode,17,4,25890,440130,34.79
baseline,3,unicode,17,5,25890,440130,34.68
baseline,3,unicode,17,6,25890,440130,34.65
baseline,3,unicode,68,0,15887,1080316,96.22
baseline,3,unicode,68,1,15887,1080316,96.18
baseline,3,unicode,68,2,15887,1080316,96.42
baseline,3,unicode,68,3,15887,1080316,96.61
baseline,3,unicode,68,4,15887,1080316,96.18
baseline,3,unicode,68,5,15887,1080316,96.23
baseline,3,unicode,68,6,15887,1080316,96.18
baseline,3,unicode,4097,0,504,2064888,6071.76
baseline,3,unicode,4097,1,504,2064888,6066.72
baseline,3,unicode,4097,2,504,2064888,6060.76
baseline,3,unicode,4097,3,504,2064888,6071.76
baseline,3,unicode,4097,4,504,2064888,6071.43
baseline,3,unicode,4097,5,504,2064888,6066.30
baseline,3,unicode,4097,6,504,2064888,6061.76
baseline,3,unicode,65552,0,64,4195328,96562.50
baseline,3,unicode,65552,1,64,4195328,96611.33
baseline,3,unicode,65552,2,64,4195328,96653.00
baseline,3,unicode,65552,3,64,4195328,96769.55
baseline,3,unicode,65552,4,64,4195328,96529.95
baseline,3,unicode,65552,5,64,4195328,96835.30
baseline,3,unicode,65552,6,64,4195328,97557.94
baseline,3,early_invalid,17,0,25890,466020,36.66
baseline,3,early_invalid,17,1,25890,466020,36.54
baseline,3,early_invalid,17,2,25890,466020,36.55
baseline,3,early_invalid,17,3,25890,466020,36.55
baseline,3,early_invalid,17,4,25890,466020,36.56
baseline,3,early_invalid,17,5,25890,466020,36.54
baseline,3,early_invalid,17,6,25890,466020,36.55
baseline,3,early_invalid,77,0,14873,1160094,37.15
baseline,3,early_invalid,77,1,14873,1160094,37.19
baseline,3,early_invalid,77,2,14873,1160094,37.15
baseline,3,early_invalid,77,3,14873,1160094,37.41
baseline,3,early_invalid,77,4,14873,1160094,37.34
baseline,3,early_invalid,77,5,14873,1160094,37.30
baseline,3,early_invalid,77,6,14873,1160094,37.20
baseline,3,early_invalid,4112,0,502,2064726,1104.00
baseline,3,early_invalid,4112,1,502,2064726,1105.00
baseline,3,early_invalid,4112,2,502,2064726,1116.53
baseline,3,early_invalid,4112,3,502,2064726,1105.58
baseline,3,early_invalid,4112,4,502,2064726,1104.42
baseline,3,early_invalid,4112,5,502,2064726,1106.16
baseline,3,early_invalid,4112,6,502,2064726,1105.66
baseline,3,early_invalid,65552,0,64,4195392,17962.89
baseline,3,early_invalid,65552,1,64,4195392,17977.22
baseline,3,early_invalid,65552,2,64,4195392,18021.48
baseline,3,early_invalid,65552,3,64,4195392,17980.47
baseline,3,early_invalid,65552,4,64,4195392,18075.52
baseline,3,early_invalid,65552,5,64,4195392,17981.77
baseline,3,early_invalid,65552,6,64,4195392,17983.72
baseline,3,late_invalid,17,0,25890,466020,31.33
baseline,3,late_invalid,17,1,25890,466020,31.36
baseline,3,late_invalid,17,2,25890,466020,31.79
baseline,3,late_invalid,17,3,25890,466020,31.37
baseline,3,late_invalid,17,4,25890,466020,31.36
baseline,3,late_invalid,17,5,25890,466020,31.39
baseline,3,late_invalid,17,6,25890,466020,31.39
baseline,3,late_invalid,77,0,14873,1160094,31.89
baseline,3,late_invalid,77,1,14873,1160094,31.84
baseline,3,late_invalid,77,2,14873,1160094,31.88
baseline,3,late_invalid,77,3,14873,1160094,31.84
baseline,3,late_invalid,77,4,14873,1160094,31.88
baseline,3,late_invalid,77,5,14873,1160094,31.84
baseline,3,late_invalid,77,6,14873,1160094,31.88
baseline,3,late_invalid,4112,0,502,2064726,1081.84
baseline,3,late_invalid,4112,1,502,2064726,1084.83
baseline,3,late_invalid,4112,2,502,2064726,1088.40
baseline,3,late_invalid,4112,3,502,2064726,1082.84
baseline,3,late_invalid,4112,4,502,2064726,1082.50
baseline,3,late_invalid,4112,5,502,2064726,1083.00
baseline,3,late_invalid,4112,6,502,2064726,1082.34
baseline,3,late_invalid,65552,0,64,4195392,17690.09
baseline,3,late_invalid,65552,1,64,4195392,17697.92
baseline,3,late_invalid,65552,2,64,4195392,17686.86
baseline,3,late_invalid,65552,3,64,4195392,19087.23
baseline,3,late_invalid,65552,4,64,4195392,17809.25
baseline,3,late_invalid,65552,5,64,4195392,17698.56
baseline,3,late_invalid,65552,6,64,4195392,17865.88
baseline,3,mixed,10,0,28339,368407,36.65
baseline,3,mixed,10,1,28339,368407,36.66
baseline,3,mixed,10,2,28339,368407,36.54
baseline,3,mixed,10,3,28339,368407,36.54
baseline,3,mixed,10,4,28339,368407,36.54
baseline,3,mixed,10,5,28339,368407,36.54
baseline,3,mixed,10,6,28339,368407,36.54
baseline,3,mixed,70,0,15650,1424150,194.25
baseline,3,mixed,70,1,15650,1424150,193.56
baseline,3,mixed,70,2,15650,1424150,193.72
baseline,3,mixed,70,3,15650,1424150,194.97
baseline,3,mixed,70,4,15650,1424150,195.24
baseline,3,mixed,70,5,15650,1424150,197.07
baseline,3,mixed,70,6,15650,1424150,193.72
baseline,3,mixed,4100,0,503,2680990,10911.28
baseline,3,mixed,4100,1,503,2680990,10926.36
baseline,3,mixed,4100,2,503,2680990,10911.12
baseline,3,mixed,4100,3,503,2680990,10938.04
baseline,3,mixed,4100,4,503,2680990,10920.73
baseline,3,mixed,4100,5,503,2680990,10921.97
baseline,3,mixed,4100,6,503,2680990,10916.92
baseline,3,mixed,65540,0,64,5452928,174135.42
baseline,3,mixed,65540,1,64,5452928,174043.62
baseline,3,mixed,65540,2,64,5452928,174117.84
baseline,3,mixed,65540,3,64,5452928,173950.52
baseline,3,mixed,65540,4,64,5452928,173930.98
baseline,3,mixed,65540,5,64,5452928,174104.83
baseline,3,mixed,65540,6,64,5452928,173858.73
baseline,3,dense_invalid,8,0,29127,699048,52.85
baseline,3,dense_invalid,8,1,29127,699048,52.95
baseline,3,dense_invalid,8,2,29127,699048,52.85
baseline,3,dense_invalid,8,3,29127,699048,52.83
baseline,3,dense_invalid,8,4,29127,699048,52.86
baseline,3,dense_invalid,8,5,29127,699048,53.43
baseline,3,dense_invalid,8,6,29127,699048,54.02
baseline,3,dense_invalid,64,0,16384,3145728,365.33
baseline,3,dense_invalid,64,1,16384,3145728,365.90
baseline,3,dense_invalid,64,2,16384,3145728,365.49
baseline,3,dense_invalid,64,3,16384,3145728,365.70
baseline,3,dense_invalid,64,4,16384,3145728,365.51
baseline,3,dense_invalid,64,5,16384,3145728,365.76
baseline,3,dense_invalid,64,6,16384,3145728,369.96
baseline,3,dense_invalid,4096,0,504,6193152,22213.05
baseline,3,dense_invalid,4096,1,504,6193152,22225.36
baseline,3,dense_invalid,4096,2,504,6193152,22139.38
baseline,3,dense_invalid,4096,3,504,6193152,22074.49
baseline,3,dense_invalid,4096,4,504,6193152,22070.02
baseline,3,dense_invalid,4096,5,504,6193152,22215.53
baseline,3,dense_invalid,4096,6,504,6193152,22218.92
baseline,3,dense_invalid,65536,0,64,12582912,350768.23
baseline,3,dense_invalid,65536,1,64,12582912,348868.50
baseline,3,dense_invalid,65536,2,64,12582912,348889.33
baseline,3,dense_invalid,65536,3,64,12582912,349535.16
baseline,3,dense_invalid,65536,4,64,12582912,349753.27
baseline,3,dense_invalid,65536,5,64,12582912,348909.52
baseline,3,dense_invalid,65536,6,64,12582912,349080.08
